common_voice_pt_21692902|Convidando especialistas e acadêmicos relevantes
common_voice_pt_21692903|Suas probabilidades de observação são calculadas como um produto de probabilidades de pixels.
common_voice_pt_21692904|Continuação da vida
common_voice_pt_21692905|Oh? eles estão rindo de mim.
common_voice_pt_21692906|Você é um hipnotizador?
common_voice_pt_21692912|De volta ao nosso plano original? eu acho.
common_voice_pt_21692913|Reserve uma reserva para oito pessoas em Dakota do Norte
common_voice_pt_21692914|Precisa do governo central para ajudar
common_voice_pt_21692915|Um menino em uma camisa listrada e um chapéu faz truques nas etapas.
common_voice_pt_21692916|Caiu à tarde.
common_voice_pt_21692917|Muito mais é aprendido olhando os livros de decoração.
common_voice_pt_21692918|Eu não o vejo.
common_voice_pt_21692919|Foi algo que pensei que poderia acontecer apenas com os outros? nunca para mim.
common_voice_pt_21692920|Os Filhos da Terra foram amados.
common_voice_pt_21692921|um cão nada perto de patos.
common_voice_pt_21692927|Quer andar para Nova York?
common_voice_pt_21692928|cada um está tomando o cenário? com as bonitas Luzes.
common_voice_pt_21692929|Receio que este evento seja apenas por convite, senhor.
common_voice_pt_21692930|Essa é a questão. Há o problema.
common_voice_pt_21692931|Precisamos de mais privacidade online.
common_voice_pt_21692937|Uma mulher com dor no quarto dela.
common_voice_pt_21692938|O prêmio mais confiável do mundo
common_voice_pt_21692939|Alguém havia devolvido meu cartão de crédito perdido ao banco.
common_voice_pt_21692940|Três dias se passaram, desde a última visita.
common_voice_pt_21692941|Vamos ajudar as crianças primeiro.
common_voice_pt_21718755|dois
common_voice_pt_21718756|Robert é o rei do recreio.
common_voice_pt_21718757|O velho com uma bengala está ouvindo um walkman.
common_voice_pt_21718758|Foi um pacote de dinheiro.
common_voice_pt_21718759|Eles ficaram aliviados e felizes.
common_voice_pt_21719502|Chefe da sua escola
common_voice_pt_21719503|Roubar um porco? e entregar os pés em esmolas a Deus.
common_voice_pt_21719504|Vamos procurar por isso agora mesmo.
common_voice_pt_21719505|Eu vou estudar redes neurais neste final de semana.
common_voice_pt_21719506|O edifício e o que?
common_voice_pt_21740203|Mesmo se você pensa assim
common_voice_pt_21740204|Empréstimo sob o teto dos outros
common_voice_pt_21740205|E esse não é o caso.
common_voice_pt_21740206|Isso é incrível!
common_voice_pt_21740208|Faça algumas verificações de dados duplicadas
common_voice_pt_21740233|Uma mulher dançando vestindo branco na frente de uma fonte.
common_voice_pt_21740234|As rosas competem em eventos esportivos?
common_voice_pt_21740235|Esta invenção pode significar o fim de todas as doenças.
common_voice_pt_21740236|As linhas de trem ofereciam um caminho fácil para seguir.
common_voice_pt_21740237|Não é fácil!
common_voice_pt_21740268|Recolhidos na entrada
common_voice_pt_21740270|Nós batemos o país inteiro nessa história.
common_voice_pt_21740271|Vender a privacidade é conveniente
common_voice_pt_21740272|As pessoas estão se enfrentando enquanto jogam futebol.
common_voice_pt_21740293|Um lutador masculino americano fixando seu oponente.
common_voice_pt_21740339|Dê a ela as obras.
common_voice_pt_21740340|Ele estava vendendo melhor do que nunca.
common_voice_pt_21740341|O motor do carro se apoderou.
common_voice_pt_21740342|A pesquisa estava em progresso.
common_voice_pt_21742625|Meus meninos e meninas estão lá.
common_voice_pt_21742626|Só existe uma maneira de aprender?, respondeu o alquimista.
common_voice_pt_21742627|Talvez ele não deva chamar nomes de pessoas que eles não querem ser chamados.
common_voice_pt_21742628|A goteira inundou a casa inteira
common_voice_pt_21742629|Que tipo de prova é que?
common_voice_pt_21751623|Você sabe quando você está realmente solitário?
common_voice_pt_21751626|Mostrando um pequeno sorriso triste
common_voice_pt_21751628|A natureza é bela.
common_voice_pt_21751629|Ninguém sabe o que há por trás desse portão.
common_voice_pt_21751630|Não é do vento que eu falei.
common_voice_pt_21751636|Novo laptop agora
common_voice_pt_21751637|O dano deve ser mais grave
common_voice_pt_21751638|qual é o problema com as pessoas deste mundo
common_voice_pt_21751639|Uma parceria entre as companias seria o ideal.
common_voice_pt_21751640|Uma jovem está descendo uma colina coberta de neve.
common_voice_pt_21751651|Você precisa completar este arranjo com os ensinamentos do acordeão diatônico.
common_voice_pt_21751652|Sempre feche a porta do celeiro com força.
common_voice_pt_21751653|Ainda temos muitos empréstimos para pagar.
common_voice_pt_21751654|Você só deve deixar passar frases perfeitamente soletradas.
common_voice_pt_21751655|Muitas pessoas assistem a um desfile ao lado de uma rua.
common_voice_pt_21751666|A prima dela está namorando com o Carlos.
common_voice_pt_21751667|Um homem e duas mulheres em uma motocicleta.
common_voice_pt_21751668|Todos os órgãos estão expostos em nossa sala de exposições.
common_voice_pt_21751669|Uma vida sem amor é uma morte viva.
common_voice_pt_21751670|Depressa, ele está um pouco irritado.
common_voice_pt_21751686|Estou nisso há mais de dois anos e ainda estou descobrindo novas ideias.
common_voice_pt_21751687|Vai chover amanhã?
common_voice_pt_21751688|Duas garotas em vestidos rindo.
common_voice_pt_21751689|A imagem mostra várias pessoas comendo em mesas ao ar livre.
common_voice_pt_21751690|Mas ele certamente não desejava que um exército invadisse o oásis.
common_voice_pt_21751706|Eu claramente fui discriminada por causa do meu sexo, reclamou a feminista.
common_voice_pt_21751707|A criança pequena branca está perto do carro de esportes verde.
common_voice_pt_21751708|É difícil ficar doente quando você é velho.
common_voice_pt_21751709|Sem ofensa?, mas sua agilidade deixa muito a desejar.
common_voice_pt_21751711|A cruz tem um grande significado no cristianismo.
common_voice_pt_21751719|Hoje está frio
common_voice_pt_21751720|Eu me sinto bem agora.
common_voice_pt_21751721|Algumas roupas não dizem nada, mas dizem tudo.
common_voice_pt_21751723|Boa tarde, pessoal!
common_voice_pt_21751731|Eu digo que não saímos mais.
common_voice_pt_21751732|Deve estar congelado.
common_voice_pt_21751733|Como você encontra
common_voice_pt_21751734|Eu devo a eles mais de um milhão
common_voice_pt_21751735|Eu acho que você é mais barato.
common_voice_pt_21751741|Mídia cultural: papéis, vozes e imagens que atingem o público.
common_voice_pt_21751742|O motorista do camelo entendeu o que o garoto estava dizendo.
common_voice_pt_21751743|O arrependimento tardio traz novo dano.
common_voice_pt_21751744|sim
common_voice_pt_21751745|O mais áspero riu com vontade.
common_voice_pt_21751757|Você não está enganando ninguém.
common_voice_pt_21751758|A primeira turma será composta pelos ricos.
common_voice_pt_21751759|Você não é capaz disto
common_voice_pt_21751761|Um esquiador em vermelho está alto no ar.
common_voice_pt_21751762|Um assistente segura os pés e os fixa no chão.
common_voice_pt_21751763|Você tem o cérebro de uma panqueca.
common_voice_pt_21751765|Relâmpagos no mar, vento no chão.
common_voice_pt_21751766|Ela gosta da vida no país
common_voice_pt_21751772|Ambos eram espertos demais para nós!
common_voice_pt_21751773|Túnel de tempo paralelo
common_voice_pt_21751774|Jovem mulher comemorando a formatura dela.
common_voice_pt_21751775|Ela fala cinco idiomas, mas fluentemente.
common_voice_pt_21751776|Três homens detidos na segunda-feira permanecem sob custódia.
common_voice_pt_21751782|Alguém pode me dizer o que está acontecendo?
common_voice_pt_21751783|No começo, estudar correlação em gráficos é difícil para mim.
common_voice_pt_21751784|Não seria legal se fôssemos assim?
common_voice_pt_21751785|Qual língua é falada em Angola?
common_voice_pt_21751786|Ouça o solo desta guitarra!
common_voice_pt_21751792|Eu não quero nada para mim mesmo.
common_voice_pt_21751793|Sinta que você pode viver por um dia
common_voice_pt_21751795|Muito obrigado.
common_voice_pt_21751796|No bêbado fino você não precisa de água ou vinho.
common_voice_pt_21751797|O menino alcançou a pequena igreja abandonada quando a noite estava caindo.
common_voice_pt_21751808|Diga a ela que eu a elegi e posso ter seu impeachment!
common_voice_pt_21751809|Macho branco novo que prepara o alimento na parte superior do fogão.
common_voice_pt_21751810|O inglês não conseguiu dormir uma noite.
common_voice_pt_21751811|Por que você não se opôs quando conseguiu?
common_voice_pt_21751812|Olhe atentamente para o da esquerda.
common_voice_pt_21751818|Felipe e Lorenzo, ambos eram chegados.
common_voice_pt_21751819|Houve um movimento geral para trás.
common_voice_pt_21751821|Este computador custa dois mil dólares.
common_voice_pt_21751822|Quando o namorado se torna marido
common_voice_pt_21751828|Ela resolveu o enigma sozinha?
common_voice_pt_21751829|Você terá que acordá-lo.
common_voice_pt_21751831|Eu disse boa noite.
common_voice_pt_21751832|Muito assustado em meu coração
common_voice_pt_21751833|Será definitivamente resolvido através de procedimentos legais
common_voice_pt_21751834|Ela comprou pepinos no mercado.
common_voice_pt_21751835|Nós vivemos das nossas raízes e não dos nossos ramos.
common_voice_pt_21751836|Nós saímos com um tapa no pulso.
common_voice_pt_21751837|Há também um casal japonês
common_voice_pt_21751838|Eles têm salsichas baratas e batatas fritas na cervejaria amanhã.
common_voice_pt_21751839|O estudo da sociologia.
common_voice_pt_21751840|Você vê o que eu tive que aguentar?
common_voice_pt_21751841|Um jogador de beisebol de Atlanta está usando uma luva no campo interno.
common_voice_pt_21751842|Os gases do tráfego eram insuportáveis.
common_voice_pt_21751843|Um esquiador com uma jaqueta amarela está no ar acima das montanhas.
common_voice_pt_21751844|Um menino novo que sorri ao lado do oceano.
common_voice_pt_21751845|Um velho copo de pé ao lado da porta do carro
common_voice_pt_21751846|Ninguém quer ouvir o anúncio.
common_voice_pt_21751847|Eles nem conseguem encontrá-lo.
common_voice_pt_21751848|Havia um buraco ali entre as pedras.
common_voice_pt_21751849|Não há nada na cabeça, substituindo o quinto.
common_voice_pt_21751850|Sua honra não vai dizer nada.
common_voice_pt_21751851|A guitarra quebrou e ela não podia mais tocar.
common_voice_pt_21751852|Dois homens carregando guitarras estão andando ao longo de uma praia
common_voice_pt_21751853|Eu nunca vi isso antes.
common_voice_pt_21751854|Essa tá muito fácil.
common_voice_pt_21751855|Dois amigos foram notificados do acontecido.
common_voice_pt_21751856|Você tem conta no Twitter?
common_voice_pt_21751857|Todas essas funções são indispensáveis durante a vida do projeto.
common_voice_pt_21752415|Existe apenas um tipo de pessoa, eu nunca lhe darei meio centavo.
common_voice_pt_21752416|Um menino muito jovem está olhando para um conjunto de ferramentas de brinquedo.
common_voice_pt_21752417|Eu vou tomar o meu agora.
common_voice_pt_21752418|É uma jogada que aprendi com você.
common_voice_pt_21752419|A mussarela é um queijo cremoso que combina bem com tomate e manjericão.
common_voice_pt_21752430|Quem projetou essa fuga?
common_voice_pt_21752431|É enviado para reparar
common_voice_pt_21752432|Varrendo o chão, separando mercadorias, etc.
common_voice_pt_21752433|Você quer comer primeiro?
common_voice_pt_21752434|Você não me entende?
common_voice_pt_21752470|Então seu coração ficou quieto por uma tarde inteira.
common_voice_pt_21752471|Qual visão você gostaria?
common_voice_pt_21752473|Livros e vinhos, os mais antigos.
common_voice_pt_21752475|Como está?
common_voice_pt_21752476|É o nosso indicador
common_voice_pt_21764739|A luz dançou através do lago.
common_voice_pt_21764740|Eu não posso te assegurar tais coisas.
common_voice_pt_21764742|É muito barato, vamos ver amanhã.
common_voice_pt_21764745|Qual é o seu nome? ele perguntou.
common_voice_pt_21764748|Um menino brincando com um avião em um campo.
common_voice_pt_21764779|sete
common_voice_pt_21764780|Você quer ir trabalhar para mim?, Perguntou o comerciante.
common_voice_pt_21764781|Se você usasse duas mãos, seria mais fácil dirigir.
common_voice_pt_21764782|Uma jovem garota em um parque lança um objeto no ar.
common_voice_pt_21764783|uma mulher abre um presente enquanto bebe cerveja
common_voice_pt_21764818|A determinação faz o homen.
common_voice_pt_21764820|Que clima maravilhoso!
common_voice_pt_21764821|oito
common_voice_pt_21764822|Não precisa chorar.
common_voice_pt_21764823|Único jogador de beisebol masculino pegando a bola
common_voice_pt_21765072|Olhando para o céu estrelado
common_voice_pt_21765074|Um bando de crianças está subindo em uma árvore e encolhendo-a.
common_voice_pt_21765077|Homem com óculos de sol sentado em águas rasas
common_voice_pt_21765080|Quem pode ser dono da verdade?
common_voice_pt_21765112|Karen não virá hoje.
common_voice_pt_21765116|Eles são homens que andam no meio da estrada.
common_voice_pt_21765119|Um homem com um suéter vermelho segura uma criança em cima de seus ombros.
common_voice_pt_21765121|Um rapaz pequeno na frente da grande fonte de água ao ar livre.
common_voice_pt_21765123|Você vai acreditar em todas as mentiras que ele diz a você?
common_voice_pt_21765147|Veja o que passamos hoje.
common_voice_pt_21765150|Sara você pode me ler?
common_voice_pt_21765153|Não é necessário, então, esperar por junho ou setembro.
common_voice_pt_21765156|um jovem skatista pulando um truque no ar.
common_voice_pt_21765158|Não fique aqui
common_voice_pt_21765361|Um cachorro está pegando uma bola de tênis em um pedaço de grama verde.
common_voice_pt_21765362|Esta é uma vida que está sendo arbitrariamente
common_voice_pt_21765363|As minas tinham sido administradas pelo conselho da cidade.
common_voice_pt_21765364|Eles falam Espanhol.
common_voice_pt_21765365|Vá e nunca olhe para trás.
common_voice_pt_21765378|As mil e uma noites era um livro?
common_voice_pt_21765379|Dois homens em uniformes de artes marciais se apresentam para uma mesa de juízes
common_voice_pt_21765381|Comprou uma passagem de onibus
common_voice_pt_21765382|Eles vão acreditar nisso.
common_voice_pt_21765383|Mais tarde, aprendi que este livro está esgotado.
common_voice_pt_21765401|Porque você conhecerá seus sonhos e desejos e saberá como lidar com eles.
common_voice_pt_21765402|Não se preocupe
common_voice_pt_21765403|Ela acusou um ex-condenado por perseguição e agressão sexual.
common_voice_pt_21765404|Nunca é tarde para consertar
common_voice_pt_21765405|Pensou em todos os pastores casados que conhecera.
common_voice_pt_21777392|Um amigo seu?
common_voice_pt_21777393|Emulação de sistema.
common_voice_pt_21777394|Mais tarde, uma ponte foi construída.
common_voice_pt_21777396|Um homem senta-se em um banco interior e sorri.
common_voice_pt_21777417|Talvez ele seja mesmo um tolo.
common_voice_pt_21777418|Eu não posso imaginar porque estou com medo
common_voice_pt_21777419|Nos dias quentes e ao praticar esportes, você deve beber mais.
common_voice_pt_21777420|Dois povos sentam-se em uma doca com um por do sol no fundo.
common_voice_pt_21777421|Ele conhecia todos os campos e pastos da Andaluzia.
common_voice_pt_21777447|Foi sobre você.
common_voice_pt_21777448|Você quer acordar esse bebê!
common_voice_pt_21777449|Ele é um canalha.
common_voice_pt_21777450|Você pode me enviar um formulário de inscrição via e-mail?
common_voice_pt_21777451|Quantas crianças não gostam de hóquei e nadam?
common_voice_pt_21788888|penso, logo existo.
common_voice_pt_21788889|Eu tenho a festa aqui.
common_voice_pt_21788890|O conflito não foi resolvido.
common_voice_pt_21788891|Não, mas você virou o balcão?
common_voice_pt_21788892|Explique a importância da ancoragem
common_voice_pt_21789448|A única certeza é a morte.
common_voice_pt_21789449|Alguns homens estão em frente a uma fileira de bandeiras.
common_voice_pt_21789450|O dragão soprou um jato de fogo de nove metros de comprimento.
common_voice_pt_21789451|Faça uma busca no Google por gatos brancos.
common_voice_pt_21789452|A agricultura foi uma conquista muito importante na história da humanidade.
common_voice_pt_21789453|Quem escreveu essa música?
common_voice_pt_21789454|Você sabe como nós vivemos?
common_voice_pt_21789455|Oh? o que é isso?
common_voice_pt_21789456|o plural de rato é congresso nacional
common_voice_pt_21789457|Vantagens competitivas que podem ser usadas para reter e atrair talentos e capital humano.
common_voice_pt_21789458|Você está perdendo seu olho.
common_voice_pt_21789459|Ele estava em um sanatório no Rio de Janeiro.
common_voice_pt_21789460|reservar um restaurante na Geórgia
common_voice_pt_21789461|Você já rabisca coisas em um pedaço de papel quando está entediado?
common_voice_pt_21789462|quatro
common_voice_pt_21797792|Não estava lá.
common_voice_pt_21797793|Ele não parece um cara que entraria na linha.
common_voice_pt_21797794|O colaborador prolífico contribuiu com mais de mil commits até hoje.
common_voice_pt_21797795|Escolha do zero
common_voice_pt_21797796|Dois cães estão brincando uns com os outros em uma praia pelo oceano.
common_voice_pt_21797797|A mente é um mistério.
common_voice_pt_21797798|O carro é pequeno
common_voice_pt_21797799|Aquele que canta afasta a tristeza.
common_voice_pt_21797800|Por favor, traga sabão.
common_voice_pt_21797801|Atualmente internacionalmente, seja Tóquio, Seul, Londres
common_voice_pt_21797807|Derrame os fluxos de náusea de líquidos e alimentos mastigáveis.
common_voice_pt_21797808|Poder corrompe
common_voice_pt_21797809|Os porcos e as vacas corriam por toda parte.
common_voice_pt_21797810|Promover várias medidas de bem-estar
common_voice_pt_21797811|E uma grande tartaruga caiu do céu.
common_voice_pt_21797817|Uma pessoa flutua na água perto de pedras e uma cachoeira.
common_voice_pt_21797818|Boa noite!
common_voice_pt_21797819|A ciência tem discutido sobre a classificação zoológica da espécie há décadas.
common_voice_pt_21797820|Eu quero continuar.
common_voice_pt_21797821|Um cachorro está pulando no ar para pegar um brinquedo.
common_voice_pt_21797837|Jerry não podia acreditar.
common_voice_pt_21797838|É conveniente manter algum dinheiro.
common_voice_pt_21797839|Existe uma representação digital disponível.
common_voice_pt_21797840|Dois jovens levantam seus parceiros de balé do lado de fora.
common_voice_pt_21797842|Espero que ele possa mudar de ideia.
common_voice_pt_21797852|Um bom exemplo de dinossauro é o Pterodáctilo.
common_voice_pt_21797853|Uma mulher que veste uma camisa azul senta-se em um banco branco.
common_voice_pt_21797854|Cães correndo ao redor de uma pista
common_voice_pt_21797855|Que tipo de homem ele é?
common_voice_pt_21797856|Pior a emenda que o soneto.
common_voice_pt_21797872|Isso é entendido sem dificuldades.
common_voice_pt_21797873|Eles estavam todos furiosos quando a escapada falhou.
common_voice_pt_21797874|Os artistas folclóricos dos pobres estudam para o dinheiro dos ônibus.
common_voice_pt_21797875|As explicações são ilógicas e confusas.
common_voice_pt_21797876|Tocou em sua mão com ternura
common_voice_pt_21797882|As palmeiras crescem duas vezes mais.
common_voice_pt_21797883|Pensei que poderia estar ouvindo de você.
common_voice_pt_21797884|Uma criancinha nua está parada perto da água.
common_voice_pt_21797885|Construa um espaço onde você possa viver sua vida
common_voice_pt_21797886|O reitor, o secretário geral e o gerente da universidade são membros.
common_voice_pt_21797887|O degelo chegou cedo e libertou o riacho.
common_voice_pt_21797888|Eu gostaria que eles fossem também.
common_voice_pt_21797889|Eu não tenho muito dinheiro para receber este mês.
common_voice_pt_21797890|Um pescador senta-se em seu barco, reparando sua rede.
common_voice_pt_21797891|Como sabemos que acabou?
common_voice_pt_21797897|Por que não posso pular esta maldita introdução?
common_voice_pt_21797898|Use um lápis para escrever o primeiro rascunho.
common_voice_pt_21797899|Quando o oceano subir.
common_voice_pt_21797900|Tratado existente
common_voice_pt_21797901|Foi muito bom.
common_voice_pt_21797902|A vida começa aos quarenta anos.
common_voice_pt_21797903|Estou na farmácia.
common_voice_pt_21797904|Um macho está andando de bicicleta em terrenos irregulares
common_voice_pt_21797905|Você vai e pratica.
common_voice_pt_21797906|O nome original em inglês deste livro não é tão sensacional.
common_voice_pt_21797917|O curto e o longo dele
common_voice_pt_21797918|Esta é a sala de imprensa.
common_voice_pt_21797919|A imensa coleção de pessoas e animais começou a viajar mais rápido.
common_voice_pt_21797920|É bom ter um amigo mesmo se você estiver no inferno.
common_voice_pt_21797921|Podem ser os gases do fogo que causaram a inconveniência dos marcianos.
common_voice_pt_21797922|A laje foi escavada em blocos pesados de ardósia.
common_voice_pt_21797923|Vou desenterrar os cinco mil de alguma forma.
common_voice_pt_21797925|Salvaguardar a segurança dos cidadãos à noite
common_voice_pt_21797928|Discuta e corrija
common_voice_pt_21797930|Ele era bom em matemática.
common_voice_pt_21797937|Esta comida é bastante insípida, mas cara.
common_voice_pt_21797938|Dois meninos correm em patins de gelo, enquanto outros assistem.
common_voice_pt_21797939|Existem muitas ferramentas e bibliotecas poderosas por aí.
common_voice_pt_21797940|Homens no exército segurando uma arma.
common_voice_pt_21797941|A geladeira foi comprada à vista.
common_voice_pt_21797942|Até os dois primeiros dias
common_voice_pt_21797943|Não muito
common_voice_pt_21797944|Um garoto tem uma rede de pesca.
common_voice_pt_21797945|Um homem de camisa branca está jogando tênis.
common_voice_pt_21797946|Isso deve ser melhor compreendido.
common_voice_pt_21797957|Pode ir a Taipei para emprego
common_voice_pt_21797958|Eu leio poemas do Castro Alves de vez em quando.
common_voice_pt_21797959|As figuras assim obtidas constituirão a informação básica sobre a superfície.
common_voice_pt_21797960|Adivinha o resultado no primeiro experimento.
common_voice_pt_21797961|Quem peca na juventude perde a saúde para sempre.
common_voice_pt_21797967|Abra um terminal e execute um programa.
common_voice_pt_21797968|A praia é seca e rasa na maré baixa.
common_voice_pt_21797970|Eu não entendo porque você usa o gradiente negativo.
common_voice_pt_21797971|O gato comeu o rato.
common_voice_pt_21797982|Há crianças brincando no playground.
common_voice_pt_21797983|Proteínas têm muitas funções no corpo humano.
common_voice_pt_21797984|Todos brindaram a noiva e o noivo.
common_voice_pt_21797985|Eu não o revi.
common_voice_pt_21797986|Ele ainda gosta dela.
common_voice_pt_21797987|O que eu posso fazer?
common_voice_pt_21797988|Seja franco e limpo de coração, trate a todos com amor.
common_voice_pt_21797990|O que eu perdi?
common_voice_pt_21797991|Algumas pessoas cometem os mesmos erros repetidamente.
common_voice_pt_21797993|Um cachorro está na água.
common_voice_pt_21797997|O carro era vermelho.
common_voice_pt_21797998|Eu tenho algum evento na minha lista?
common_voice_pt_21797999|A palavra chave é queijo.
common_voice_pt_21798000|Mas você sabe que eu não vou para Meca.
common_voice_pt_21798001|Quanto tempo deve durar o currículo?
common_voice_pt_21798012|Pudera que ele ainda estivesse cá.
common_voice_pt_21798013|Duas garotas estão sentadas no chão e uma está usando uma fantasia de animal.
common_voice_pt_21798014|Uma mulher faz caretas para uma criança pequena.
common_voice_pt_21798015|Eles se conheceram através de mensagens de vídeo on-line.
common_voice_pt_21798016|um
common_voice_pt_21798022|Um menino correndo pela grama verde.
common_voice_pt_21798023|Não, ele não tinha.
common_voice_pt_21798024|Um menino andando de skate em um trilho e três meninos assistindo.
common_voice_pt_21798025|O vôo foi combinado entre os dois: por esse motivo ela estava tão calma.
common_voice_pt_21798026|Ele também tentou lembrar algumas boas histórias para relacionar enquanto ele cortava as ovelhas.
common_voice_pt_21798034|Eu tenho que decorar minha árvore.
common_voice_pt_21798035|Nós limpamos o tabuleiro.
common_voice_pt_21798037|Ele entende as forças da natureza.
common_voice_pt_21798039|Vou te dar três minutos para me dizer onde ela está.
common_voice_pt_21798041|Todos riram
common_voice_pt_21798042|Mais importante é a capacidade de procurar emprego
common_voice_pt_21798043|Um homem em uma jaqueta de couro marrom toca guitarra
common_voice_pt_21798044|Foi um mega monstro feito de metal.
common_voice_pt_21798045|O que eles têm que comer?
common_voice_pt_21798046|O cacho de uvas foi espremido em vinho.
common_voice_pt_21798052|O que você faria?
common_voice_pt_21798053|As casas são construídas com tijolos de barro vermelho.
common_voice_pt_21798054|Podemos falar amanhã?
common_voice_pt_21798055|Ligar o ar condicionado leva a um aumento do consumo de combustível.
common_voice_pt_21798056|Sua estratégia era ser paciente e duradoura.
common_voice_pt_21798062|Ele também é profundamente tocado
common_voice_pt_21798063|Sua morte está registrada no Departamento de Guerra em Washington.
common_voice_pt_21798064|Saiba mais sobre este plano de longo prazo
common_voice_pt_21798065|As pessoas também estavam orando ao céu por proteção.
common_voice_pt_21798066|A conversa de um homem bêbado é um pensamento de homem sóbrio.
common_voice_pt_21798072|É por isso que quero que você continue em direção ao seu objetivo.
common_voice_pt_21798073|Pessoas caminhando por um caminho aquoso.
common_voice_pt_21798074|Vitória estava lá.
common_voice_pt_21798075|Qualquer peixe que você quer comer, seu filho precisa tomar banho.
common_voice_pt_21798076|Eles podem fazer café da manhã
common_voice_pt_21798087|Dois cachorros pequenos procuram algo no chão
common_voice_pt_21798088|Não necessariamente de pé ao nosso lado
common_voice_pt_21798089|O comprador sabe ou pode razoavelmente saber a incorreção.
common_voice_pt_21798091|Eu gosto de como o Atom me permite instalar novos plugins.
common_voice_pt_21798097|grupo de crianças fora de um edifício, alcançando uma bolha
common_voice_pt_21798098|Onde há fogo, a fumaça se apaga.
common_voice_pt_21798100|Ele apenas ficou em silêncio e em silêncio
common_voice_pt_21798102|Três homens mais velhos que estão na chuva com as folhas em sua cabeça.
common_voice_pt_21798103|Uma mulher e sua filha estão andando pela estação de metrô vestindo shorts
common_voice_pt_21798107|Eles me ligaram do seu prédio e empréstimo.
common_voice_pt_21798108|Existem três jogadores de basquete
common_voice_pt_21798109|Fomos ao shopping ontem.
common_voice_pt_21798110|Você é uma grande ajuda.
common_voice_pt_21798111|Fortalecer a proteção de adolescentes
common_voice_pt_21798112|A nota era alta.
common_voice_pt_21798113|O menino acordou quando o sol nasceu.
common_voice_pt_21798114|Eu estudei C na universidade.
common_voice_pt_21798115|E até um centavo.
common_voice_pt_21798116|Seis pessoas estão sentadas atrás de dois caiaques.
common_voice_pt_21798117|Um cão da raça pastor alemão está saltando através de um aro com espectadores.
common_voice_pt_21798118|Ele foi abalado em vigília por alguém.
common_voice_pt_21798119|Estou feliz que vocês estejam aqui.
common_voice_pt_21798120|Não sei onde vai.
common_voice_pt_21798121|Nunca é tarde para consertar.
common_voice_pt_21798123|O amor pelo dinheiro é o alicerce de todo o mal.
common_voice_pt_21798124|Semana passada
common_voice_pt_21798125|O picolé está por dois reais.
common_voice_pt_21798126|Da próxima vez que chover, por favor me ligue.
common_voice_pt_21798127|Um pacote de quatro dólares taiwaneses
common_voice_pt_21798128|Isso não é verdade.
common_voice_pt_21798129|Ele disse que tudo tem seu próprio destino.
common_voice_pt_21798130|Que hora de estar vivo.
common_voice_pt_21798131|Esta página foi editada pela última vez.
common_voice_pt_21798132|três
common_voice_pt_21798138|A transferência exigiu duas horas e dezenove minutos e dez segundos para concluir.
common_voice_pt_21798139|Chuva no final de setembro, em outubro de plantio de cogumelos.
common_voice_pt_21798140|A rede elétrica não tinha aterramento
common_voice_pt_21798141|A Dinamarca é pioneira da energia eólica renovável.
common_voice_pt_21798143|De volta ao renascimento
common_voice_pt_21798149|Estou orgulhoso de você.
common_voice_pt_21798150|Eu nunca roubei um relógio na minha vida.
common_voice_pt_21798151|Um homem mais velho dormindo em uma cadeira dobrável na rua.
common_voice_pt_21798152|Uma menina senta-se fora em uma grande fonte.
common_voice_pt_21798153|Quantos anos tem Elon Musk?
common_voice_pt_21798159|Esta seria uma visão muito estreita.
common_voice_pt_21798160|Os ciclistas vagam pelo canto dos vendedores.
common_voice_pt_21798161|Por favor, também tenha paciência comigo.
common_voice_pt_21798162|Pessoas que colocam em uma praia pequena, aproveitando o clima quente.
common_voice_pt_21798163|João e Gustavo não passaram no teste.
common_voice_pt_21798164|Posso te pedir um favor?
common_voice_pt_21798165|A majestade da montanha e a textura da formação rochosa
common_voice_pt_21798166|Duas mulheres sentam-se em blocos debaixo de um guarda-chuva.
common_voice_pt_21798167|Eu só interpreto sonhos.
common_voice_pt_21798168|Está lá em cima!
common_voice_pt_21798169|Um seis aparece com mais frequência do que dez.
common_voice_pt_21798170|Os retângulos têm quatro linhas.
common_voice_pt_21798172|Poderia repetir?
common_voice_pt_21798173|A plataforma de petróleo afundou no mar.
common_voice_pt_21798175|Eu voltarei em breve.
common_voice_pt_21798176|Cinco pessoas usando equipamentos de mergulho estão reunidas em águas calmas.
common_voice_pt_21798177|As regras de correio podem ser usadas para mover, encaminhar ou excluir novas mensagens.
common_voice_pt_21798178|Eles nunca vão nos fechar hoje!
common_voice_pt_21798179|Ele tem outras coisas para fazer primeiro.
common_voice_pt_21810539|Um sinal amarelo anuncia seguro em espanhol.
common_voice_pt_21810540|São Paulo, Rio de Janeiro e Goiás.
common_voice_pt_21810541|Eu tenho tudo pronto.
common_voice_pt_21810542|Também bem-vindo para nos avisar
common_voice_pt_21810543|Faça um voto direto no momento
common_voice_pt_21810569|De fato
common_voice_pt_21810570|Minha namorada dormiu debaixo de uma árvore esta manhã.
common_voice_pt_21810571|O vírus se espalhou mais rápido do que um incêndio.
common_voice_pt_21810572|O índio era então o senhor e o suplicante do homem branco.
common_voice_pt_21810573|Uma cerca corta o terreno da esquina.
common_voice_pt_21810609|Apenas a poucos metros há uma estação de ônibus.
common_voice_pt_21810610|O menino loiro está vestindo uma camisa vermelha e pulando de um escorregador azul.
common_voice_pt_21810611|Eu espero que você possa mudar de ideia.
common_voice_pt_21810612|Essas pílulas fazem menos bem que outras.
common_voice_pt_21810613|Adicione o artista à lista de reprodução de explosões nucleares.
common_voice_pt_21811571|Tenho certeza que ela ficará bem.
common_voice_pt_21811572|A brisa parecia branca e solitária.
common_voice_pt_21811573|O professor não está feliz com seus alunos.
common_voice_pt_21811574|Nenhum cimento vai segurar madeira dura.
common_voice_pt_21811575|Qual sua música favorita?
common_voice_pt_21811581|O cachorro na praia pegou algo.
common_voice_pt_21811582|Uma mulher fantasiada está marchando com um grande tambor.
common_voice_pt_21811583|Você ouviu o que eu disse?
common_voice_pt_21811584|Ele tem espaço para desenvolvimento
common_voice_pt_21811585|Esse é um presente de Natal de um amigo muito querido meu.
common_voice_pt_21811591|A combinação de trompetes, violinos e bateria é bastante incomum.
common_voice_pt_21811592|Um desfile descendo a rua.
common_voice_pt_21811593|Quase não havia movimento do poço.
common_voice_pt_21811594|Letícia era minha amiga na escola.
common_voice_pt_21811595|Ele trabalha nessa área.
common_voice_pt_21819856|Uma multidão assistindo a um artista de rua e duas crianças pequenas
common_voice_pt_21819858|O mel tem um aroma picante de tomilho e erva-doce.
common_voice_pt_21819859|A outra pessoa tem o mesmo sorriso
common_voice_pt_21819861|O que eu vou dizer a ele?
common_voice_pt_21819862|A equipe de resgate na montanha desistiu de seu trabalho.
common_voice_pt_21819873|Era uma emoção tão grande que suas veias estavam cheias de adrenalina.
common_voice_pt_21819874|Planeje a pesca, analisando as variáveis que intervêm e estimando suas necessidades.
common_voice_pt_21819875|Função: permite pressionar o acelerador com o pé esquerdo.
common_voice_pt_21819876|Uma menina e uma mulher saltam de seus balanços.
common_voice_pt_21819913|Preparando-se para o funeral
common_voice_pt_21819914|Perdoa-me
common_voice_pt_21819915|Uma líder de torcida loura de sorriso funciona com uma audiência no fundo.
common_voice_pt_21819916|É ainda maior que isso.
common_voice_pt_21819917|Um pequeno cachorro salta sobre um riacho.
common_voice_pt_21819928|Ela não tem tempo para reagir
common_voice_pt_21819929|Não uso o Edge, e nem recomendo.
common_voice_pt_21819930|Ela gosta de você.
common_voice_pt_21819931|Um cão amarelo está em uma estrada cercada por crianças em camisas azuis.
common_voice_pt_21819932|É um banco de dados online de frases de exemplo.
common_voice_pt_21819938|Vai comprar sanduíches de sorvete
common_voice_pt_21819939|Eu gosto de azul ciano.
common_voice_pt_21819940|Todos eles pertenciam à aristocracia, e eles tinham o espírito.
common_voice_pt_21819941|Dois jovens praticam Kickboxing.
common_voice_pt_21819942|Você não está pedindo um favor a ele.
common_voice_pt_21819953|Quem não quer fazer gentileza, marinheiro ou soldado.
common_voice_pt_21819954|Eles eram o tesouro dele.
common_voice_pt_21819955|Não me faça perder meu tempo.
common_voice_pt_21819956|Quem vai manter a lâmpada na janela para você.
common_voice_pt_21819957|Um monte de casais sentam-se fora em um parque durante o dia.
common_voice_pt_21819968|Há novos shows disponíveis no Netflix este mês?
common_voice_pt_21819969|Essa existência sagrada
common_voice_pt_21819970|Os burros e os ignorantes são filhos de primos irmãos.
common_voice_pt_21819971|Sua equipe fará o trabalho de limpeza.
common_voice_pt_21819972|Pegue algumas roupas velhas e comece a costurar
common_voice_pt_21819983|Esta banana tem gosto de cerejas.
common_voice_pt_21819984|Cerca de uma hora atrás.
common_voice_pt_21819985|Um homem novo e uma mulher que desgastam a dança vermelha.
common_voice_pt_21819986|Não diga essas coisas!
common_voice_pt_21819987|O mineiro abandonou tudo para minerar esmeraldas.
common_voice_pt_21819993|Como se ele não fosse filho de um velho lojista do mercado!
common_voice_pt_21819994|Caso contrário, você poderia se esconder em algum café ou outro por um tempo.
common_voice_pt_21819996|Adicione o artista à lista de reprodução de piano tranquila.
common_voice_pt_21819997|Jogando no mercado com o dinheiro da empresa?
common_voice_pt_21819998|Dois homens uniformizados estão andando em um barco motorizado.
common_voice_pt_21819999|Você deveria ser aquele que tem todas as respostas.
common_voice_pt_21820000|Se eu tiver tempo, vou trabalhar.
common_voice_pt_21820001|Uma mulher sai de uma estação de metrô enquanto ouve música.
common_voice_pt_21820002|Eu vou matar os dois!
common_voice_pt_21820189|Ela parecia cética quando se encostou na parede, observando as celebridades.
common_voice_pt_21820190|As mulheres se revezaram construindo uma pilha alta e estável de pedras.
common_voice_pt_21820191|Carvalhos poderosos de pequenas bolotas crescem.
common_voice_pt_21820192|Sim, não se preocupe, vamos encontrá-lo.
common_voice_pt_21820193|Conhecimento é melhor que riquezas
common_voice_pt_21821414|Reconhecimento de voz.
common_voice_pt_21821415|Eu acho que há um buraco na sua mochila.
common_voice_pt_21821416|Diga-me os horários dos filmes animados no bairro.
common_voice_pt_21821417|Quem semeia espinhos, descalço não vai.
common_voice_pt_21821418|Eu vou treinar meu próprio modelo, claro.
common_voice_pt_21824743|Toque alguma música da Selena Gomez.
common_voice_pt_21824745|E eu serei o policial.
common_voice_pt_21824757|Eu quero dizer que vou ganhar o dinheiro novamente.
common_voice_pt_21824758|Veja o gato olhando para o rato assustado.
common_voice_pt_21824760|Ele está falando como uma criança.
common_voice_pt_21824764|Agora há um lugar estável para se estabelecer.
common_voice_pt_21824766|O corpo é atingido com força
common_voice_pt_21824777|Quanto é sete mais cinco.
common_voice_pt_21824778|O que mais poderia ser?
common_voice_pt_21824779|Há muitas notas falsas por aí.
common_voice_pt_21824780|O outro sacudiu a cabeça.
common_voice_pt_21824781|Marketing na Internet e big data
common_voice_pt_21824817|Microsoft Visual Studio.
common_voice_pt_21824819|Duas crianças estão brincando com uma pipa em campo aberto.
common_voice_pt_21824820|Eu já vi caras como você passar antes.
common_voice_pt_21824821|Eu tenho indigestão.
common_voice_pt_21824842|Dois ciclistas estão esperando em uma zona de travessia.
common_voice_pt_21824843|Duas meninas estão em águas rasas sem sapatos.
common_voice_pt_21824844|Pegue o teleférico descendo a montanha
common_voice_pt_21824845|A casa de três andares foi construída em pedra.
common_voice_pt_21824846|Uma criança levanta na frente de um computador em um escritório para negócios.
common_voice_pt_21824852|Existe alguma coisa que eu possa fazer por você?
common_voice_pt_21824853|Ouça o seu coração.
common_voice_pt_21824854|Uma pessoa que não se atreve a desistir, o coração pisca lentamente.
common_voice_pt_21824858|Um pai usando uma camiseta de marca branca segurando sua filha sorridente.
common_voice_pt_21824861|Quais são as manchetes de hoje?
common_voice_pt_21824882|Ela era gentil com velhos doentes.
common_voice_pt_21824883|Deixe-me falar com ela.
common_voice_pt_21824884|Três cachorros estão correndo por uma paisagem arenosa.
common_voice_pt_21824885|Qual é o sumário?
common_voice_pt_21824886|Grupo de asiáticos gravando algum vídeo.
common_voice_pt_21824907|Não há nenhum senso de honra deixado neste país?
common_voice_pt_21824909|Alguém está pintando uma parede lá fora.
common_voice_pt_21824910|Um homem está se curvando fazendo algum trabalho na calçada.
common_voice_pt_21824911|Três pessoas estão tocando música
common_voice_pt_21824927|Um cão bronzeado que salta fora de um barco na água.
common_voice_pt_21824928|Uma garota de calça preta fazendo exercícios.
common_voice_pt_21824929|Homem de cabelos castanho segurando uma preguiça de brinquedo.
common_voice_pt_21824930|Por que foi que ele queria que o menino servisse como seu instrumento?
common_voice_pt_21824931|Aos sábados geralmente há festas na minha cidade.
common_voice_pt_21824942|O espaço rapidamente se encheu de pessoas.
common_voice_pt_21824943|Dois cães passam uns aos outros perto de um pouco de água.
common_voice_pt_21824944|Precisa cercá-los
common_voice_pt_21824945|Um pequeno sinal de apreço.
common_voice_pt_21824946|Um homem que aprecia uma bebida em um copo.
common_voice_pt_21824957|Quando as coisas são bem sucedidas, eles dizem que também têm crédito por isso.
common_voice_pt_21824958|Somos muito vulneráveis
common_voice_pt_21824959|Tudo de repente se acalmou
common_voice_pt_21824960|Isso já aconteceu muitas vezes antes.
common_voice_pt_21824961|Só agora
common_voice_pt_21824972|Quando o nosso avião decola novamente?
common_voice_pt_21824973|colocar o melhor rock na lista de reprodução em espanhol
common_voice_pt_21824974|Um grupo de cinco pessoas joga um jogo.
common_voice_pt_21824975|Você assistiu o filme dos Vingadores?
common_voice_pt_21824976|Você não pode me enganar!
common_voice_pt_21824997|O flanelinha sentiu o coração apertado, mas não deixou de sair
common_voice_pt_21824998|Um pássaro comendo.
common_voice_pt_21824999|Um velho com um chapéu está pintando
common_voice_pt_21825000|Uma criança anda de bicicleta por um caminho pavimentado.
common_voice_pt_21825001|Essas últimas palavras foram uma forte declaração.
common_voice_pt_21825007|Estou falando muito?
common_voice_pt_21825011|Nunca deixe a certeza pela esperança
common_voice_pt_21825013|Uma mulher de botas pretas e casaco preto está caminhando.
common_voice_pt_21825015|Ele não respondeu.
common_voice_pt_21825016|Dois homens passando por um mural de um carro.
common_voice_pt_21825029|Você não acha?
common_voice_pt_21825030|De fato, foi a inexistência desses controles que tornou isso possível.
common_voice_pt_21825031|Uma criança se agacha atrás de uma carroça com duas abóboras.
common_voice_pt_21825032|Eles vão me encontrar de qualquer maneira.
common_voice_pt_21825033|Um grande cão bronzeado está saltando sobre obstáculos em um curso.
common_voice_pt_21825044|Ambos sabiam se expressar bem.
common_voice_pt_21825045|Eu estou com frio.
common_voice_pt_21825046|Muro da Corte Legislativa
common_voice_pt_21825047|Vamos ter uma boa noite
common_voice_pt_21825048|A principal pintura de uma imagem na rua.
common_voice_pt_21825059|Um homem pesca em uma ponte.
common_voice_pt_21825060|Um homem que veste uma camisa alaranjada que escala rochas.
common_voice_pt_21825061|Claro que eu sou!
common_voice_pt_21825062|O processamento das emoções dos personagens também é muito bom
common_voice_pt_21825063|E também sobre você!
common_voice_pt_21825069|Ele não sabia nada sobre os costumes da terra estranha em que ele estava.
common_voice_pt_21825070|Esse andar é difícil de encontrar
common_voice_pt_21825071|Pare de respirar
common_voice_pt_21825072|Parecia tão seguro e tranquilo.
common_voice_pt_21825073|É impossível
common_voice_pt_21825084|Um menino joga em um balanço.
common_voice_pt_21825085|Ele é um grande fã de Beyoncé.
common_voice_pt_21825086|Garantir a justiça de residência
common_voice_pt_21825088|Nós ficamos sem gasolina e diesel.
common_voice_pt_21825090|Três pessoas olhando para algo em uma parede branca.
common_voice_pt_21825109|Duas galinhas brilhantemente coloridas estão fora de um bar.
common_voice_pt_21825110|Está certo
common_voice_pt_21825111|O dentista estava reclamando da minha higiene bucal medíocre.
common_voice_pt_21825112|Ela se sentou no chão tomando seu café.
common_voice_pt_21825113|Uma garota de biquíni tira uma foto de algumas pessoas.
common_voice_pt_21825121|Duas equipes patinando.
common_voice_pt_21825123|Eles nunca encontraram o segredo.
common_voice_pt_21825125|Eu caminho pela rua no periodo da tarde.
common_voice_pt_21825127|Seu pai teve um golpe de sorte.
common_voice_pt_21825128|Essa é a tendência inferior.
common_voice_pt_21825144|Ele decidiu fazer negócios
common_voice_pt_21825145|Nesse ponto em suas vidas, tudo fica claro e tudo é possível.
common_voice_pt_21825146|Um homem mais velho sentado ao sol.
common_voice_pt_21825147|Por favor, tenha cuidado com o golpe de novidade
common_voice_pt_21825148|Uma mulher fica em uma piscina com três jovens rapazes.
common_voice_pt_21825180|Como você conseguiu isso?
common_voice_pt_21825181|Tocava violão divinamente!
common_voice_pt_21825182|Encontre a luta certa
common_voice_pt_21825184|As maçãs estão na cesta perto da porta no seu caminho para fora.
common_voice_pt_21825195|Naturalmente nós temos que fazer algo sobre isso.
common_voice_pt_21825196|Por que uma planta se volta para o sol?
common_voice_pt_21825197|Quais aplicações que você usa no dia-a-dia?
common_voice_pt_21825198|Continue a inventariar edifícios perigosos
common_voice_pt_21825199|Vamos dormir
common_voice_pt_21825205|Um homem na beira de uma parede prestes a cair.
common_voice_pt_21825206|Todos os municípios e cidades em Taiwan
common_voice_pt_21825207|Você vai se juntar a nós no campus?
common_voice_pt_21825210|Um homem e uma mulher estão dançando juntos
common_voice_pt_21825212|Ele balançou no ar como salgueiros chorões.
common_voice_pt_21825225|Mas nunca tivemos nenhum problema real.
common_voice_pt_21825226|Ela comeu uma pêra velha e começou a sufocar.
common_voice_pt_21825228|Mozilla Firefox.
common_voice_pt_21825233|Então eu entendo que não há objeções.
common_voice_pt_21825245|Existem dois desafios.
common_voice_pt_21825246|Os cidadãos das áreas afetadas pelo tufão são aconselhados a deixar suas casas imediatamente.
common_voice_pt_21825247|Estoque de riso
common_voice_pt_21825248|O uso da terra e os movimentos planejados da terra são de pouca entidade.
common_voice_pt_21825249|Melhor salvar antes de continuar.
common_voice_pt_21825275|As árvores balançavam uniformemente na brisa.
common_voice_pt_21825276|com cada um dos operadores de telecomunicações.
common_voice_pt_21825277|nove
common_voice_pt_21825278|Começou a soprar com mais força a elevação das areias do deserto.
common_voice_pt_21825279|Um rapaz pequeno que joga em um bico de água.
common_voice_pt_21830876|Uma pessoa de preto, andando de bicicleta de três rodas.
common_voice_pt_21830877|Não fique técnico em um momento como este.
common_voice_pt_21830878|Nem um pouco.
common_voice_pt_21830879|Condução pouco especializada
common_voice_pt_21830880|Seu braço parecia estar lutando com o que quer que estivesse no buraco.
common_voice_pt_21830898|Uma garota em uma roupa preta e branca lança um dardo
common_voice_pt_21830900|Você ainda estuda Espanhol.
common_voice_pt_21830902|Eu gostaria que fizéssemos um brinde a este dia
common_voice_pt_21830904|A mente humana é um mistério
common_voice_pt_21830905|Cinco adultos de terno e vestido tiram uma soneca em um pedaço de grama.
common_voice_pt_21830921|O menino está saltando de um alto trampolim para a piscina.
common_voice_pt_21830922|Maravilhoso
common_voice_pt_21830923|Não acredito, então, que ele morra por fraqueza.
common_voice_pt_21830924|Indo para os Estados Unidos para participar da cerimônia de formatura do meu filho
common_voice_pt_21830925|Sua alma deve ser muito primitiva para entender essas coisas.
common_voice_pt_21830946|O anjo tocou o ombro do homem e eles foram projetados para o futuro.
common_voice_pt_21830948|Tem uma tendência patriarcal séria
common_voice_pt_21830950|Você pode verificar e regravar suas próprias gravações antes de enviá-las.
common_voice_pt_21830952|Já é tarde demais.
common_voice_pt_21830955|Isso não é para eu decidir.
common_voice_pt_21830961|Computador.
common_voice_pt_21830962|Uma pessoa está andando por uma vitrine com um vestido vermelho.
common_voice_pt_21830963|Duas mulheres caminham pela calçada.
common_voice_pt_21830964|Supervisiona e controla a implementação de procedimentos telemáticos.
common_voice_pt_21830965|Segundo o dicionário, isso não é verdade.
common_voice_pt_21830982|Ele empregou a mais astuta das táticas.
common_voice_pt_21830983|Ele chegou lá novamente três dias depois.
common_voice_pt_21830984|É o perfil longitudinal no eixo das vias públicas.
common_voice_pt_21830985|Então agora eu sou um motorista de camelo.
common_voice_pt_21830986|O outro filho era um poeta e deliciava toda Roma com seus belos versos.
common_voice_pt_21830992|Recomeçou recentemente
common_voice_pt_21830993|Um skatista senta-se em um banco enquanto usava um capacete preto.
common_voice_pt_21830994|Estou tentando explicar para minha mãe como tirar fotos do telefone dela.
common_voice_pt_21830995|Quatro pessoas estão na água conversando com montanhas ao fundo
common_voice_pt_21830996|Em breve maduro, logo apodrece.
common_voice_pt_21831007|Você está cometendo um erro.
common_voice_pt_21831008|Entre no meu escritório!
common_voice_pt_21831009|Vamos apenas começar por apreender a propriedade Post.
common_voice_pt_21831010|Um menino com cabelo escuro está na água e está olhando para cima.
common_voice_pt_21831011|Talvez ela conheceu alguém.
common_voice_pt_21831017|A maré invadiu o estuário em um ritmo ameaçador.
common_voice_pt_21831018|homem lendo um navegador em um barco.
common_voice_pt_21831019|A galinha e o galo não se davam bem.
common_voice_pt_21831020|Levante-se e encontre alguém em casa
common_voice_pt_21831021|Você deveria estar aqui.
common_voice_pt_21831032|Duas pessoas estão em um palco tocando instrumentos de cordas para uma pequena multidão
common_voice_pt_21831033|Como você acha que é difícil beber?
common_voice_pt_21831034|Ele caminhou lentamente pelo mercado.
common_voice_pt_21831035|Os bandidos duram mais que a traça.
common_voice_pt_21831036|A empresa anunciou parcerias com outras empresas.
common_voice_pt_21831047|Um grupo de pessoas protestando em uma cidade.
common_voice_pt_21831048|uma pessoa vestindo uma mochila sentado ao lado de uma montanha rochosa.
common_voice_pt_21831049|Quando você chegou aqui?
common_voice_pt_21831050|Ela teve pneumonia uma vez.
common_voice_pt_21831051|Toque algo da Taylor Swift.
common_voice_pt_21831072|Eu prefiro pizza com massa fina.
common_voice_pt_21831073|Ele decidiu ficar ali e aguardar seu retorno.
common_voice_pt_21831074|Ela aprendeu a tocar piano em uma escola de música.
common_voice_pt_21831075|Bom problema pode suportar
common_voice_pt_21831076|Eu ouvi um leve movimento sob meus pés.
common_voice_pt_21831082|Um homem de camisa branca está cantando com uma banda.
common_voice_pt_21831083|Três meninos com camisas azuis que sorriem para a foto da câmera.
common_voice_pt_21831085|Anúncio
common_voice_pt_21831087|As ações da vovó são bastante suaves
common_voice_pt_21831089|Com certeza parece bom daqui.
common_voice_pt_21831097|Mantém conversas em inglês, simples e rotineiras no setor, interpretando as informações iniciais.
common_voice_pt_21831099|É urgente
common_voice_pt_21831101|O que voce conseguiu?
common_voice_pt_21831104|um trabalhador da construção civil sentado em uma pedra, fazendo uma ligação.
common_voice_pt_21831106|A tigela de cobre brilhava nos raios do sol.
common_voice_pt_21831127|Camelos são traidores. Eles andam milhares de passos e nunca parecem se cansar.
common_voice_pt_21831128|A loja é exatamente do tamanho que eu sempre quis que fosse.
common_voice_pt_21831129|Ninguém está tentando roubar de você.
common_voice_pt_21831130|Pegue um dos cravos em cada mexilhão e guarde-os.
common_voice_pt_21831131|Chefe da empresa de biotecnologia
common_voice_pt_21831142|Algumas crianças brincando em um buraco cheio de bolas coloridas
common_voice_pt_21831143|Eu sei o que vai ser.
common_voice_pt_21831144|Também trabalhe com você para trabalhar horas extras.
common_voice_pt_21831145|Um cachorro correndo na grama
common_voice_pt_21831147|Não quero entrar na cozinha
common_voice_pt_21831157|As pessoas estão se deslocando em torno de um cruzamento movimentado da cidade.
common_voice_pt_21831158|Uma mulher desliza para casa enquanto o apanhador tenta bloquear.
common_voice_pt_21831159|Vou discutir as técnicas que uso para discutir minhas gramáticas.
common_voice_pt_21831160|Os atletas de futebol riram violentamente.
common_voice_pt_21831161|Dê-lhes uma polegada e eles vão demorar uma milha.
common_voice_pt_21842616|Desejo encontrar um romance chamado Holocausto Africano
common_voice_pt_21842617|O pôr-do-sol às vezes torna o céu vermelho.
common_voice_pt_21842618|A atmosfera estava impregnada com o doce aroma de fumaça.
common_voice_pt_21842619|Trabalhando em uma fábrica fazendo chapéus
common_voice_pt_21842620|Um trator está dirigindo em um campo.
common_voice_pt_21842621|Não, nós não!
common_voice_pt_21842622|Um bom grupo de repórteres.
common_voice_pt_21842623|Uma bolsa pesada faz um coração leve
common_voice_pt_21842624|Arco-íris são um fenômeno baseado na dispersão cromática.
common_voice_pt_21842625|Ler nas entrelinhas requer compreensão.
common_voice_pt_21842626|O mercado está em alta.
common_voice_pt_21842627|Você não pode dizer isso do meu pai!
common_voice_pt_21842628|Qual é o outro nome dele?
common_voice_pt_21842629|Para as dores, esfaqueado.
common_voice_pt_21842630|O verdadeiro homem pobre é o mestre que nunca foi aprendiz.
common_voice_pt_21842644|Um edifício histórico.
common_voice_pt_21842645|O que ela diz?
common_voice_pt_21842646|O menino não disse nada.
common_voice_pt_21842647|Meu hamster transformou meu dever de casa na roupa de cama.
common_voice_pt_21842648|Uma mulher que está sorrindo está usando um enfeite de cabeça único
common_voice_pt_21852991|Deixe esse tempo
common_voice_pt_21852992|Como você gosta?
common_voice_pt_21852993|Meu telefone está no meu bolso de trás.
common_voice_pt_21852994|Conhecendo a realidade.
common_voice_pt_21852995|A doença que cura o sono, doença do vinho.
common_voice_pt_21853001|A lista, no entanto, de possíveis relações com o número três não termina aí.
common_voice_pt_21853002|Homem que usa o machado para derrubar uma estrutura.
common_voice_pt_21853003|O menino confiava em seu novo amigo.
common_voice_pt_21853004|Contornos de pessoas olhando em casos de vidro que estão alinhando a passarela.
common_voice_pt_21853005|Um homem que caminha o seu caminho na neve.
common_voice_pt_21853006|Uma mulher está segurando uma lata de bebida.
common_voice_pt_21853007|Ela tem uma prima que é muito boa desde criança.
common_voice_pt_21853008|Livros sobre medicina.
common_voice_pt_21853009|Nós temos tudo isso planejado.
common_voice_pt_21853010|Este é um carro esportivo vermelho e branco descendo uma estrada de terra.
common_voice_pt_21853011|Eu quero esse anel de platina!
common_voice_pt_21853012|Tenha cuidado
common_voice_pt_21853013|Leia apenas o que o medidor diz.
common_voice_pt_21853014|Nem tudo precisa ser preciso.
common_voice_pt_21853015|Os requisitos são bastante altos para este trabalho.
common_voice_pt_21853016|Talvez a água estivesse muito quente.
common_voice_pt_21853017|Esse recital fez meu cérebro implodir.
common_voice_pt_21853018|Uso de ferramentas de computador e de escritório em geral, quando apropriado.
common_voice_pt_21853019|Água mineral por favor!
common_voice_pt_21853020|Você esfolou ele vivo.
common_voice_pt_21853021|Dois cães correm ao longo da grama verde perto da água.
common_voice_pt_21853022|Cada pasta continha uma foto.
common_voice_pt_21853023|A corrida terminou em apenas trinta e nove minutos, superando todas as expectativas.
common_voice_pt_21853024|Nós iremos a El Salvador de férias esta semana.
common_voice_pt_21853025|Amanheceu o dia no xadrez
common_voice_pt_21853031|Um campo de arroz perto de alguns edifícios antigos.
common_voice_pt_21853032|Como me sinto?
common_voice_pt_21853033|Agora, qual é a história?
common_voice_pt_21853034|O WhatsApp é uma ferramenta para isolar quem não tem.
common_voice_pt_21853035|Onde você disse que esse homem trabalhava?
common_voice_pt_21853041|Ele colocou no bolso de trás.
common_voice_pt_21853042|Um cachorro preto está pulando para fora da água.
common_voice_pt_21853043|Três jogadores de futebol andando ou em pé no campo durante o dia.
common_voice_pt_21853044|Uma flor, um resultado
common_voice_pt_21853045|A felicidade faz amigos, o acidente os testa.
common_voice_pt_21853046|Como um peixe fora da agua.
common_voice_pt_21853047|Do jeito que você faz quando está feliz.
common_voice_pt_21853048|São cerca de cinco.
common_voice_pt_21853049|A velha dissera a mesma coisa.
common_voice_pt_21853050|Sob os limes.
common_voice_pt_21853051|Eu não vou gritar!
common_voice_pt_21853052|Era um trabalhador irregular
common_voice_pt_21853053|Foi alinhado perfeitamente.
common_voice_pt_21853054|Essa palavra é uma sigla?
common_voice_pt_21853055|Você gosta dela?
common_voice_pt_21853056|Eu sou um otário por isso.
common_voice_pt_21853057|Eu não deveria pensar assim.
common_voice_pt_21853058|Classifique esta saga em dois de seis.
common_voice_pt_21853059|O estado da Geórgia.
common_voice_pt_21853060|Neste caso, cabe ao usuário manter e lavá-lo.
common_voice_pt_21853061|Crianças africanas fazem caretas para a câmera.
common_voice_pt_21853062|A praia parecia tão bonita.
common_voice_pt_21853063|Duas crianças estão dormindo enquanto alguém está mexendo em um livro de música.
common_voice_pt_21853064|O cachorro marrom está correndo na água lambendo o nariz.
common_voice_pt_21853065|Um menino de azul está puxando um carro de brinquedo.
common_voice_pt_21853066|Um homem de camisa preta vendendo frutas no mercado.
common_voice_pt_21853067|Ela estava chorando por conta da performance ruim.
common_voice_pt_21853068|É a primeira vez que o meu avô faz serviços bancários online.
common_voice_pt_21853070|Deve ter sido uma criança.
common_voice_pt_21853071|Comprou um monte de pequenos bolos
common_voice_pt_21853075|Uma semana inteira nas Bermudas.
common_voice_pt_21853076|É legal ter uma energia negativa todos os dias.
common_voice_pt_21853077|Mas achei difícil chegar ao trabalho por causa das investigações.
common_voice_pt_21853078|Boa sorte
common_voice_pt_21853080|Geralmente inibe e transfere a tomada de decisão para outro comando.
common_voice_pt_21853088|Um casal inspeciona frutas e vegetais atrás de uma tela protetora de plástico.
common_voice_pt_21853089|Um menino está prestes a espirrar ao lado de sua mãe.
common_voice_pt_21853090|As hastes dos óculos altos racharam e quebraram.
common_voice_pt_21853091|Uma rua da cidade ocupada com pessoas e carros.
common_voice_pt_21853092|Nós vamos usar JavaScript para lidar com o site.
common_voice_pt_21853104|Então ele se levantou.
common_voice_pt_21853105|A padaria ficava ao lado do matadouro.
common_voice_pt_21853106|Eu tenho tentado descobrir isso.
common_voice_pt_21853107|Oh, que pena!
common_voice_pt_21853108|Ela estará esperando por você em Albany.
common_voice_pt_21853115|Tirando fotos
common_voice_pt_21853116|Fui ao dentista essa semana
common_voice_pt_21853117|Você pode ter quantos bebês quiser.
common_voice_pt_21853118|Na imagem vemos uma torre.
common_voice_pt_21853119|Eu sou o estranho por aqui.
common_voice_pt_21853124|Se em sua felicidade você admira, você pode cair profundamente.
common_voice_pt_21853125|Não se importe com o coronel.
common_voice_pt_21853126|Vamos viver e ver, vamos morrer velhos.
common_voice_pt_21853127|Um mau trabalhador culpa suas ferramentas.
common_voice_pt_21853128|Eu posso ver os outdoors agora.
common_voice_pt_21853132|Uma senhora falando em um megafone.
common_voice_pt_21853133|Enquanto Jennifer caminhava pelo corredor, ela se perguntou se tinha cometido um erro.
common_voice_pt_21853135|O bacharelado começaria mais tarde.
common_voice_pt_21853136|Vamos dar uma olhada no desvio padrão.
common_voice_pt_21853139|Coloque para amanhã.
common_voice_pt_21853140|Siga as instruções aqui.
common_voice_pt_21853141|Compre este livro
common_voice_pt_21853142|Se alguém insiste em fazer atividades
common_voice_pt_21853143|O solo úmido é bom para a flora.
common_voice_pt_21853144|O menino queria acreditar que seu amigo simplesmente se separou dele por acidente.
common_voice_pt_21853145|A almofada era suave e convidativa.
common_voice_pt_21853146|Não houve resposta.
common_voice_pt_21853147|O homem de camisa branca está segurando um menino
common_voice_pt_21853148|Mãe e filha jogando um jogo de tabuleiro
common_voice_pt_21853149|Mais tarde passou para todos
common_voice_pt_21853150|Meu colega de quarto sempre causa caos.
common_voice_pt_21853151|Eu te digo que não é bom.
common_voice_pt_21853152|O que estou fazendo?
common_voice_pt_21853153|Faz sentido ter pesos negativos?
common_voice_pt_21861812|Dois homens estão lutando enquanto outras pessoas estão assistindo
common_voice_pt_21861813|Um corredor de pista entrega um bastão ao seu companheiro de equipe.
common_voice_pt_21861814|eu quero pagar a conta
common_voice_pt_21861815|O chefe me mandou para lá.
common_voice_pt_21861816|Esta é uma conversa multirracial entre homens caminhando em um clima quente.
common_voice_pt_21861817|Eu descobri a bolsa da câmera mais tarde.
common_voice_pt_21861818|Um homem mais velho de camisa branca andando de moto.
common_voice_pt_21861819|Eu realmente não sei.
common_voice_pt_21861820|A notícia atingiu a dúvida em mentes inquietas.
common_voice_pt_21861821|Foi o diabo!
common_voice_pt_21861822|No âmbito da competência
common_voice_pt_21861823|Que chatice!
common_voice_pt_21861824|É difícil comparar algo necessário e mundano com algo que me entusiasma.
common_voice_pt_21861825|O vento tem muitos nomes.
common_voice_pt_21861826|Com ênfase
common_voice_pt_21878538|O cheiro era nocivo.
common_voice_pt_21878539|Abra o Google Music e reproduza tudo.
common_voice_pt_21878540|De onde ele estava, ele podia observar a praça.
common_voice_pt_21878541|Bom vinho é mantido em um barril pequeno.
common_voice_pt_21878542|Você escreveu essa carta para Miss Mitchell?
common_voice_pt_21878553|O alquimista disse ao menino para colocar a casca no ouvido.
common_voice_pt_21878554|um cachorro marrom parado no meio de um enorme campo.
common_voice_pt_21878555|O registro no serviço é opcional, sendo aberto para o público em geral.
common_voice_pt_21878556|Suba sobre as formigas depois de amanhã
common_voice_pt_21878557|A maneira mais fácil é
common_voice_pt_21878643|Nada vai acontecer.
common_voice_pt_21878646|Muitos homens em turbantes falam em volta de um camelo.
common_voice_pt_21878650|Nós temos um acordo?
common_voice_pt_21878651|Duas meninas na roupa colorida dentro de um cerco do chuveiro.
common_voice_pt_21878652|Mas é algo que eu esqueci de arrumar.
common_voice_pt_21887265|É doloroso.
common_voice_pt_21887266|Tudo bem, eu concordo que este poderia ser o caso.
common_voice_pt_21887267|Gostaria de estudar em Stanford?
common_voice_pt_21887268|Uma jovem garota de rosa está brincando alegremente com uma boneca.
common_voice_pt_21887269|Treinador ouviu tudo sobre você.
common_voice_pt_21887270|Um grupo de pessoas está assistindo a uma demonstração militar.
common_voice_pt_21887271|Eu não conseguia parar de olhar para ela.
common_voice_pt_21887272|Um grupo de quatro pessoas está sendo fotografado de um carro.
common_voice_pt_21887273|Olhe para a garrafa de onde você tirou o pó.
common_voice_pt_21887274|Sete jogadores de futebol em um campo verde vestindo camisas vermelhas
common_voice_pt_21887275|Uma criança com uma camisa e shorts azuis está segurando um brinquedo.
common_voice_pt_21887276|Enquanto você faz sua cama, você deve deitar nela.
common_voice_pt_21887277|Os preços dos painéis solares caíram nos últimos anos.
common_voice_pt_21887278|você é humano?
common_voice_pt_21887279|Uma parceria no sentido estrito da palavra.
common_voice_pt_21887280|Três homens em um rio sujo.
common_voice_pt_21887281|Diabo!
common_voice_pt_21887282|Viver e morrer não são diferentes
common_voice_pt_21887283|Duas meninas e um menino de mãos dadas e pulando em uma piscina juntos.
common_voice_pt_21887284|Você gostaria de viajar para a Flórida, senhor?
common_voice_pt_21887285|Jovem em uma sala de aula, criando arte.
common_voice_pt_21887286|O trabalhador depende geralmente dos proprietários, mas não de um determinado proprietário.
common_voice_pt_21887287|Eu vou entender depois
common_voice_pt_21887288|Não vai ganhar mais do que o patrão
common_voice_pt_21887289|Vou fazer uma bagunça dessas sem você.
common_voice_pt_21887290|Um jovem macho pressiona suavemente as teclas do seu teclado.
common_voice_pt_21887291|Há uma carne na mesa que é muito deliciosa.
common_voice_pt_21887292|Laranja precoce, rara, azeda e mais cara, apareceu no mercado desafiador.
common_voice_pt_21887293|Mulher asiática com bolsa olha para longe na rua cheia de gente
common_voice_pt_21887294|Eles encontraram duas novas covinhas.
common_voice_pt_21887295|Eles levantaram os óculos no velho bar.
common_voice_pt_21887296|O futuro pintado de preto.
common_voice_pt_21887297|Existe alguma possibilidade de expansão?
common_voice_pt_21887298|Eu tenho que ir.
common_voice_pt_21887299|A história nos ensina que os humanos não aprendem da história.
common_voice_pt_21887305|Um homem executa um golpe de esqui aquático.
common_voice_pt_21887306|Uma multidão de pessoas estava ao redor da fonte.
common_voice_pt_21887307|Talvez ela tenha esquecido tudo sobre isso.
common_voice_pt_21887308|Eles partiram correndo descontroladamente para as árvores.
common_voice_pt_21887309|Acho que hoje a noite irá chover
common_voice_pt_21887320|Em breve poderá estar cheio.
common_voice_pt_21887321|Eu vou além disso.
common_voice_pt_21887322|Nós estávamos perdidos para aquele tempo uma decepção.
common_voice_pt_21887323|O dos meus irmãos logo saberá.
common_voice_pt_21887324|Um cão com sua língua para fora andando na neve.
common_voice_pt_21887325|Ana, Júlio, Juliana e José foram ao evento na quinta.
common_voice_pt_21887326|Um grupo de pessoas conversam umas com as outras.
common_voice_pt_21887327|Dois homens em jalecos brancos olham para uma tela de computador
common_voice_pt_21887328|Contexto é necessário.
common_voice_pt_21887329|Um homem oriental e mulher vestindo quimonos azuis e brancos estão sentados juntos.
common_voice_pt_21887330|As ações de treinamento podem ser terceirizadas por meio de um serviço externo.
common_voice_pt_21887331|Um passo a mais e o conselho entrará em colapso.
common_voice_pt_21887332|Muito barulho por nada
common_voice_pt_21887333|Águas do oceano.
common_voice_pt_21887334|Quatro cartazes foram presos na parede
common_voice_pt_21887335|Lembre-me de acordar amanhã às oito da manhã.
common_voice_pt_21887336|Enquanto isso, o menino pensou em seu tesouro.
common_voice_pt_21887337|O que está feito está feito.
common_voice_pt_21887338|Eu estarei bem com você.
common_voice_pt_21887339|Desperdiçando meu tempo ouvindo esse chapeleiro maluco.
common_voice_pt_21887340|Você vai para a Campus Party esse ano?
common_voice_pt_21887341|Todos os homens são iguais.
common_voice_pt_21887342|O pai ganhou-os, o filho os guarda e o neto os mima.
common_voice_pt_21887343|Como ele poderia ser falso?
common_voice_pt_21887344|Ninguém está tentando colocar nada em você.
common_voice_pt_21887345|Muitas vezes bêbado
common_voice_pt_21887346|Sete marinheiros vestidos de azul num barco.
common_voice_pt_21887347|Um homem de camisa azul andando de moto no Japão.
common_voice_pt_21887348|Sua mãe não precisa trabalhar tanto.
common_voice_pt_21887349|Do que você está rindo?
common_voice_pt_21895884|zero
common_voice_pt_21895889|Já congelado
common_voice_pt_21895890|cinco
common_voice_pt_21895891|Firefox
common_voice_pt_21895892|seis
common_voice_pt_21895898|Um homem com uma camisa laranja.
common_voice_pt_21895899|Pagamento de horas extras
common_voice_pt_21895900|Um ótimo trabalho
common_voice_pt_21895901|Um homem tocando violão com um brilho do sol ao fundo
common_voice_pt_21895902|Eles colocaram os símbolos da peregrinação nas portas de suas casas.
common_voice_pt_21895913|Em um ouvido e fora do outro.
common_voice_pt_21895914|Ela também é uma pessoa que gosta de conversar.
common_voice_pt_21895915|Algum lugar para morar!
common_voice_pt_21895916|Contrata dois personal trainers e faz um deles treinar o outro.
common_voice_pt_21895917|Sua esposa não pode ficar de pé e escolhe se divorciar
common_voice_pt_21895928|Qual é o sobrenome?
common_voice_pt_21895929|Uma mulher loira usando óculos escuros e brincos de dados sorri.
common_voice_pt_21895930|Eu não posso mais pensar.
common_voice_pt_21895931|Você vai ouvir?
common_voice_pt_21895932|um garotinho brincando com seus brinquedos.
common_voice_pt_21895948|Garantias de qualquer natureza?
common_voice_pt_21895949|Estes serão alguns dos principais tópicos sobre como começamos.
common_voice_pt_21895950|Isso é fácil, disse o garoto.
common_voice_pt_21895951|Pessoas se misturando na feira colorida
common_voice_pt_21895952|O carro finalmente está aqui.
common_voice_pt_21895973|Um jogador de beisebol dando a outra equipe uma saída.
common_voice_pt_21895974|O cabelo da amiga dela era loiro.
common_voice_pt_21895975|Uma pessoa joga um bebê no ar.
common_voice_pt_21895976|Um adolescente está andando de snowboard ao lado de um conjunto de escadas.
common_voice_pt_21895977|Ela tinha fibras de aço
common_voice_pt_21895978|Este caminho é designado para veículos agrícolas.
common_voice_pt_21895979|Deixe-me tocar em você!
common_voice_pt_21895980|Uma mulher de shorts pá de neve.
common_voice_pt_21895981|Não há mais ninguém no papel que possa escrever!
common_voice_pt_21895982|Você disse um rei? ele perguntou.
common_voice_pt_21895983|Dois meninos correndo na rua, enquanto uma menina olha.
common_voice_pt_21895984|Que esta casa pode nunca conhecer a fome.
common_voice_pt_21895985|Onde está agora?
common_voice_pt_21895986|Mãe e filho se divertindo comendo à beira do lago.
common_voice_pt_21895987|O ar gelado passou pelo casaco.
common_voice_pt_21895993|Um cão branco e marrom está pegando uma bola vermelha em sua boca
common_voice_pt_21895994|Acendemos a lanterna e fomos até a casa dele.
common_voice_pt_21895995|Esses impactos serão basicamente o movimento de terras e rochas da encosta.
common_voice_pt_21895996|Menina e menino beijando nas sombras
common_voice_pt_21895997|Quem é seu amigo? perguntou o chefe.
common_voice_pt_21895998|As tangências são indispensáveis para a resolução das curvas técnicas.
common_voice_pt_21895999|A água estava cristalina.
common_voice_pt_21896000|Esse acrobata de circo deve ter um sistema vestibular bem treinado, pensou o espectador.
common_voice_pt_21896001|Eu fiz
common_voice_pt_21896002|A maioria dos estágios nos anos anteriores
common_voice_pt_21896003|São Paulo capital.
common_voice_pt_21896004|Pode reduzir a produção de células cancerígenas
common_voice_pt_21896005|Está no nível.
common_voice_pt_21896006|Ela está voltando aqui?
common_voice_pt_21896007|Faça você ser um herói seguro como você nasceu!
common_voice_pt_21896013|O amor não vê defeitos.
common_voice_pt_21896014|Dois homens dançam juntos enquanto uma multidão os anima
common_voice_pt_21896015|Toda mulher valente faz a preciosa filha.
common_voice_pt_21896016|Meninos que apreciam um spray de água.
common_voice_pt_21896017|Na indicação do testador, a tentativa será concluída.
common_voice_pt_21896023|Eu não estou fazendo isso por você!
common_voice_pt_21896024|Eu morreria por qualquer um de vocês.
common_voice_pt_21896025|Há uma forte chance de que isso aconteça mais uma vez.
common_voice_pt_21896026|Uma esquina movimentada com muitas pessoas e um homem raspando a cabeça
common_voice_pt_21896027|Ele está estudando a língua Japonesa.
common_voice_pt_21896028|O menino não queria falar sobre as pirâmides.
common_voice_pt_21896029|Eu poderia continuar por dias sobre os deliciosos vinhos produzidos nesta parte do mundo.
common_voice_pt_21896030|Talvez seja por isso que eles sempre ficam perto de mim.
common_voice_pt_21896031|Você pode vir me pegar no escritório?
common_voice_pt_21896032|O tronco de uma estátua.
common_voice_pt_21896035|Onde vamos colocá-lo?
common_voice_pt_21896038|Não pode matar essas pessoas
common_voice_pt_21896040|Uma mulher e um cão sentam-se no tronco de uma árvore.
common_voice_pt_21896041|Nós vivemos e veremos as coisas.
common_voice_pt_21896042|A espada permaneceu onde estava.
common_voice_pt_21896043|Uma pessoa sobe uma pedra grande debaixo de uma árvore.
common_voice_pt_21896044|No tempo do vintage, todas as cestas são boas.
common_voice_pt_21896045|Eu não tenho ressentimentos.
common_voice_pt_21896047|Eles fariam isso hoje.
common_voice_pt_21896053|Pegue o controle remoto.
common_voice_pt_21896054|Ele é nomeado pela maioria e serve como instrumento passivo.
common_voice_pt_21896055|Você conseguiu ele?
common_voice_pt_21896056|Pânico
common_voice_pt_21896057|Pesquise imagens de gatos.
common_voice_pt_21896064|Um homem idoso que monta um skate através do parque.
common_voice_pt_21896065|Queremos alguma ação nessas fotos.
common_voice_pt_21896066|Você deve entender que o amor nunca impede um homem de perseguir seu destino.
common_voice_pt_21896067|Eu acho que você deve pensar que eu sou meio maluca.
common_voice_pt_21896069|Uma das árvores mais antigas de Lincoln.
common_voice_pt_21896082|Beije suavemente a magia mágica
common_voice_pt_21896083|Foi o que eu disse.
common_voice_pt_21896084|um homem pulando de um prédio para outro próximo
common_voice_pt_21896085|Você deveria ter aprendido que miniaturas com mulheres usando decotes são apenas iscas.
common_voice_pt_21896086|Ele pegou uma das pedras.
common_voice_pt_21896087|Para a Páscoa, carne de cordeiro e para o Natal, do galinheiro.
common_voice_pt_21896088|Eu vou convindar a Maria Eduarda para ir comigo.
common_voice_pt_21896089|O melhor cozinheiro é o bom óleo.
common_voice_pt_21896090|É um segredo?
common_voice_pt_21896091|Todo o desporto do país e do mundo está aqui.
common_voice_pt_21896102|Seu chefe acha que ele não trabalha o suficiente.
common_voice_pt_21896103|O que é tão ilógico sobre isso?
common_voice_pt_21896104|Eu tenho sido solitário e faminto por algo praticamente toda a minha vida.
common_voice_pt_21896106|Inútil como uma porta de tela em um submarino.
common_voice_pt_21896107|Estar constantemente brigando.
common_voice_pt_21896412|O que ele fez para o seu país?
common_voice_pt_21896413|Assexuado significa que você não encontra ninguém sexualmente atraente.
common_voice_pt_21896414|A maior produção do ano em arroz.
common_voice_pt_21896415|lugar lindo à noite
common_voice_pt_21896416|Um homem fazendo algum tipo de truque.
common_voice_pt_21896417|Gestão de fundos e outras tecnologias
common_voice_pt_21896418|Com quantos paus se faz uma canoa?
common_voice_pt_21896419|Ele deve saber lidar com as cobras do deserto.
common_voice_pt_21896420|Nós dois podemos ouvir.
common_voice_pt_21896421|A perda do cruzador foi um golpe para a frota.
common_voice_pt_21896422|Você fez um ótimo trabalho!
common_voice_pt_21896423|Várias pessoas estão pedindo comida em uma janela.
common_voice_pt_21896424|Vovô é sempre tão calmo e colecionado.
common_voice_pt_21896425|A sexualidade é um mistério.
common_voice_pt_21896426|Por que não procuramos em seus quartos?
common_voice_pt_21896427|Senhores da Imprensa!
common_voice_pt_21896428|Um veleiro na água ao nascer do sol.
common_voice_pt_21896429|Meu freezer contém o suficiente para um banquete.
common_voice_pt_21896430|As mulheres se alinham no estado em vestidos festivos na frente de uma platéia.
common_voice_pt_21896431|Esta droga estava pronta para andar.
common_voice_pt_21896432|Uma criança pequena desfruta de um parque aquático com a mãe.
common_voice_pt_21896433|Sim ou não!
common_voice_pt_21896434|Como eu digo olá em coreano?
common_voice_pt_21896435|Por favor, lembre-se da diferença entre a plataforma e o trem.
common_voice_pt_21896436|Você escreveu ou não fez?
common_voice_pt_21896437|Bem, tenho uma última jogada para tentar, e esta é um clássico.
common_voice_pt_21896438|Eu segurei o movimento do Sr. Potter.
common_voice_pt_21896439|um homem tocando um violino elétrico.
common_voice_pt_21896440|Eu não suporto a visão de sangue.
common_voice_pt_21896441|Quem são essas pessoas?
common_voice_pt_21896442|Velhos amigos e vinho velho são os melhores.
common_voice_pt_21896443|Eles gostaram do silêncio.
common_voice_pt_21896444|Uma corrente de amor correu de seu coração e o menino começou a rezar.
common_voice_pt_21896445|O meu está na porta.
common_voice_pt_21896446|Eu não podia confiar nesta pesquisa como está sendo desatualizado.
common_voice_pt_21896447|Salve ele dessa vez.
common_voice_pt_21896448|Completar objetivos desbloqueará novas skins e habilidades.
common_voice_pt_21896449|Peixe e batatas fritas são muito ricos em colesterol.
common_voice_pt_21896450|Por que você acha que eu te trouxe aqui?
common_voice_pt_21896451|Chanceler imperial
common_voice_pt_21896452|O que ele queria?
common_voice_pt_21896453|O cabelo dela era preto.
common_voice_pt_21896454|Você verificou seu laser?
common_voice_pt_21896455|Fomos bombardeados por propagandas
common_voice_pt_21896456|É o passaporte da sua esposa?
common_voice_pt_21896457|Eu quero agradar a todos.
common_voice_pt_21896458|Ouvi dizer que ele começou a trabalhar desta vez.
common_voice_pt_21896459|Envie este arquivo para o Google Drive.
common_voice_pt_21896460|Deu um grito peculiarmente agudo.
common_voice_pt_21896461|Não é uma meta tão difícil assim.
common_voice_pt_21896462|Um jogador de futebol em verde aborda um jogador de futebol em branco
common_voice_pt_21896463|Sou tudo sobre essas conexões cósmicas invisíveis que transcendem o tempo e a distância.
common_voice_pt_21896464|O jogador de futebol em vermelho está tentando bloquear o jogador em branco.
common_voice_pt_21896465|Novamente.
common_voice_pt_21896466|A mesma mão que brandira a espada agora continha um chicote.
common_voice_pt_21896467|Um homem com uma muleta está dormindo em um banco.
common_voice_pt_21896468|Um menino olha por cima de um balcão de metal branco.
common_voice_pt_21896469|Eu sei que você vai pagar quando puder.
common_voice_pt_21896470|Hey
common_voice_pt_21896471|Governo da cidade de Taipei
common_voice_pt_21896472|O menino estava lá quando o sol nasceu.
common_voice_pt_21896473|Na casa dos jogadores todos dançando a contraparte.
common_voice_pt_21896474|Estudar estas frases-chave irá ajudá-lo durante a viagem.
common_voice_pt_21896475|Segurança, leve esse cara embora!
common_voice_pt_21896476|Eles simplesmente não deixam ninguém falar sobre política com eles.
common_voice_pt_21896477|O menino estava tentando entender a verdade do que o velho dissera.
common_voice_pt_21896478|Nós recebemos a conta, por favor?
common_voice_pt_21896479|Uma banda se apresenta em um palco.
common_voice_pt_21896480|Ela aparentemente não escutou.
common_voice_pt_21896481|Ouvintes nunca ouvem falar de si mesmos
common_voice_pt_21896482|Um pequeno corpo muitas vezes abriga uma grande alma.
common_voice_pt_21896483|Uma menina de azul está sorrindo enquanto jogando em um balanço de corda.
common_voice_pt_21896484|Em nome de todos os meus colegas, gostaria de expressar minha mais alta gratidão!
common_voice_pt_21896485|Senhora em um polo azul segurando um bebê e uma pequena caixa.
common_voice_pt_21896486|Você teve algum problema em encontrar a casa?
common_voice_pt_21896487|Continuamos a andar de carro
common_voice_pt_21896488|Fechar portão.
common_voice_pt_21896489|Você não pode parar por uma coisa agora!
common_voice_pt_21896490|Nos primeiros séculos da existência da cidade, foi uma ponte de madeira.
common_voice_pt_21896491|Eu ouvi muito coração
common_voice_pt_21896492|Aquele que você está bloqueando.
common_voice_pt_21896493|Há mais gênio em suas concepções, mais ousadas em suas habilidades.
common_voice_pt_21896494|O amor procurado é bom, mas é melhor.
common_voice_pt_21896495|Desejo que você tenha um bom dia.
common_voice_pt_21896496|Eu caí em um ciclo triste
common_voice_pt_21896497|O lápis foi cortado para ser afiado em ambas as extremidades.
common_voice_pt_21896498|Que, de maneira espiritual e científica, eu também sabia sobre essas questões.
common_voice_pt_21896499|Mas ele está no caminho certo.
common_voice_pt_21896500|Então ele vai andar de bicicleta ao lado dele!
common_voice_pt_21896501|Turistas curtindo a mãe natureza.
common_voice_pt_21896502|Me de licença!
common_voice_pt_21896503|Vovô se foi
common_voice_pt_21896504|O pau-brasil quase foi extinto
common_voice_pt_21896505|Ela riu.
common_voice_pt_21896506|O tratamento é assim
common_voice_pt_21907104|Antes de abrir a boca, seus dentes já foram vistos.
common_voice_pt_21907106|Este cavalheiro está falando ao telefone
common_voice_pt_21907114|Sopra uma moeda de noventa dias
common_voice_pt_21907115|Está chegando.
common_voice_pt_21907116|O mesmo professor pode coordenar e representar mais de uma equipe.
common_voice_pt_21907117|Eu te dei cinquenta no outro dia.
common_voice_pt_21907118|Um músico no palco chega a um fã na platéia.
common_voice_pt_21907124|Eu tranquei os olhos com um peixe no tanque.
common_voice_pt_21907125|Esta vida pode ser completada?
common_voice_pt_21907126|Sejam bem-vindos!
common_voice_pt_21907127|Eu ainda não consigo entender isso.
common_voice_pt_21907128|Quando vimos que era apropriado nomear nossa iniciativa, consideramos várias possibilidades.
common_voice_pt_21907134|É um bom rosto.
common_voice_pt_21907135|O sol estava muito quente neste verão.
common_voice_pt_21907136|Então a coisa veio em cima dele em um flash.
common_voice_pt_21907137|Várias pessoas estão trabalhando em computadores em um escritório com grandes janelas.
common_voice_pt_21907138|Esse foi o trabalho útil de outra pessoa.
common_voice_pt_21907144|O humor cômico.
common_voice_pt_21907145|Espere até chegarmos em casa.
common_voice_pt_21907146|O homem trabalha a grade no suporte do alimento do carnaval.
common_voice_pt_21907147|um cachorro persegue outro cachorro.
common_voice_pt_21907148|Um homem verifica o pneu traseiro de uma bicicleta que é embalada com engrenagem.
common_voice_pt_21907154|Eles foram fechados exatamente dentro do círculo onde eles geralmente se movem.
common_voice_pt_21907155|O menino pegou sua bolsa e colocou com as outras coisas.
common_voice_pt_21907156|O texto não discute o significado e o efeito dos pesos.
common_voice_pt_21907157|A sociedade é uma ferramenta de fraude
common_voice_pt_21907158|O prazo terminou no final de junho daquele ano.
common_voice_pt_21907159|Ele é seu amigo?
common_voice_pt_21907160|O engate entre o cavalo e o carro quebrou.
common_voice_pt_21907161|Um ou mais e cinco ou menos
common_voice_pt_21907162|Um cavaleiro de rodeio em um cavalo bucking com um palhaço no fundo.
common_voice_pt_21907163|Corpo de bombeiros realizando um resgate.
common_voice_pt_21907169|Eu sinto muito por isso.
common_voice_pt_21907170|Duas mulheres de saias estão de pé ao lado de uma estrutura de pedra.
common_voice_pt_21907171|Qual seria o primeiro pagamento dela nessa política?
common_voice_pt_21907172|Com a ajuda do ralador de cebola, esprema o chocolate uniformemente.
common_voice_pt_21907173|Você não sabe que existem nove empregos esperando por esse cara?
common_voice_pt_21907185|Eles cruzaram o deserto por mais dois dias em silêncio.
common_voice_pt_21907186|Por que você não se opôs quando pôde?
common_voice_pt_21907187|A paz do dia
common_voice_pt_21907188|Agora nos dê sessenta dias sobre isso.
common_voice_pt_21907198|Sylvester precisava meditar para clarear sua mente.
common_voice_pt_21907199|Acabei de me livrar de uma multidão.
common_voice_pt_21907201|Você tem isso?
common_voice_pt_21907202|A foto está no jornal!
common_voice_pt_21907203|Ele estava evidenciando a idéia dele.
common_voice_pt_21907204|Ele ouviu o vento e sentiu as pedras sob seus pés.
common_voice_pt_21907205|Garotos e garotas em um lugar apertado com bebidas na mão.
common_voice_pt_21907206|É a única resposta.
common_voice_pt_21907207|Dois homens estão jogando basquete
common_voice_pt_21907208|O vértice estava fora de alinhamento.
common_voice_pt_21907214|Três meninas correm em um campo lá fora.
common_voice_pt_21907215|Significa apenas que o coração faz o que pode, disse o alquimista.
common_voice_pt_21907216|Um grande cão marrom está jogando na sujeira e na grama.
common_voice_pt_21907217|Quando a bandeira se abriu, todos gritaram como feras.
common_voice_pt_21907218|Cuide de pessoas relativamente acessíveis
common_voice_pt_21907224|Vamos à praia no domingo
common_voice_pt_21907225|Não faça um projeto do governo fora disso!
common_voice_pt_21907226|Várias mulheres andando pela rua.
common_voice_pt_21907227|Eu escapei
common_voice_pt_21907228|Filmes em que Keanu Reeves estava.
common_voice_pt_21907234|Uma mulher trabalha em um jardim de flores
common_voice_pt_21907235|Quatro mulheres em vestidos amarelos estão realizando um balé.
common_voice_pt_21907236|Ainda faltam duas horas
common_voice_pt_21907238|Toque música número dez.
common_voice_pt_21907239|Ela não conseguia encontrar um cesto de lixo.
common_voice_pt_21907249|Kelly estava interessada em esclarecer a morte de seu irmão.
common_voice_pt_21907250|Vinícius e Benjamim são Brasileiros.
common_voice_pt_21907251|Outra pessoa estava lá para ajudá-lo em seu destino.
common_voice_pt_21907252|Porque a prudência sempre foi seu forte.
common_voice_pt_21907253|Eu te imploro.
common_voice_pt_21907259|Este é o meu ponto mais insatisfeito.
common_voice_pt_21907260|Eu quero olhar para a minha flor.
common_voice_pt_21907261|Ryan sabe nadar.
common_voice_pt_21907262|Vivendo em Taipei
common_voice_pt_21907263|Eu não acredito em vodu.
common_voice_pt_21907279|Dois homens estão olhando o oceano em um recurso tropical.
common_voice_pt_21907280|Um grupo de pessoas sentam-se ao ar livre juntos à noite.
common_voice_pt_21907281|Você sacrificaria a vida de um humano se isso salvasse muitas outras vidas?
common_voice_pt_21907282|Qual é a previsão do tempo para amanhã?
common_voice_pt_21907283|Você pode jogar no Youtube?
common_voice_pt_21907294|Sigmund descreveu a ocorrência com todos os seus detalhes obscenos.
common_voice_pt_21907295|Quando há uma perda de pressão da cabine, as máscaras de oxigênio caem automaticamente.
common_voice_pt_21907296|O que você comeu no jantar?
common_voice_pt_21907297|O que você fez com eles?
common_voice_pt_21907298|Ele só perdeu três botões de seu colete.
common_voice_pt_21907309|Qual foi a razão para o aumento?
common_voice_pt_21907310|Você sabe porque?
common_voice_pt_21907311|Suponho que a hora fosse quatro ou cinco horas.
common_voice_pt_21907312|Retire a sonda até saber exatamente onde o erro está localizado.
common_voice_pt_21907313|Você disse que queria fogos de artifício.
common_voice_pt_21907324|A tristeza em casa é um desejo mórbido de voltar para casa.
common_voice_pt_21907325|Para que time você torce?
common_voice_pt_21907326|Ela sempre foi muito gentil e amigável com todos os estranhos.
common_voice_pt_21907327|Um homem em uma praça olha para uma mulher com uma calça transparente.
common_voice_pt_21907328|Uma pessoa está sentada em uma borda de um rio em uma cidade.
common_voice_pt_21907349|Eu já tenho contramedidas
common_voice_pt_21907350|Uma jovem mulher está chutando uma bola de futebol em um campo.
common_voice_pt_21907351|Deixe-me dizer o que vai acontecer.
common_voice_pt_21907352|Este é o segredo do nosso sucesso
common_voice_pt_21907353|Acho que vou para casa e ver o que a família está fazendo.
common_voice_pt_21918695|Pare até que o extra saia.
common_voice_pt_21918711|Um jovem rapaz segurando um guarda-chuva azul.
common_voice_pt_21918712|Não era uma relação saudável
common_voice_pt_21918713|Ninguém viajando de ônibus ficou ferido.
common_voice_pt_21918714|Foi um elemento de sua sexualidade.
common_voice_pt_21918715|Está muito quente.
common_voice_pt_21918731|Um homem e uma mulher estão correndo em uma maratona.
common_voice_pt_21918732|Um grupo de médicos examinou os prontuários médicos do paciente.
common_voice_pt_21918733|Estes são os princípios gerais pelos quais nos regemos.
common_voice_pt_21918734|Eu estava terrivelmente preocupado.
common_voice_pt_21918735|Fiquei profundamente impressionado com esta pintura.
common_voice_pt_21918741|Eles só relaxaram por um momento.
common_voice_pt_21918742|Estamos planejando visitar o Grand Canyon.
common_voice_pt_21918743|Um homem de camisa rosa cruza as pernas.
common_voice_pt_21918745|Afirmado pelos meios de comunicação nacionais e estrangeiros
common_voice_pt_21918746|Muito obrigado a todos.
common_voice_pt_21918771|Várias pessoas estão colhendo culturas em um mercado urbano.
common_voice_pt_21918772|Um menino negro fica em um sinal de trânsito.
common_voice_pt_21918773|Desculpas por não ligar de volta.
common_voice_pt_21918774|Eu espero que dê certo.
common_voice_pt_21918775|Eu não consigo parar de me preocupar.
common_voice_pt_21918790|De repente, o menino ficou feliz por estar lá no armazém.
common_voice_pt_21918791|Era uma tenda como muitos no oásis.
common_voice_pt_21918792|Não é nada para mim.
common_voice_pt_21918793|Os garotos estão procurando por maçãs que não existem.
common_voice_pt_21918794|Um homem e uma criança estão olhando um peixe verde em uma lagoa pequena.
common_voice_pt_21918805|Emboscado por muitos dias
common_voice_pt_21918806|E o último?
common_voice_pt_21918807|Nós vamos ter que satisfazê-los.
common_voice_pt_21918808|Cantava como um anjo e dançava como um demônio
common_voice_pt_21918809|Os três ficaram em silêncio.
common_voice_pt_21918815|Os estudantes assistem a uma aula de matemática na universidade.
common_voice_pt_21918816|Um adolescente do sexo masculino monta seu skate em uma grande rocha.
common_voice_pt_21918817|Ele tem o suficiente para quem está contente.
common_voice_pt_21918818|Após esse período, você tem mais vinte dias corridos para concluir o procedimento correspondente.
common_voice_pt_21918819|Um dançarino está realizando um movimento de dança.
common_voice_pt_21918825|Em certos lugares, não.
common_voice_pt_21918826|Estava florescendo lindamente.
common_voice_pt_21918827|Um grupo de golfinhos veio e nos protegeu dos tubarões.
common_voice_pt_21918828|Alguém lavando pratos com luvas de látex em uma pia de metal.
common_voice_pt_21918829|Uma pessoa mais velha com uma roupa de bronzeado está cozinhando.
common_voice_pt_21918835|Corra para comprar frutas
common_voice_pt_21918836|Qual deles é você?
common_voice_pt_21918838|Dispense com um colete em um dia como este.
common_voice_pt_21918839|Meus filhos adoram suco de maracujá.
common_voice_pt_21918845|Sistema maduro comprovado
common_voice_pt_21918846|Quanto maior, mais animal.
common_voice_pt_21918847|Descobriu que as mulheres ainda são afetadas por idéias tradicionais
common_voice_pt_21918848|Uma multidão de pessoas andando na calçada em uma cidade.
common_voice_pt_21918849|As pequenas histórias que eles contam são falsas.
common_voice_pt_21918863|Um cachorro preto recupera um pássaro.
common_voice_pt_21918865|Não faça isso por mim!
common_voice_pt_21918867|Uma rua cheia de lojas.
common_voice_pt_21918868|Sim.
common_voice_pt_21918869|Só pode ser escrito neste caderno
common_voice_pt_21918896|Você pode, por favor, verificar seu inventário?
common_voice_pt_21918898|Vire a direita.
common_voice_pt_21918899|Eu não posso deixar você ter meu avião.
common_voice_pt_21918900|Estados Unidos da Ámerica.
common_voice_pt_21918901|Dois cães estão correndo pela neve com a bola na boca.
common_voice_pt_21918935|Ele muitas vezes se levanta às três da manhã
common_voice_pt_21918936|É sábio compreender o todo.
common_voice_pt_21918937|Um jogador de esportes em um uniforme verde.
common_voice_pt_21918938|Eu preciso de um tempo para pensar.
common_voice_pt_21918939|um homem está debaixo d'água sentado no fundo da piscina
common_voice_pt_21918950|Mas eu não tinha ideia do que estava acontecendo.
common_voice_pt_21918952|Venda de eletrodomésticos de alta qualidade
common_voice_pt_21918953|Ele ficou indeciso por um momento e depois saiu do fosso.
common_voice_pt_21918955|Eu estava dividido entre medo e curiosidade.
common_voice_pt_21918956|Várias pessoas que trabalham em uma estrutura de madeira.
common_voice_pt_21918998|O doutor Kim vestiu a ferida com uma bandagem enquanto olhava desapontado para mim.
common_voice_pt_21918999|Talvez a brisa não sopre mais
common_voice_pt_21919002|Maravilhosa é a força da alegria.
common_voice_pt_21919003|Preocupante, o sinal de rádio ficou mais fraco.
common_voice_pt_21919004|Ligue para a esposa de Michael.
common_voice_pt_21919023|Quem é esse?
common_voice_pt_21919024|Uma menina olhando algumas fotos na parede.
common_voice_pt_21919025|Os dois foram levados para um acampamento militar próximo.
common_voice_pt_21919026|E eu sou o maior do lote.
common_voice_pt_21919027|Visto da estrada costeira do norte
common_voice_pt_21919043|Um menino pulando em uma fonte.
common_voice_pt_21919044|A família vive com medo
common_voice_pt_21919045|Um cão preto menor que luta com um cão marrom maior em uma floresta.
common_voice_pt_21919046|Isso é outra questão.
common_voice_pt_21919047|Viva com a tia que abriu a loja
common_voice_pt_21919063|Apenas pise nele.
common_voice_pt_21919064|Apesar de enfrentar o futuro que não pode ser dominado
common_voice_pt_21919065|Natal com sol, Páscoa com fogo.
common_voice_pt_21919066|Eu estarei lá puxando por você.
common_voice_pt_21919067|Pronto para atacar
common_voice_pt_21919078|Outras modificações profundas no motor afetam a geração de alternativas e serão descritas posteriormente.
common_voice_pt_21919079|Dois homens dormem em uma cama em uma loja enquanto as crianças olham.
common_voice_pt_21919080|A senhora deputada à direita, por favor, esclarecerá as preocupações do seu círculo eleitoral?
common_voice_pt_21919081|Muitos internautas não podem entrar
common_voice_pt_21919082|Um casal abraça enquanto sozinho em uma plataforma perto de trilhos de trem.
common_voice_pt_21919097|Uma pessoa está andando na distância de uma ponte amarela.
common_voice_pt_21919098|Vamos indicar alguns filmes para você.
common_voice_pt_21919099|Um menino que veste uma camisa vermelha corre ao longo de uma praia.
common_voice_pt_21919101|Precisamos resolver esse problema rapidamente.
common_voice_pt_21919123|Mas o inglês parecia não dar importância a isso.
common_voice_pt_21919125|A necessidade é uma enfermeira difícil, mas ela cria filhos fortes.
common_voice_pt_21919126|Um belo pescoço que você tem aí.
common_voice_pt_21919127|de volta para a escavação.
common_voice_pt_21919138|Coloque de volta exatamente onde você achou neste instante.
common_voice_pt_21919139|Pode escrever e sorrir
common_voice_pt_21919142|Como se eu tivesse o dinheiro de volta em um cofre.
common_voice_pt_21919143|É sempre bom se você pode aprender algo novo, não é?
common_voice_pt_21919158|um cara muito bonito com uma linda garota
common_voice_pt_21919159|O jardim é mais antigo que a casa.
common_voice_pt_21919160|Dois policiais armados estão patrulhando as ruas.
common_voice_pt_21919161|O otimismo é a chave para uma vida feliz.
common_voice_pt_21919162|Pontos de vista e instalações de segurança serão a única grande infraestrutura permitida.
common_voice_pt_21919173|É um urso de ouro ou um urso marinho?
common_voice_pt_21919174|Um sono curto, tomado no meio do dia.
common_voice_pt_21919175|Sinto muito por ele.
common_voice_pt_21919176|O casco do navio entrou em colapso.
common_voice_pt_21919177|Um gorila havia entrado na armadilha e agora era transportado para o zoológico.
common_voice_pt_21919188|Feche a escotilha antes que as ondas a empurrem.
common_voice_pt_21919189|Seus negócios não foram bem nos últimos anos de sua vida.
common_voice_pt_21919190|Você nunca nasceu.
common_voice_pt_21919191|Eu vi Louis outro dia, ele estava super preocupado com você.
common_voice_pt_21919192|Ela deu a cada um deles metade para fazê-los trabalhar juntos.
common_voice_pt_21919198|Onde Maria foi?
common_voice_pt_21919199|Espigas de milho podem ser usadas para acender um fogo.
common_voice_pt_21919201|Povos que sentam-se nas bordas que cercam etapas e uma parede telhada.
common_voice_pt_21919202|O menino foi procurar o inglês.
common_voice_pt_21919203|É verdade que tudo tem seu destino, mas um dia esse destino será realizado.
common_voice_pt_21919213|Segurando o saco de papel com dinheiro
common_voice_pt_21919214|Quatro pessoas estão subindo algumas escadas ao ar livre.
common_voice_pt_21919215|O modelo operacional é muito distinto
common_voice_pt_21919216|Você viveu sua vida de uma maneira amorosa e morreu com dignidade.
common_voice_pt_21919218|Abra um nova aba para este processo.
common_voice_pt_21919223|Eu não tenho relógio.
common_voice_pt_21919224|Você não pode acreditar que não é manteiga?
common_voice_pt_21919225|Isso me deu arrepios.
common_voice_pt_21919226|Eu sabia que você acordaria mais cedo ou mais tarde!
common_voice_pt_21919227|Um homem com uma mala detém papel como ele se senta por uma marina.
common_voice_pt_22044404|Encontre o calendário para um beijo antes de morrer.
common_voice_pt_22044406|A felicidade pode ser suficiente para muitos, o suficiente para qualquer um.
common_voice_pt_22044407|Um toque de cólica.
common_voice_pt_22044408|E você me contou sobre presságios.
common_voice_pt_22044409|No passado, tive problemas para priorizar as coisas nessa lista.
common_voice_pt_22044462|Um homem gordo em uma camisa roxa comendo uma batata frita.
common_voice_pt_22044463|Comunique-se com os outros
common_voice_pt_22044464|Três amigos estão relaxando em volta da mesa.
common_voice_pt_22044465|As pessoas estão puxando um grande trator verde.
common_voice_pt_22044466|O grande problema é que Londres é muito cara.
common_voice_pt_22044507|Dois meninos estão segurando pipas vermelhas com água no fundo.
common_voice_pt_22044509|Fomos ao debate.
common_voice_pt_22044511|Mundo perfeito.
common_voice_pt_22044516|Não me atrevo a atravessar
common_voice_pt_22044520|Olhando para o sol, calculou que chegaria a Tarifa antes do meio-dia.
common_voice_pt_22044552|Foi um grande erro.
common_voice_pt_22044553|Pessoa chinesa andando e carregando uma cesta de flores.
common_voice_pt_22044554|Hélio faz sua voz estridente.
common_voice_pt_22044555|É fundamental manter a tração no asfalto.
common_voice_pt_22044556|Alguns cientistas acreditam que a origem desse sinal oscilante seja uma estrela de nêutrons.
common_voice_pt_22044571|Um menino balança no playground.
common_voice_pt_22044572|Mulher com cabelo loiro cantando em um microfone.
common_voice_pt_22044574|Você tem o número de telefone de Nina?
common_voice_pt_22044576|Crianças correndo pela grama.
common_voice_pt_22044578|Peru e Venezuela venceram suas partidas.
common_voice_pt_22044612|Você não precisa sentir o cheiro do mundo!
common_voice_pt_22044613|Por que você diz isso?
common_voice_pt_22044615|Dois bombeiros ao lado de seu motor de fogo.
common_voice_pt_22044618|Eu ainda acho o artigo desnecessariamente obscuro.
common_voice_pt_22044662|Agência pública hospitalar
common_voice_pt_22044664|Nós não poderíamos fazer isso em uma semana!
common_voice_pt_22044668|Em sua visita ao Irã, o diplomata criticou a censura estrita.
common_voice_pt_22044672|Exija o benefício ou serviço que a Fundação pode oferecer.
common_voice_pt_22044675|Ele é meu pai
common_voice_pt_22044712|Para encher seus próprios bolsos.
common_voice_pt_22044713|É para a Annabelle.
common_voice_pt_22044714|Nadia teve reclamações suficientes de todas as queixas de Sofia.
common_voice_pt_22044715|Uma garota descendo um poste
common_voice_pt_22044716|Eu realmente sinto que esse comportamento é estúpido.
common_voice_pt_22044737|Você tem algo em mente.
common_voice_pt_22044738|Expressar a opinião de que a área não está desenvolvida
common_voice_pt_22044739|O garoto estava brincando com seu carro remoto.
common_voice_pt_22044740|Certamente cumpriria os requisitos do meu contrato.
common_voice_pt_22044742|Um linguado de pedra é a definição de livro de camuflagem eficaz.
common_voice_pt_22044807|Como você pode dizer isso no funeral?
common_voice_pt_22044808|Existe uma multidão na rua?
common_voice_pt_22044809|Carta de Sangue e Ferro
common_voice_pt_22044811|À direita ou vice-versa, em casa há dinheiro.
common_voice_pt_22044816|Fechar o firefox
common_voice_pt_22044872|O aplicativo foi baixado.
common_voice_pt_22044873|Você acredita em superpopulação?
common_voice_pt_22044874|Revise as declarações fiscais com vista à sua apresentação.
common_voice_pt_22044875|Um homem corpulento está de pé ao lado de um prédio.
common_voice_pt_22044877|Eu deixei no escritório.
common_voice_pt_22044919|Nove homens foram contratados para cavar as ruínas.
common_voice_pt_22044920|Em caso de transferência bancária, o recebimento da transação deve ser anexado à solicitação.
common_voice_pt_22044922|Enquanto observavam as ondas batendo umas nas outras, Alice pensou em casa.
common_voice_pt_22044923|Campeonatos mundiais de futebol.
common_voice_pt_22044925|Eu estou fazendo um cão-guia robótico para minha dissertação.
common_voice_pt_22045008|O problema é mais sério do que não ter uma infraestrutura específica.
common_voice_pt_22045010|Reproduzir música número sete.
common_voice_pt_22045012|Então o que você quer de mim?, Perguntou o sol.
common_voice_pt_22045014|Mas talvez eu nunca tenha outra chance de chegar às pirâmides no Egito.
common_voice_pt_22045016|Você está vacilando.
common_voice_pt_22045077|Na idade da escola primária
common_voice_pt_22045085|Próxima música.
common_voice_pt_22045089|Nós não roubamos.
common_voice_pt_22045094|Um cão com uma bolsa de água está andando através da água verde clara.
common_voice_pt_22045099|Tenho a sensação de que é provável que soe aos alemães.
common_voice_pt_22045146|As pessoas esperam para embarcar em barcos.
common_voice_pt_22045150|Livre-se da oportunidade
common_voice_pt_22045155|Anéis de latão são vendidos por esses nativos.
common_voice_pt_22045172|eu queria ter mais tempo para respirar ar puro
common_voice_pt_22045182|Geralmente ocorrem pela manhã.
common_voice_pt_22045193|Trocas através do Estreito devem ser contínuas
common_voice_pt_22045200|Ellie ganhou o primeiro prêmio na competição de ortografia.
common_voice_pt_22045205|Você queria vê-la sobre algo importante?
common_voice_pt_22045207|Tanto tempo
common_voice_pt_22045209|Encontre a programação para o sucesso.
common_voice_pt_22045237|Eu não sabia até os últimos dois dias.
common_voice_pt_22045241|Até mesmo os guias falavam muito pouco um com o outro.
common_voice_pt_22045245|Mas eu não fui capaz de fazer isso.
common_voice_pt_22045332|Sair de um carro que foi atingido pela iluminação é uma ameaça à vida.
common_voice_pt_22045334|Muitas pessoas estão curtindo um show.
common_voice_pt_22045337|Duas crianças estão jogando hóquei no gelo no chão congelado lá fora.
common_voice_pt_22045338|Os jovens conversam do lado de fora perto de uma rua movimentada.
common_voice_pt_22045339|Um cachorro brinca com uma bola de futebol
common_voice_pt_22045395|Me desculpe, é impossível.
common_voice_pt_22045396|A produção de produtos.
common_voice_pt_22045397|As mulheres se vestem e ensaiam para uma performance.
common_voice_pt_22045398|Tolos correm para lugares onde anjos temem pisar.
common_voice_pt_22045399|Então é melhor ouvir o que tem a dizer.
common_voice_pt_22045443|O pacote de cuidados que você me enviou chegou bem a tempo.
common_voice_pt_22045445|Isso é um antílope meu filho.
common_voice_pt_22045447|Não é muito agradável conviver com eles.
common_voice_pt_22045448|A guirlanda de Natal feliz para a janela.
common_voice_pt_22045450|Eu comecei sozinho em casa na oficina.
common_voice_pt_22045495|Escolha sua esposa com seus ouvidos, não com seus olhos.
common_voice_pt_22045496|O texto é muitas vezes desnecessariamente obscuro.
common_voice_pt_22045498|Abaixo está o vale
common_voice_pt_22045500|A garantia pode ser devolvida assim que a auditoria é apresentada.
common_voice_pt_22045503|Mais tarde, está um pouco ocupado demais.
common_voice_pt_22045533|Eu lhe disse que não posso mais usar sua coluna.
common_voice_pt_22045534|Por favor, procure por filme Selado com um Beijo.
common_voice_pt_22045538|Eu acho que ele estava com Mohamed.
common_voice_pt_22045539|Dois meninos pequenos estão entrando em uma van de cor acinzentada.
common_voice_pt_22045565|O menino notou que a roupa do homem era estranha.
common_voice_pt_22045569|Um homem faz um truque de salto em uma moto
common_voice_pt_22045575|De repente, o monstro desapareceu.
common_voice_pt_22045580|Nenhuma maneira de falar
common_voice_pt_22045584|Ele tinha certeza de que a garota nunca entenderia.
common_voice_pt_22045600|Você trouxe a guirlanda de Natal?
common_voice_pt_22045602|Eu não fiz nada.
common_voice_pt_22045605|Um jóquei vestindo vermelho monta um cavalo sobre uma área gramada verde exuberante.
common_voice_pt_22045608|É um vento fraco que não agrada a ninguém.
common_voice_pt_22045611|Um homem assistindo algo que outras pessoas estão fazendo.
common_voice_pt_22045630|Liz colocou as flores em um vaso espelhado.
common_voice_pt_22045633|O dinheiro não é um problema, o problema não é dinheiro
common_voice_pt_22045637|Ele pegou as duas pedras e as colocou de volta em sua bolsa.
common_voice_pt_22045639|Você não vai me dizer?
common_voice_pt_22045641|em quanto tempo vou poder viajar
common_voice_pt_22045649|E ele desapareceu na esquina da praça.
common_voice_pt_22045713|Uma linha de chama alta pode ser vista na atmosfera.
common_voice_pt_22045715|Algumas pessoas e carros em seu trajeto diário em um dia chuvoso.
common_voice_pt_22045717|Várias pessoas mais velhas estão na frente de uma barraca de comida.
common_voice_pt_22045719|Um cachorro marrom está olhando de perto para um cachorro marrom e branco dormindo.
common_voice_pt_22045720|Problemas que ocorreram no começo deste ano
common_voice_pt_22045771|Um jovem se afastando para deixar uma jovem passar.
common_voice_pt_22045774|Encontre a programação de filmes animados no bairro.
common_voice_pt_22045777|Eu não me lembro disso.
common_voice_pt_22045779|Duas meninas olham acima em algo ao estar na frente de um microfone.
common_voice_pt_22045780|Um macho em uma jaqueta verde aponta uma espingarda imaginária para o céu.
common_voice_pt_22045872|Uma palavra legal para ninguém.
common_voice_pt_22045874|Prepare o jantar com a mãe
common_voice_pt_22045877|Uma criança vestida de forma bizarra puxa a bagagem pelo mercado
common_voice_pt_22045880|Isso é o que eu queria.
common_voice_pt_22045884|Estou saudável, apesar de tudo
common_voice_pt_22045921|Um cachorro correndo com um brinquedo azul na boca.
common_voice_pt_22045925|Fortuna favorece os Bravos.
common_voice_pt_22045928|Esta é minha esposa.
common_voice_pt_22045930|Não é permitido que todos sejam de um único gênero
common_voice_pt_22045933|Todos os advogados do mundo não vão ajudá-lo!
common_voice_pt_22095834|Ela vai nos encontrar hoje à noite.
common_voice_pt_22095835|Ele subia devagar e dolorosamente para fora do cilindro.
common_voice_pt_22095837|Os garotos vão voltar em breve.
common_voice_pt_22095839|Eu tremia de emoção
common_voice_pt_22095841|Dois jovens com cabelos cacheados estão sentados em uma mesa comendo
common_voice_pt_22095862|Júlia fala Português, Inglês e Espanhol.
common_voice_pt_22095863|Esta senhora do vestido estampado está tirando comida para o jantar.
common_voice_pt_22095865|Os narcóticos prejudicaram sua saúde
common_voice_pt_22095868|Dispositivos de som Bluetooth.
common_voice_pt_22095869|Outra questão.
common_voice_pt_22095880|Duas meninas pulando de um trampolim em um quintal.
common_voice_pt_22095881|Eu peguei o número e encontrei o meu lugar.
common_voice_pt_22095883|Senhas fortes não precisam ser difíceis de lembrar.
common_voice_pt_22095886|Ele vive e morre no meio dos sonhos de seu orgulho.
common_voice_pt_22095888|Pessoas em um carnaval participando de um concurso de tiro.
common_voice_pt_22095897|Um grupo de pessoas fantasiadas fica em volta de uma fogueira à noite.
common_voice_pt_22095898|Uma mulher tem trabalho dental feito enquanto uma criança fica do lado de fora.
common_voice_pt_22095899|Uma criança em uma camisola está desenhando em um quadro-negro.
common_voice_pt_22095903|Não é indispensável que sejam originais ou trabalhem ou tenham trabalhado lá.
common_voice_pt_22095963|Pare de me chamar assim!
common_voice_pt_22095964|Ele parou sua orelha.
common_voice_pt_22095965|Patinadora no gelo sendo atingida por outro jogador
common_voice_pt_22095971|Eu não tenho isso.
common_voice_pt_22095972|Mais tarde descobriu que o pessoal de serviço é taiwanês
common_voice_pt_22095973|O fogo do Ano Novo não causa nenhum dano.
common_voice_pt_22095974|Os cinco mil euros gastos em dois dias pela viúva Rosa.
common_voice_pt_22095977|Um jogo de futebol onde um pontapé de canto está prestes a acontecer.
common_voice_pt_22095979|Um homem está andando nas costas de um caminhão de lixo.
common_voice_pt_22095981|Sinta-se um pouco chato
common_voice_pt_22096026|Um menino pequeno está colocando itens de um carrinho para o check-out.
common_voice_pt_22096028|Porque a vida quer que você alcance seu destino.
common_voice_pt_22096029|Ligue para a minha mãe.
common_voice_pt_22096030|Tempestade e estresse.
common_voice_pt_22096031|Quem te pediu para ficar preso com algum deles?
common_voice_pt_22096062|Eu consegui encontrá-lo.
common_voice_pt_22096063|Nós vivemos em sociedade.
common_voice_pt_22096065|Quem não chora, não é mãe.
common_voice_pt_22096070|Apenas destacando esse fato no caso de você ter esquecido isso.
common_voice_pt_22096074|Duas pessoas ajudando um cavalheiro através da água.
common_voice_pt_22096114|Posso pegar o cronograma do filme
common_voice_pt_22096115|Pegue uma suíte no Imperial e contrate alguns guarda-costas.
common_voice_pt_22096116|A cisterna estava com defeito.
common_voice_pt_22096117|Entrar nessa área é proibido sem acariciar o gato do proprietário primeiro.
common_voice_pt_22096118|Este é o exemplo mais brilhante, mas não o único, a seu critério.
common_voice_pt_22096143|Um motociclista está consertando seu pneu em um dia ensolarado
common_voice_pt_22096144|A partir de junho, o dia começa a cair.
common_voice_pt_22096146|É fácil fazer aqui na cozinha.
common_voice_pt_22096148|Eu estou facilmente preso nela.
common_voice_pt_22096150|Uma mulher com cabelo vermelho está colocando na sombra no espelho
common_voice_pt_22096178|Três para dois a nosso favor.
common_voice_pt_22096180|Porque tem dois ingressos
common_voice_pt_22096183|E os nomes das pessoas envolvidas eram muito difíceis de pronunciar.
common_voice_pt_22096184|Foi o oitavo sino e essa foi a hora das almas.
common_voice_pt_22096185|Ele está feliz com sua escolha?
common_voice_pt_22096201|Uma pessoa andando pela calçada em uma cidade.
common_voice_pt_22096202|Eu admito que sou alcoólatra.
common_voice_pt_22096203|Tire fotos sombrias em preto e branco de pessoas deprimidas no escuro.
common_voice_pt_22096204|Duas crianças estão brincando na praia e a garota está pulando.
common_voice_pt_22096205|Postar um vídeo para escrever um blog
common_voice_pt_22096221|Eu cobrirei o método que uso e descreverei algumas alternativas.
common_voice_pt_22096222|Você não está autorizado a beijar de volta?
common_voice_pt_22096223|Ele me deixou completamente desapontado
common_voice_pt_22096224|A secretária puxou uma fibra solta.
common_voice_pt_22096253|Todos os pássaros começaram a cantar à primeira luz do amanhecer.
common_voice_pt_22096255|Máquinas de costura modernas podem reduzir sua velocidade.
common_voice_pt_22096256|Uma criança está curtindo um passeio.
common_voice_pt_22096257|Um cachorro correndo pela água.
common_voice_pt_22096279|Quanto mais você olha, mais você olha
common_voice_pt_22096282|Qual o problema disto
common_voice_pt_22096283|Seus olhos se contraíram incontrolavelmente.
common_voice_pt_22096284|Ele foi eleito pelos membros em novembro.
common_voice_pt_22096285|Este menino está dormindo em algum tipo de mobília.
common_voice_pt_22096306|Ele já estava novamente acostumado ao silêncio do deserto.
common_voice_pt_22096307|Ele não pode machucar ninguém.
common_voice_pt_22096308|A linha era perfeita.
common_voice_pt_22096309|Não os ajude a gravar
common_voice_pt_22096310|Muitas dessas pessoas estão sem trabalho.
common_voice_pt_22096321|Você é mesmo filho do meu pai.
common_voice_pt_22096322|O comunismo é o oposto do capitalismo.
common_voice_pt_22096323|Você está tentando nos pegar ou algo assim?
common_voice_pt_22096329|Como você pode dizer isso?
common_voice_pt_22096331|Não, você verificou no balcão?
common_voice_pt_22096332|Um par de casais japoneses também pegou o carro errado
common_voice_pt_22096333|Foi preciso muito esforço mental para fazer as coisas mais básicas.
common_voice_pt_22096344|Corra para comprar sorvete
common_voice_pt_22096345|Para onde ele estava indo?
common_voice_pt_22096346|Podemos planejar fazer isso na terça?
common_voice_pt_22096347|Eu queria que eles fizessem parte de sua herança.
common_voice_pt_22096348|A boa filha cresce costurada nas saias da mãe.
common_voice_pt_22096367|Um gato embaixo do banco assobiando com um cachorro rosnando e tentando pegá-lo.
common_voice_pt_22096369|Além disso, não serei necessário nos próximos dois dias.
common_voice_pt_22096372|Então ele se levantou e saiu.
common_voice_pt_22096375|Eu sou apenas uma pessoa comum
common_voice_pt_22097038|Uma criança caminha para fora quando as folhas caem.
common_voice_pt_22097039|Onze escorpiões foram coletados por um caçador.
common_voice_pt_22097040|Por favor, seja humilde.
common_voice_pt_22097043|Seu pai era o doutor Mitchell.
common_voice_pt_22097047|Um casal assistindo a um show em um restaurante.
common_voice_pt_22097049|Dois homens na varanda olham para cima e apontam para alguma coisa.
common_voice_pt_22097076|Propõe questões organizacionais ou melhoria interna.
common_voice_pt_22097077|O levante aumentou de intensidade.
common_voice_pt_22097078|Uma menina em um boné roxo sopra bolhas de sabão.
common_voice_pt_22097079|Nós não podemos contar.
common_voice_pt_22097081|Pode guardar isso na geladeira?
common_voice_pt_22097130|Você não pode simplesmente observar homens e presságios para entender a linguagem do menino?
common_voice_pt_22097131|Reserve uma reserva para um restaurante em Iémen
common_voice_pt_22097133|Primeiro tire fotos do lado de fora para brincar de neve
common_voice_pt_22097135|Você sabe algum nome brasileiro?
common_voice_pt_22097137|Isso me coloca em um buraco peculiar.
common_voice_pt_22097153|Melhor obrigado.
common_voice_pt_22097154|Um filhote brincalhão morde a camisa de um menino.
common_voice_pt_22097155|Ele se surpreendeu com o pensamento.
common_voice_pt_22097157|Assistindo a paródia foi ótimo entretenimento.
common_voice_pt_22097159|É importante para mim manter a Internet saudável.
common_voice_pt_22097188|Um menino andando pelo pátio de edifícios em ruínas.
common_voice_pt_22097189|Tem o acesso principal à primeira dessas ruas e depois a entrada pela segunda.
common_voice_pt_22097190|Um homem dando uma apresentação na frente de uma imagem projetada
common_voice_pt_22097191|Dez minutos restantes
common_voice_pt_22097192|As batatas são menos econômicas, duráveis e baratas do que as massas.
common_voice_pt_22097213|A experiência no caixão foi literalmente imersiva.
common_voice_pt_22097214|Um grupo de pessoas está andando pela calçada.
common_voice_pt_22097215|Não há lâmpada de rua aqui.
common_voice_pt_22097216|Ela parece meio entediada.
common_voice_pt_22097217|Duas mulheres novas que preparam o alimento dentro de uma cozinha suja.
common_voice_pt_22097233|Uma mulher vestindo uma camisa preta e shorts caminha através de uma fonte.
common_voice_pt_22097234|A folha embaralhada serve como nova.
common_voice_pt_22097235|Você e eu éramos os únicos que mantinham nossas cabeças.
common_voice_pt_22097236|As cortinas vermelhas faziam a sala parecer um inferno.
common_voice_pt_22097237|Luke? Eu sou sua irmã!
common_voice_pt_22097248|O que eu deveria fazer?
common_voice_pt_22097249|Você gosta de pinturas contemporâneas?
common_voice_pt_22097250|Ele pegou o dinheiro da bolsa e mostrou para o jovem.
common_voice_pt_22097251|Tudo depende da perspectiva
common_voice_pt_22097252|Em uma mesa redonda não há disputa sobre o lugar.
common_voice_pt_22097266|Muitas pessoas estão do lado de fora de tendas.
common_voice_pt_22097268|Fique ligado!
common_voice_pt_22097270|O cavalo e o jumento eram semelhantes.
common_voice_pt_22097271|Quer que alguém te leve para casa?
common_voice_pt_22097272|E então eu vou construir coisas.
common_voice_pt_22097298|Super delicioso e barato
common_voice_pt_22097300|Soa bem
common_voice_pt_22097301|Você não pode contar um livro pela capa.
common_voice_pt_22097302|Um cisne pousando em um lago.
common_voice_pt_22097322|uma criança pequena em uma camisa rosa correndo através de um campo florido.
common_voice_pt_22097324|Há uma árvore aqui
common_voice_pt_22097325|Adolescente negro caminha em uma área de baixa renda.
common_voice_pt_22097326|Muito trabalho
common_voice_pt_22097327|Onde deveria estar a taxa, em sua opinião?
common_voice_pt_22097349|Como é que algo assim começa a aparecer?
common_voice_pt_22097350|Pouco dinheiro abre o olho.
common_voice_pt_22097351|Não acho que é necessário, mas você pode, se quiser.
common_voice_pt_22097352|O indulto para George.
common_voice_pt_22097353|Sim, eu dei uma cutucada nisso e não consegui descobrir o que estava errado.
common_voice_pt_22097398|O cabelo de uma menina corre atrás dela enquanto balança
common_voice_pt_22097399|Scripts incorporados de fontes externas podem prejudicar a privacidade dos usuários.
common_voice_pt_22097400|Um homem em uma veste alaranjada que está sobre uma construção.
common_voice_pt_22097401|O ônibus está finalmente aqui.
common_voice_pt_22097403|Os esquiadores estão na frente do alojamento.
common_voice_pt_22097450|Alguém chame a polícia!
common_voice_pt_22097451|Sam é louco por Mick.
common_voice_pt_22097453|Estar com ele sozinha a fazia se sentir desconfortável.
common_voice_pt_22097455|Você é forte o suficiente?
common_voice_pt_22097458|Ela foi de mochila pela Europa com um amigo do ensino médio.
common_voice_pt_22097487|Rico aqui, pobre daqui em diante.
common_voice_pt_22097488|Os gansos sempre voam nessa formação?
common_voice_pt_22097490|Controle e arquive a documentação gerenciada pelos coordenadores de segurança.
common_voice_pt_22097491|Algoritmos de compressão de dados.
common_voice_pt_22097493|Uma criança está de pé na frente de algumas árvores.
common_voice_pt_22097519|Por que você não deve?
common_voice_pt_22097521|Eu não fui capaz de abalá-lo desde então.
common_voice_pt_22097522|A integridade do gráfico reconstruído
common_voice_pt_22097523|Um homem de camisa cinza está segurando um tubo de metal.
common_voice_pt_22097524|Essa foi a lei da hospitalidade.
common_voice_pt_22097566|Eu conheço Daniel muito bem.
common_voice_pt_22097567|não
common_voice_pt_22097568|Qual foi a sua coisa favorita para ver em suas viagens?
common_voice_pt_22097571|Uma mulher vestindo uma jaqueta preta está andando na calçada
common_voice_pt_22097573|O pequeno grupo de pessoas da cidade se dispersou.
common_voice_pt_22097643|José comprou um novo smartphone.
common_voice_pt_22097645|A senhora na camisa vermelha tem sua câmera estabelecida no campo para gravar algo.
common_voice_pt_22097647|O oposto do amor é a indiferença, não o ódio.
common_voice_pt_22097650|Mas o menino sabia que ele estava se referindo a Fátima.
common_voice_pt_22097652|Eu perguntei a alguém ao meu redor que eu ouvi isso.
common_voice_pt_22097703|Três homens entram na praia do oceano.
common_voice_pt_22097704|O garoto fechou o livro.
common_voice_pt_22097706|Uma tenista está de pé com os pés afastados em uma quadra.
common_voice_pt_22097708|Você já sabe tudo o que precisa saber.
common_voice_pt_22097713|A memória da brevidade da vida constantemente nos impressiona.
common_voice_pt_22147323|Ajuda e Deus te ajudará.
common_voice_pt_22147324|Quando e onde posso ver um filme comigo?
common_voice_pt_22147325|O bem conhecido quebra-cabeça com um doce golfinho.
common_voice_pt_22147326|Dois meninos estão limpando as folhas caídas.
common_voice_pt_22147327|Um cachorro bronzeado está jogando com uma bola de futebol
common_voice_pt_22252364|Os dois cachorros estão pulando.
common_voice_pt_22252365|Um homem asiático vestindo uma camiseta escura está no mercado.
common_voice_pt_22252366|Uma mulher em um chapéu negro em pé atrás de um carrinho de boneca.
common_voice_pt_22252367|Em breve eles vão acabar.
common_voice_pt_22252368|Ajudar a preencher o questionário de feedback
common_voice_pt_22252374|As notas alegres dos chifres pareciam espalhar a alegria de toda a praça.
common_voice_pt_22252375|Um jogador de futebol fica pronto para um pontapé de canto.
common_voice_pt_22252376|Um menino em uma piscina.
common_voice_pt_22252377|Compromisso de longo prazo
common_voice_pt_22252378|O desespero é algo que nos assombra à noite.
common_voice_pt_22252379|Ela foi infectada com bacilos da difteria com a idade de um ano.
common_voice_pt_22252380|A cor é verde!
common_voice_pt_22252381|Um homem fica ao lado de um salva-vidas.
common_voice_pt_22252382|Fique muito feliz
common_voice_pt_22252383|A pista parece muito curta para este tipo de avião.
common_voice_pt_22252384|Ela também lidou com o soco.
common_voice_pt_22252385|Uma mulher em uma jaqueta laranja está falando em seu celular.
common_voice_pt_22252386|Eu não tenho medo de falhar.
common_voice_pt_22252387|Eu emito todos os passes.
common_voice_pt_22252388|Em todos os lugares havia barracas com itens à venda.
common_voice_pt_22252389|Lucy é uma jornalista.
common_voice_pt_22252390|Por que temos uma cauda por natureza?
common_voice_pt_22252391|Compradores em uma loja de discos.
common_voice_pt_22252392|Uma mulher segurando um guarda-chuva preto em um dia ensolarado.
common_voice_pt_22252393|Uma varicela sobre mim por uma coisa desajeitada.
common_voice_pt_22252394|Você quer dizer que você não vai voltar a trabalhar aqui?
common_voice_pt_22252395|Tem amigos que participaram da palestra de hoje
common_voice_pt_22252396|Eu estou aqui há um mês.
common_voice_pt_22252397|Nossa hipoteca está em atraso.
common_voice_pt_22252398|Melhor voltar do que dar errado.
common_voice_pt_22252404|Os meninos estão jogando futebol na rua do bairro.
common_voice_pt_22252405|O árabe é escrito da direita para a esquerda.
common_voice_pt_22252406|Não tenho ideia do que é a ciência da complexidade.
common_voice_pt_22252407|Pode ser adicionado à minha playlist de dias úteis?
common_voice_pt_22252408|A equipe de emergência chegou rapidamente.
common_voice_pt_22252414|Eu digo que é benigno porque não vai além do prato que enfrentamos.
common_voice_pt_22252415|E lamento dizer que o congestionamento está aumentando.
common_voice_pt_22252417|Ela pegou o telefone na segunda.
common_voice_pt_22252419|O livro foi escrito em espanhol.
common_voice_pt_22252421|Isso é usado para autenticação baseada em host.
common_voice_pt_22252424|A luz verde na caixa marrom piscou.
common_voice_pt_22252425|Eu não assisti esse jogo.
common_voice_pt_22252426|Quer que eu pendure pinturas em sua conveniência.
common_voice_pt_22252427|Espere um minuto para ver se haverá uma cena noturna.
common_voice_pt_22252428|E agora ela tem medo que a tenhamos confundido nos negócios da máfia.
common_voice_pt_22252439|Ele nunca tinha chorado na frente de suas próprias ovelhas.
common_voice_pt_22252440|Para comer o coração de alguém.
common_voice_pt_22252441|Um cão marrom pula sobre um ramo de árvore caído.
common_voice_pt_22252442|Reconhecimento de Entidade Nomeada pode ser feito usando Redes Neurais.
common_voice_pt_22252443|O mundo invertido através do espelho.
common_voice_pt_22252449|Moldar a argila suavemente em forma de bloco.
common_voice_pt_22252450|Essa convenção é natural.
common_voice_pt_22252452|A menina tem uma chupeta enquanto o menino está fazendo bolhas
common_voice_pt_22252454|Quando visitei a América do Sul, jantei com Aaron, Douglas, Nicole e Raymond.
common_voice_pt_22252456|Quando é o conto da raposa que joga perto de mim
common_voice_pt_22252459|Ela discutiu com você?
common_voice_pt_22252460|babuínos bobocas balbuciando em bando
common_voice_pt_22252461|muitas possibilidades
common_voice_pt_22252462|Considera a dimensão horizontal como tempo.
common_voice_pt_22252463|Eu me recuperei e continuei a caminhada para casa.
common_voice_pt_22252474|Eu ouvi um pouco de culpa
common_voice_pt_22252475|Não só Taipei pode resolver
common_voice_pt_22252476|Rafael fala muito bem.
common_voice_pt_22252477|É o filho da tia
common_voice_pt_22252478|Brian está saindo hoje.
common_voice_pt_22252490|Um menino está pulando na frente de uma fonte.
common_voice_pt_22252493|Vamos falar sobre isso amanhã.
common_voice_pt_22252496|Uma noiva e suas damas de honra estão posando para uma foto.
common_voice_pt_22252497|Uma pessoa dez mil iene
common_voice_pt_22252498|Eu assisti a previsão do tempo.
common_voice_pt_22252509|o congestionamento era pesado em toda a cidade.
common_voice_pt_22252510|uma música que eu sinto muita falta
common_voice_pt_22252511|Vá em frente e coma seu jantar.
common_voice_pt_22252512|Você está brincando, senhora!
common_voice_pt_22252513|O tomate é mais caro a cada dia.
common_voice_pt_22252519|O cachorro está dormindo em cima da cama coberta pela folha azul.
common_voice_pt_22252520|Três toques sou eu.
common_voice_pt_22252521|Ela concordou sem hesitação
common_voice_pt_22252522|Ele seguiu seu sonho.
common_voice_pt_22252523|Todo mundo chega ao fim, mas o objetivo nem sempre é.
common_voice_pt_22252524|Um homem está dormindo na grama.
common_voice_pt_22252525|Você mencionou um repórter mais cedo?
common_voice_pt_22252526|O programa oferecido será composto por alojamento e pensão completa.
common_voice_pt_22252527|Alguém está dirigindo esse táxi.
common_voice_pt_22252528|Vinte e cinco unidades, por favor.
common_voice_pt_22252539|Você simplesmente não sabe tudo o que você fez.
common_voice_pt_22252540|Homem barbudo com um casaco azul andando pela rua.
common_voice_pt_22252541|Por que você fez isso?
common_voice_pt_22252542|Novo conceito
common_voice_pt_22252543|A força da aeronave é muito grande
common_voice_pt_22252544|Nós nunca perdemos uma partida contra eles.
common_voice_pt_22252545|Um homem sem-teto sendo observado por um homem em trajes de negócios.
common_voice_pt_22252546|O homem está abrindo uma grande pilha de cocos.
common_voice_pt_22252547|Um cão marrom caminha em direção a outro animal escondido na grama.
common_voice_pt_22252548|Podia ser um bom jogo, mas não foi.
common_voice_pt_22252549|Enquanto o fazia, ele conversou com o monge sobre as guerras tribais.
common_voice_pt_22252550|Um adulto e uma criança estão passando por um edifício de estilo contemporâneo.
common_voice_pt_22252552|Você pode falar um rótulo para clicar em um elemento.
common_voice_pt_22252553|Ela parece tão linda hoje.
common_voice_pt_22252554|Eu gostaria que você esquecesse de nós.
common_voice_pt_22252555|Durante a licença parental
common_voice_pt_22252556|Duas pessoas estão sentadas na estrada.
common_voice_pt_22252557|Você tem o dinheiro.
common_voice_pt_22252558|Algumas pessoas e veículos em uma rua movimentada.
common_voice_pt_22252559|Duas pessoas estão esperando o ônibus
common_voice_pt_22252560|É um bom lugar para passear se você decidir ir até lá.
common_voice_pt_22252561|O filho torcia para o Vasco e o pai para o Flamengo
common_voice_pt_22252562|Na minha juventude, meu pai era um hooligan.
common_voice_pt_22252563|Uma mulher fica no topo de uma pilha de água.
common_voice_pt_22252564|Eles não podem se ajudar.
common_voice_pt_22252568|Levantou algumas vacas
common_voice_pt_22252570|O cão nada em direção a uma cachoeira.
common_voice_pt_22252571|Uma mulher servindo outra mulher que está esperando na fila.
common_voice_pt_22252573|Dois cachorros brigam por alguma coisa.
common_voice_pt_22252574|Posso pegar minha mochila emprestada?
common_voice_pt_22252575|Você quer que eu?
common_voice_pt_22252576|Ele é o único marido que tenho.
common_voice_pt_22252577|Embora a capacidade reduzida fosse justificável em sua opinião, eles mantiveram o rumo.
common_voice_pt_22252578|Roupas e hospedagem são gratuitas para novos homens.
common_voice_pt_22252579|Um homem está de pé por árvores.
common_voice_pt_22252580|Aumentar volume
common_voice_pt_22252581|Um homem e seu amigo empurram uma concessão enquanto no parque.
common_voice_pt_22252582|Quando ele olhou para as pedras, sentiu-se aliviado por algum motivo.
common_voice_pt_22252583|um cachorro bronzeado correndo por um campo com a língua para fora
common_voice_pt_22252584|Faróis em um mundo nebuloso.
common_voice_pt_22252585|Eles estavam sofrendo de fome.
common_voice_pt_22252586|Para o irmão, irmã rica, e para o marido, a mulher saudável.
common_voice_pt_22252588|Tanto o corpo como a tampa e o portão serão elásticos.
common_voice_pt_22252591|Eu posso enviar informações contextuais para ele de outros aplicativos.
common_voice_pt_22252593|Minha saia não estava absolutamente nas costas.
common_voice_pt_22252594|Isso pode estar bem.
common_voice_pt_22252595|Não é minha casa.
common_voice_pt_22252598|Faça ela me ligar de volta!
common_voice_pt_22252600|Dois homens vestindo casacos e segurando armas carregando um coelho morto.
common_voice_pt_22252601|Um homem que surfa ativamente uma onda.
common_voice_pt_22252602|Um menino pulando em um trampolim.
common_voice_pt_22252604|Mas eles são filhos de alguém.
common_voice_pt_22252606|Este não foi apenas um ato altruísta, eles queriam ser eleitos.
common_voice_pt_22252608|A lista de deficiências cresce mais e mais.
common_voice_pt_22252609|O menino repetiu sua pergunta.
common_voice_pt_22252610|Mais tarde ele deu à luz a sua filha.
common_voice_pt_22252611|Alcançar o contexto histórico da situação social atual
common_voice_pt_22252612|O café estilo de Quioto não decepciona.
common_voice_pt_22252613|Pessoas sentadas em um tapete ao redor de cordas.
common_voice_pt_22252614|Eu nunca soube que a vovó era tão determinada antes.
common_voice_pt_22252615|Eles cavalgaram ao lado um do outro graciosamente.
common_voice_pt_22252616|Há muitos guias disponíveis on-line que explicam como configurá-lo.
common_voice_pt_22252617|Uma jovem senhora praticando karatê fora em um dia.
common_voice_pt_22252618|A mineração de Bitcoin pode ser feita com placas gráficas ou com hardware especializado.
common_voice_pt_22252619|Nada mais
common_voice_pt_22252620|Tudo deve ser feito antes que você possa fazer isso.
common_voice_pt_22252621|Você é o melhor.
common_voice_pt_22252637|Isso soa como o problema deles.
common_voice_pt_22252638|Esses empresários egoístas sempre se consideram importantes, só porque usam gravata.
common_voice_pt_22252639|A ponte suspensa estava balançando no vendaval.
common_voice_pt_22252640|Cachos apertados ficam moles em dias chuvosos.
common_voice_pt_22252652|Um homem atravessa um pedaço de madeira para consertar uma cerca.
common_voice_pt_22252655|Por que estudar isso?
common_voice_pt_22252658|Estou no ponto de onibus
common_voice_pt_22252660|Vingadores Guerra Infinita.
common_voice_pt_22252661|Desenvolver o hábito de escrever um diário da escola primária
common_voice_pt_22252662|Duas mulheres trabalham em seus laptops.
common_voice_pt_22252663|Uma bolsa pesada faz um coração leve.
common_voice_pt_22252669|Um homem lendo um jornal em um barco em movimento.
common_voice_pt_22252670|Um homem se senta e lê o jornal em um tapete de lavanderia.
common_voice_pt_22252673|Boa dia senhor.
common_voice_pt_22252682|Não tenha medo, apenas um super-homem.
common_voice_pt_22252687|Olhe para isso hoje.
common_voice_pt_22252691|Eu quero ver a simpatia pelo diabo
common_voice_pt_22252694|O candidato terá entre vinte e trinta minutos para se preparar.
common_voice_pt_22252695|Ele se tornou amigo do motorista de camelo que viajou ao lado dele.
common_voice_pt_22252696|Graças aos nossos óculos de realidade aumentada, ganhamos conhecimento dos detalhes.
common_voice_pt_22252697|O povo reclama de insegurança.
common_voice_pt_22252698|Mas eu gosto dele.
common_voice_pt_22252699|Está lutando com Buffalo Bill jogando na casa de filme mais próxima
common_voice_pt_22252706|Indo para o país para cozinhar arroz
common_voice_pt_22252713|Segundo dados do serviço, passaram a existir mais de um milhão de frases.
common_voice_pt_22252714|Você chorou enquanto assistia ao Titanic?
common_voice_pt_22252719|Carro autonômo.
common_voice_pt_22252720|Uma criança chuta o ar do lado de fora em um evento esportivo.
common_voice_pt_22252721|O padre caiu para trás.
common_voice_pt_22376547|Um carro e uma minivan colidiram.
common_voice_pt_22376548|Outra pessoa ajudou ele.
common_voice_pt_22376549|Ele não sabia que eu era um lobisomem
common_voice_pt_22376574|Cenas noturnas são realmente difíceis de fotografar
common_voice_pt_22376575|No lado esquerdo da árvore é a casa de rua das Três Gargantas.
common_voice_pt_22376576|Nós usamos Machine Learning para tradução de texto.
common_voice_pt_22376577|Ela se juntou também.
common_voice_pt_22376578|Eu não consigo me apoderar dele.
common_voice_pt_22376603|Uma mulher sentada e cortando o cabelo de outra mulher.
common_voice_pt_22376604|Pode ir procurar outro lugar
common_voice_pt_22376605|Dá-me a programação de filmes de animação no cinema mais próximo
common_voice_pt_22376606|Uma demonstração para um ponto de vista muito forte.
common_voice_pt_22376607|Qual filme ganhou o Oscar no ano passado?
common_voice_pt_22376608|E finalmente o falcão voltou com a refeição.
common_voice_pt_22376610|O sete furioso foi um filme muito emocionante para mim.
common_voice_pt_22376612|Eu posso explicar se você apenas escutar.
common_voice_pt_22376614|Arthur Bernardes era mineiro.
common_voice_pt_22376616|Na minha fantasia, posso garantir a harmonia por toda a eternidade.
common_voice_pt_22376627|Outros servos mantiveram o fogo nos narguilés.
common_voice_pt_22376629|Três membros da família sorrindo para uma foto.
common_voice_pt_22376630|Haverá pontos para descansar e sentar
common_voice_pt_22376631|Ele era professor de geologia.
common_voice_pt_22376632|Cães que realizam uma corrida de trenó
common_voice_pt_22376643|O árabe aceitou-os sem uma palavra.
common_voice_pt_22376645|Eu sei suas dimensões e como ela se comporta.
common_voice_pt_22376647|Nesse caso, pedirei aos dois diretores executivos que se retirem.
common_voice_pt_22376650|Eu estava com medo de uma presença em minha casa que sussurrava coisas terríveis.
common_voice_pt_22376652|Coro da sociedade harmônica.
common_voice_pt_22376658|Mãe sou eu.
common_voice_pt_22376659|Apenas pense nisso!
common_voice_pt_22376660|Para os usuários, é importante que eles possam confiar em seu sistema operacional.
common_voice_pt_22376661|Pessoas no trabalho lendo os procedimentos.
common_voice_pt_22376662|Abrir portão.
common_voice_pt_22376673|um homem e uma mulher posando para uma foto
common_voice_pt_22376674|Haverá também várias surpresas para os participantes.
common_voice_pt_22376675|Cinco pessoas foram liberadas.
common_voice_pt_22376676|Comunicar intenções, idéias e sentimentos de forma consistente e honesta.
common_voice_pt_22376678|Introdução à computação.
common_voice_pt_22376683|Agora espere um minuto!
common_voice_pt_22376684|Altere o dispositivo de saída de áudio.
common_voice_pt_22376685|Como você sabe disso?
common_voice_pt_22376686|O homem com a camisa vermelha e cinza e óculos está apontando.
common_voice_pt_22376687|Um homem de camisa preta e gravata vermelha segurando uma bebida.
common_voice_pt_22376693|Precisamos nos apressar.
common_voice_pt_22376694|Dado o grau de antropização, as espécies encontradas são geralmente de ampla distribuição cronológica.
common_voice_pt_22376695|O que você está falando?
common_voice_pt_22376696|Uma mulher está falando em seu telefone em uma estação de transporte ocupado.
common_voice_pt_22376697|Um cão castanho claro está brincando na frente de duas vacas malhadas.
common_voice_pt_22376703|Eu realmente espero
common_voice_pt_22376704|Ele ouviu um som abafado e viu a marca preta avançar alguns centímetros.
common_voice_pt_22376705|Eu acho que talvez seja melhor você.
common_voice_pt_22376706|Zumbis estavam desfilando nas ruas e bebendo cerveja em copos de papel.
common_voice_pt_22376707|O inverno passou
common_voice_pt_22376716|O relógio estava ligeiramente torto.
common_voice_pt_22376718|Nada do que o velho estava dizendo fazia muito sentido para o garoto.
common_voice_pt_22376720|Somos grandes fãs do nosso clube de futebol.
common_voice_pt_22376721|Susan envolveu cada presente individualmente.
common_voice_pt_22376722|Eu pensei que o desaparafusar poderia ser automático.
common_voice_pt_22376728|tal como é impresso em papel.
common_voice_pt_22376729|As pessoas andam na frente de alguns graffiti.
common_voice_pt_22376730|Um homem de camisa branca fuma enquanto dá instruções.
common_voice_pt_22376731|Eu já te disse.
common_voice_pt_22376732|Eu estou indo para o negócio por mim mesmo.
common_voice_pt_22376738|Ela mal podia esperar
common_voice_pt_22376739|A filha mais velha também mora em Taipei.
common_voice_pt_22376740|Um homem está de pé sobre as rochas nevadas.
common_voice_pt_22376741|Algumas pessoas gostam de gaivotas, outras não.
common_voice_pt_22376742|Betty ficou surpresa.
common_voice_pt_22376743|Óleo e vinho, remédio divino.
common_voice_pt_22376744|Opa, eu não queria te atacar!
common_voice_pt_22376745|Ele comprou um papel-alumínio para construir um chapéu.
common_voice_pt_22376746|Subconscientemente escolha esquecer
common_voice_pt_22376747|Uma garota chuta uma bola com três garotas fazendo o mesmo em segundo plano.
common_voice_pt_22376748|Um homem de óculos usando um chapéu está tocando o baixo
common_voice_pt_22376749|Um homem de camisa branca e shorts cáqui dorme em um sofá de couro.
common_voice_pt_22376750|É por isso que eu sou um anjo de segunda classe.
common_voice_pt_22376751|A mãe dela falou sobre isto ontem.
common_voice_pt_22376752|A honestidade é a melhor política.
common_voice_pt_22376758|Agora pense em como expressar em taiwanês
common_voice_pt_22376759|Crie um ambiente vivo de qualidade
common_voice_pt_22376760|Vou sair de casa
common_voice_pt_22376761|Um cachorro preto corre muito rápido em um campo em um parque
common_voice_pt_22376763|perde-se precisão ao ignorar fonemas taxados socialmente como insultos
common_voice_pt_22376764|Duas mulheres em shorts sentado nos degraus de um apartamento ou casa.
common_voice_pt_22376765|O casal faz uma caminhada ao longo do penhasco.
common_voice_pt_22376766|O discurso do amor está nos olhos.
common_voice_pt_22376767|Você já esteve em Singapura?
common_voice_pt_22376768|Dá-me o escritório do Procurador Distrital.
common_voice_pt_22376769|O passeio parece mais do que o habitual
common_voice_pt_22376770|Ela espera que seu bolo de aniversário seja rosa, não roxo.
common_voice_pt_22376771|Eu disse que Taiwan está rindo.
common_voice_pt_22376772|Para Santa Caterina, faça boa farinha o bom trigo.
common_voice_pt_22376773|Então você está dizendo que a superpopulação se tornará um problema?
common_voice_pt_22376774|Algumas crianças estão jogando feno por cima de uma cerca para um cavalo.
common_voice_pt_22376775|Você está pronto?
common_voice_pt_22376776|A interface era indecifrável.
common_voice_pt_22376777|O termo começa contando a partir da última das publicações obrigatórias.
common_voice_pt_22376778|Não, eu tenho um colchão solteiro e o chão do meu escritório.
common_voice_pt_22376779|Para pegar a ferrovia da cidade para o ônibus
common_voice_pt_22376780|Palavras boas não maculam o repolho.
common_voice_pt_22376781|Vou dar uma bebida.
common_voice_pt_22376782|Eles cantaram as mesmas músicas em cada festa.
common_voice_pt_22376783|Queríamos visitar o lago, mas estava muito frio
common_voice_pt_22376784|Ele foi ao ginásio para fortalecer seus músculos.
common_voice_pt_22376785|Por que isso seria bom?
common_voice_pt_22376786|exceto pelo sonho.
common_voice_pt_22376787|Pesquisa no Google Maps para Miami Florida.
common_voice_pt_22376788|Trabalhador da Construção carregando grandes pedaços de madeira
common_voice_pt_22376790|Duzentos ienes
common_voice_pt_22376791|Procurando oportunidades futuras em Taiwan
common_voice_pt_22376792|De unidade e uniformidade, não havia lugar nenhum.
common_voice_pt_22376793|O trem não sabe quanto dinheiro vai e volta.
common_voice_pt_22376794|Um homem está matando alguns peixes.
common_voice_pt_22376795|Diga-me a previsão do tempo para a França
common_voice_pt_22376796|A cidade murada foi tomada sem luta.
common_voice_pt_22376797|Eu não vou calar a boca!
common_voice_pt_22376798|Não pode ajudar, mas apostar mais
common_voice_pt_22376799|Tiro próximo do coronel.
common_voice_pt_22376800|Não me diga que você estava preocupado!
common_voice_pt_22376801|O esposo dela é engenheiro.
common_voice_pt_22376802|Eu não concordo.
common_voice_pt_22376803|Oh sim você faz!
common_voice_pt_22376804|Um grupo de aldeões africanos na escola.
common_voice_pt_22376805|Há algo de errado?
common_voice_pt_22376806|Ela meditou sobre a questão por um tempo.
common_voice_pt_22376807|Obrigado pela sua colaboração.
common_voice_pt_22376808|Essa balada é tão cativante que eu adoro!
common_voice_pt_22376809|Posso pegar o sanduíche sem maionese?
common_voice_pt_22376810|Dois homens sem camisa balançam no andaime.
common_voice_pt_22376811|Meninos dançando para o grupo de espectadores.
common_voice_pt_22376812|Mas eles realmente não sabem o que estão dizendo.
common_voice_pt_22376813|Peixes do corte do homem em um mercado de peixes.
common_voice_pt_22376814|Subindo ao topo da montanha de esqui para ter uma melhor visão do lago
common_voice_pt_22376815|Tigres e leões são assustadores.
common_voice_pt_22376816|Estes auscultadores tocam música muito claramente nos meus ouvidos.
common_voice_pt_22376817|É um momento de grande alegria
common_voice_pt_22376818|Um homem se inclina em uma parede na cidade.
common_voice_pt_22376819|Você precisará saber para criar seu próprio ambiente personalizado.
common_voice_pt_22376820|A vida amorosa dos dois.
common_voice_pt_22376821|Três pessoas estão posando para uma foto segurando revistas.
common_voice_pt_22376822|Coloque um pouco de açúcar e saia.
common_voice_pt_22376823|Marc, você poderia me dar o mata-moscas?
common_voice_pt_22376824|O menino de camisa vermelha está andando de skate
common_voice_pt_22376826|Vire a folha rapidamente
common_voice_pt_22376828|Bata tudo até obter a consistência de um creme não muito grosso.
common_voice_pt_22376830|Duas pessoas estão em uma carruagem do céu.
common_voice_pt_22376833|Sua esposa foi procurada pela Universidade da Flórida.
common_voice_pt_22376834|Eu poderia, por favor, te ver um minuto?
common_voice_pt_22376835|Me parece certo.
common_voice_pt_22376836|Um grupo de crianças está competindo em um revezamento.
common_voice_pt_22376837|Os narcisos estão florescendo.
common_voice_pt_22376843|E um copo de leite.
common_voice_pt_22376844|Não seja bobo.
common_voice_pt_22376845|Os parâmetros são selecionados no conjunto de testes.
common_voice_pt_22376846|O cliente está sempre certo.
common_voice_pt_22376847|Eu também, então eu tento conseguir muito onde quer que eu vá.
common_voice_pt_22376848|Um cachorro preto está correndo rapidamente ao longo do chão
common_voice_pt_22376849|Todo mundo sabe que você é um amor.
common_voice_pt_22376850|Um homem que colecionava madeira em duas cestas pendia de seus ombros.
common_voice_pt_22376851|um grupo de cães correndo lá fora por uma trilha de terra.
common_voice_pt_22376852|Tudo era querido.
common_voice_pt_22376853|Galinha magra, muitas pulgas.
common_voice_pt_22376854|A multidão balançou um pouco enquanto eu lhe dava uma cotovelada.
common_voice_pt_22376855|Por gentileza, me acompanhe até a saída.
common_voice_pt_22376856|Uma mulher às compras de frutas em um mercado ao ar livre
common_voice_pt_22376857|Altura e peso são muito próximos
common_voice_pt_22376858|O cinzeiro estava vazio.
common_voice_pt_22376859|Mulher caseira
common_voice_pt_22376860|É esse o contrato?
common_voice_pt_22376861|Até a data-limite, prevista no tratado, vários mísseis foram destruídos.
common_voice_pt_22376862|Apresse-se e vamos sair.
common_voice_pt_22376863|Mas existe uma regra
common_voice_pt_22376864|Família fica em volta de uma fogueira lá fora.
common_voice_pt_22376865|O som vinha de outra sala
common_voice_pt_22376866|Ainda continuará a avançar
common_voice_pt_22376867|Como eu sei?
common_voice_pt_22376868|Embora um pouco verde
common_voice_pt_22376869|Eu não caí dentro
common_voice_pt_22376870|Um homem com uma camisa xadrez está trabalhando em alguma madeira em sua oficina.
common_voice_pt_22376871|Um grupo de garotas africanas olha para a pessoa tirando sua foto.
common_voice_pt_22376872|Mercado todos os dias
common_voice_pt_22400738|Três grandes indústrias
common_voice_pt_22400739|Eu comprei três livros em uma tarde.
common_voice_pt_22400740|Cheque de autoridade empresarial de propósito central
common_voice_pt_22400741|Espero viajar no tempo e no espaço
common_voice_pt_22400742|E como você acha que vamos conseguir isso?
common_voice_pt_22400778|Isso vai mudá-los?
common_voice_pt_22400779|Para projetar uma interface de ação dedicada
common_voice_pt_22400780|Ela finalmente adoeceu
common_voice_pt_22400781|Como podemos reconciliar este conflito?
common_voice_pt_22400782|Circuito integrado
common_voice_pt_22400795|Eu nunca pensei sobre isso.
common_voice_pt_22400796|Agong é analfabeto
common_voice_pt_22400797|O crescimento econômico está além das expectativas
common_voice_pt_22400798|Um verdadeiro amigo é alguém que pega sua mão, mas toca seu coração.
common_voice_pt_22400799|Mas não muito rigoroso
common_voice_pt_22400805|Os jovens precisam de exercício
common_voice_pt_22400806|Museu da cidade
common_voice_pt_22400807|Reparar apenas o edifício
common_voice_pt_22400808|Um cara adolescente usando óculos está jogando um dardo.
common_voice_pt_22400809|Os resultados dos testes dos pais enganados são bons
common_voice_pt_22400810|Dê-lhe uma bolsa quente
common_voice_pt_22400811|Mãe se calou porque estava muito frio.
common_voice_pt_22400812|Afinal, eles estão vivendo sob o teto dos outros.
common_voice_pt_22400813|Encontre horários de filmes para os teatros de referência.
common_voice_pt_22400815|Este país parece não ter outras coisas sérias para fazer.
common_voice_pt_22401220|Olhe repetidamente
common_voice_pt_22401221|Durante meus estudos no Japão
common_voice_pt_22401222|O ensino superior de Taiwan perde competitividade
common_voice_pt_22401223|Veja a atitude da tia
common_voice_pt_22401224|Isso significa que ele vai para a cadeia?
common_voice_pt_22401230|Não é fácil de usar
common_voice_pt_22401231|Eu só entendo desta vez.
common_voice_pt_22401232|Inspirou meu interesse
common_voice_pt_22401233|Toronto está fria em fevereiro?
common_voice_pt_22401234|Emoção nervosa
common_voice_pt_22435001|Uma criança derrama xarope em um dispositivo de fiação
common_voice_pt_22435002|Não revelará sua localização
common_voice_pt_22435003|Participando de conferência internacional
common_voice_pt_22435004|Uma vez tão devastador
common_voice_pt_22435005|Centro de visitantes
common_voice_pt_22435036|Um grupo de adolescentes perto de personagens dos Simpsons.
common_voice_pt_22435037|No escuro
common_voice_pt_22435038|Dê a este livro uma classificação de quatro em seis.
common_voice_pt_22435039|Fica aqui
common_voice_pt_22435040|um grupo de jovens amigos disse
common_voice_pt_22435046|Alguém falou com você sobre isso?
common_voice_pt_22435047|Algumas pessoas preferem não quantificar seus sentimentos dessa maneira.
common_voice_pt_22435048|Não tão sensacional
common_voice_pt_22435049|duas senhoras asiáticas conversam.
common_voice_pt_22435050|Não só em Taipei
common_voice_pt_22435056|Um homem sentado em um quiosque de comida e bebida
common_voice_pt_22435057|Gritando de dentro da tenda
common_voice_pt_22435058|Autoconfiança é a fonte de força para manter a imagem
common_voice_pt_22435059|Um homem e uma mulher em uma praia saltando.
common_voice_pt_22435060|Como o arroz da nossa família é tão desagradável?
common_voice_pt_22435061|Deixe os alunos entrarem em contato com a multidão para angariar fundos
common_voice_pt_22435062|Eu voltarei.
common_voice_pt_22435063|Vale a pena assistir
common_voice_pt_22435064|Encarando o questionamento do mundo exterior sobre o plano de visão
common_voice_pt_22435065|Eu espero ser uma atração turística mais atraente
common_voice_pt_22435066|Tudo bem em breve.
common_voice_pt_22435067|Deixa eu me aprofundar mais e mais
common_voice_pt_22435068|Quando vamos ao trabalho
common_voice_pt_22435069|Uma mulher com uma mochila caminha ao longo de uma série de edifícios.
common_voice_pt_22435070|Então, há poucas coisas que serão feitas.
common_voice_pt_22435071|Tudo surgiu em conjunto
common_voice_pt_22435072|Ainda há uma espécie de clima de lazer
common_voice_pt_22435073|Diga-me qual é o seu nome.
common_voice_pt_22435074|Veja a rua da primavera quente na estrada
common_voice_pt_22435075|Eu realmente acho que é importante.
common_voice_pt_22435076|Você viu isso?
common_voice_pt_22435077|Eu não sei onde é.
common_voice_pt_22435078|Ainda não está nervoso
common_voice_pt_22435079|Obrigado por me dar um álbum de música clássica.
common_voice_pt_22435080|Sentado no salão e descansando
common_voice_pt_22435081|Um homem e uma mulher posando na frente de uma árvore de Natal.
common_voice_pt_22435082|Eu olhei para o relógio depois de descer do ônibus.
common_voice_pt_22435083|Esperando por isso
common_voice_pt_22435084|Eu não sei
common_voice_pt_22435085|Quero obter um código de barras da transportadora
common_voice_pt_22435086|Nós podemos construir um exército de robôs assassinos.
common_voice_pt_22435087|Você ainda se lembra da senha da sua conta antiga?
common_voice_pt_22435088|Muito diferente da imaginação de antemão
common_voice_pt_22435089|Eu encontrei depois de terminar as compras ao meio-dia.
common_voice_pt_22435090|Uma mulher vende sua mercadoria na esquina com mesas e lençóis
common_voice_pt_22435096|Nós compramos um bilhete de ônibus
common_voice_pt_22435097|Eu não posso ser uma boa filha.
common_voice_pt_22435098|Uma esposa tão preguiçosa
common_voice_pt_22435099|Vários ciclistas estão andando de bicicleta em uma rua da cidade.
common_voice_pt_22435100|Acelerando a engenharia de instituições médicas
common_voice_pt_22435111|Pense nisso
common_voice_pt_22435112|Eu tenho um sentimento de excitação
common_voice_pt_22435113|Uma cadeia de montanhas com cristas irregulares como os dentes de uma serra
common_voice_pt_22435114|Esposa do primo
common_voice_pt_22435115|Uma pessoa vestindo um chapéu azul anda de skate em um banco de cimento.
common_voice_pt_22435136|Desta vez é caro
common_voice_pt_22435137|Mas eu fiz isso.
common_voice_pt_22435138|Ela acorda a filha adormecida
common_voice_pt_22435139|Duas pessoas discutiram seriamente
common_voice_pt_22435140|Tenha dinheiro para comprar colares de ouro para você
common_voice_pt_22435146|Eu sou muito educado com ele.
common_voice_pt_22435147|Zero a seis meses
common_voice_pt_22435148|Um homem que trabalha em um avião modelo pequeno.
common_voice_pt_22435149|É a segunda vez na história
common_voice_pt_22435150|Dois homens estão trabalhando em uma ferrovia.
common_voice_pt_22435166|Nada pode ser visto
common_voice_pt_22435167|Descobrimos que não precisamos nos destacar
common_voice_pt_22435168|Ele não é uma pessoa que não ignora completamente os velhos sentimentos.
common_voice_pt_22435169|Eu conheço a voz dele.
common_voice_pt_22435170|É uma cidade viva da humanidade
common_voice_pt_22435181|Ela sorriu
common_voice_pt_22435182|Então, há poucas pessoas para serem treinadas?
common_voice_pt_22435183|Ela está nervosamente segurando ela
common_voice_pt_22435184|Impressionante
common_voice_pt_22435185|Um grupo de pessoas está sentado em um círculo se divertindo.
common_voice_pt_22435196|Os negócios estão apenas começando
common_voice_pt_22435198|Sem luzes na sala de estar
common_voice_pt_22435200|Isso é apenas o começo.
common_voice_pt_22435201|Não há hospital adequado perto de nossa casa.
common_voice_pt_22435203|O resultado foi encontrado
common_voice_pt_22435296|Às vezes é mais inteligente esperar, enquanto às vezes você deve agir.
common_voice_pt_22435297|A lista de palestrantes especialistas é super forte
common_voice_pt_22435298|Leia dois livros de grande interesse
common_voice_pt_22435299|Dois cães pretos correm ao longo da grama verde.
common_voice_pt_22435300|É conveniente deixar algum dinheiro quando necessário.
common_voice_pt_22435306|Espere até o final
common_voice_pt_22435307|O motorista transmite para as pessoas dentro do carro
common_voice_pt_22435309|Eu acabei de ver a ilusão!
common_voice_pt_22435310|É impossível ter dinheiro para pagá-los
common_voice_pt_22435312|Colinas intocadas
common_voice_pt_22435326|Eu cumprimentei meu vizinho e fui para casa.
common_voice_pt_22435327|Eu tenho assistido a medicina chinesa por vários meses.
common_voice_pt_22435328|Por favor, me chame de James.
common_voice_pt_22435329|Não é propício para modificação
common_voice_pt_22435330|Tal lugar
common_voice_pt_22435332|Quando estamos saindo
common_voice_pt_22435333|Hoje estamos sendo bebidos
common_voice_pt_22435335|Os passageiros são lembrados a não bloquear as saídas de emergência.
common_voice_pt_22435336|Sonhando em chorar a noite
common_voice_pt_22435338|Ou você acha que isso iria estragar ele?
common_voice_pt_22435341|Até minha proposta de pesquisa cita cerca de cinco de seus trabalhos.
common_voice_pt_22435342|Era imperdoável e inexplicável.
common_voice_pt_22435343|Um policial masculino senta-se em um veículo com um computador.
common_voice_pt_22435344|Assistindo a expressão de sua filha triste
common_voice_pt_22435346|Concluído antes do pôr do sol
common_voice_pt_22435347|Material de venda direta
common_voice_pt_22435348|Apenas encontrando turbulência
common_voice_pt_22435349|Uma linha de agulha
common_voice_pt_22435350|Espaço de criação auto-criado
common_voice_pt_22435351|É muito inconveniente aumentar o salário
common_voice_pt_22435352|Ela ainda se divertiu em Taipei.
common_voice_pt_22435353|Eu não posso acreditar em você.
common_voice_pt_22435354|Suavemente acaricie a cabeça do bebê
common_voice_pt_22435355|Enquanto sentado à mesa, este homem usa um computador.
common_voice_pt_22435361|Traga infelicidade para as pessoas ao seu redor
common_voice_pt_22435362|Eu pensei em sair e parar.
common_voice_pt_22435363|Primo veio para persuadir
common_voice_pt_22435364|O segundo filho é realmente incrível.
common_voice_pt_22435365|É mais conciso, mas não tão flexível.
common_voice_pt_22435366|Mantenha a escotilha apertada e o relógio constante.
common_voice_pt_22435367|Seu corpo estava perdido entre os muitos outros no necrotério da cidade.
common_voice_pt_22435368|Uma mulher de meias e shorts curtos.
common_voice_pt_22435369|Foi apenas palavras.
common_voice_pt_22435370|Eu quase esqueci minha bolsa da câmera.
common_voice_pt_22435371|Você não conversa com eles?
common_voice_pt_22435372|Uma criança está derramando água de um copo na banheira.
common_voice_pt_22435373|Continue estudos inacabados
common_voice_pt_22435374|Dois cães preto e branco que jogam com uma bola.
common_voice_pt_22435375|Não há suporte no mundo virtual.
common_voice_pt_22435376|Mantenha um coração amável
common_voice_pt_22435377|Um cara de construção com seu capacete está falando no telefone.
common_voice_pt_22435378|Eu podia ver a tempestade chegando e os relâmpagos no horizonte.
common_voice_pt_22435379|Mais ninguém em casa
common_voice_pt_22435380|Afinal, esse é o consenso de todos.
common_voice_pt_22435386|Cada minuto dos últimos anos
common_voice_pt_22435388|Dificuldades não desaparecem automaticamente
common_voice_pt_22435389|Um homem sem camisa, de short branco.
common_voice_pt_22435390|Ainda se divirta com a gente.
common_voice_pt_22435391|uma família com uma forte atmosfera artística
common_voice_pt_22435392|Depois ela aprendeu
common_voice_pt_22435393|Não ouviu nada sobre um disco?
common_voice_pt_22435394|Observe o tempo sozinho
common_voice_pt_22435395|Um homem brinca com seu cachorro fazendo-o pular por comida.
common_voice_pt_22435396|Agite a mão antes de arar o campo.
common_voice_pt_22435397|Comece a instalar laranjas
common_voice_pt_22435398|um homem grande adormece no ônibus.
common_voice_pt_22435399|Eu ainda vou para casa primeiro.
common_voice_pt_22435406|Sofrendo do golpe cruel do terremoto
common_voice_pt_22435407|Chamado igual a desperdício
common_voice_pt_22435408|Abra novos horizontes para novas equipes
common_voice_pt_22435409|O fim da reunião de família no final do ano
common_voice_pt_22435410|Aumentar a motivação para contratar desvantagens
common_voice_pt_22435411|Basta comprar algo melhor para o seu filho.
common_voice_pt_22435412|Você está saindo
common_voice_pt_22435413|Sociedade atual
common_voice_pt_22435414|Então eu não tinha nada no final.
common_voice_pt_22435415|Quase desmaiou
common_voice_pt_22435426|O mundo é calmo e pacífico
common_voice_pt_22435427|Acredite em governo aberto
common_voice_pt_22435428|Eles contaram histórias selvagens para assustá-lo.
common_voice_pt_22435429|A corrida por fundos atingiu seu pico na terça-feira.
common_voice_pt_22435430|Ela aprendeu a tocar piano na escola de música.
common_voice_pt_22435432|Quantas bebidas alcoólicas você consome por semana?
common_voice_pt_22435434|Certifique-se de soletrar o nome corretamente.
common_voice_pt_22435435|O volume não aumentaria muito mais.
common_voice_pt_22435437|Silencia pequenos instrumentos na ponte do violino, amortecendo o som.
common_voice_pt_22435438|Uma mulher idosa verifica seu celular em pé no meio-fio.
common_voice_pt_22435441|Será que o fantasma pegou?
common_voice_pt_22435442|Então você tem que ter cuidado
common_voice_pt_22435443|Pare
common_voice_pt_22435444|Nós restauramos a confiança
common_voice_pt_22435445|Ela sente dor no abdômen
common_voice_pt_22449301|Esperar por isso não vai doer.
common_voice_pt_22449302|Tenha um garçom careca
common_voice_pt_22449303|Embora não seja grato
common_voice_pt_22449304|Isso também é impotente
common_voice_pt_22449305|Rugas no rosto
common_voice_pt_22449306|A senha da conta será redefinida?
common_voice_pt_22449307|Isso é o que ele e eu sabemos.
common_voice_pt_22449308|Outras pessoas veem você
common_voice_pt_22449309|Gradualmente inconveniente
common_voice_pt_22449310|Esta é a minha escolha
common_voice_pt_22449311|Um velho cochila perto de uma estante.
common_voice_pt_22449312|Corra!
common_voice_pt_22449313|O plano é por muito tempo
common_voice_pt_22449314|Eu sou criança
common_voice_pt_22449315|Boa saúde e boa sorte
common_voice_pt_22449321|Porque está muito frio, eu me fecho.
common_voice_pt_22449322|Obrigado
common_voice_pt_22449323|Olhar muito urgente
common_voice_pt_22449324|Existe alguma demonstração prática?
common_voice_pt_22449325|A única luz no quarto escuro
common_voice_pt_22449326|Um cachorro pegando um frisbee.
common_voice_pt_22449327|Recheio de feijão vermelho é doce, mas não gorduroso
common_voice_pt_22449328|um grupo de jovens prestes a se apresentar na frente de um público.
common_voice_pt_22449329|E faça o que puder
common_voice_pt_22449330|O absurdo do pai destroçado
common_voice_pt_22449341|Guiou a exposição de desenho da escola de Taipei
common_voice_pt_22449342|Água doce
common_voice_pt_22449343|Finalmente aliviado
common_voice_pt_22449344|Fácil de identificar Orion e Polaris
common_voice_pt_22449345|Olhe para os lugares mais altos
common_voice_pt_22449351|Deixe você mostrar a forma original!
common_voice_pt_22449352|Mãe
common_voice_pt_22449353|Um cão preto e branco usando golas sacode na grama morta.
common_voice_pt_22449354|Quantas pessoas estão fora?
common_voice_pt_22449355|Lave legumes e verduras todas as manhãs
common_voice_pt_22449361|Como enfrentar e melhorar
common_voice_pt_22449362|Planejamento de atividades promocionais relacionadas
common_voice_pt_22449363|Eu estou indo para casa.
common_voice_pt_22449364|Uma mulher está assistindo a maré
common_voice_pt_22449365|Sai da porta da cozinha
common_voice_pt_22449371|Um homem que joga o voleibol na praia.
common_voice_pt_22449372|Ele não tem confiança
common_voice_pt_22449373|Margem do rio à tarde
common_voice_pt_22449374|Um homem usando uma viseira vira a cabeça e sorri.
common_voice_pt_22449375|Declarou o fim da era do transporte aquaviário
common_voice_pt_22449381|Ele conhece meus limites
common_voice_pt_22449382|Pode economizar uma quantia em dinheiro
common_voice_pt_22449383|Fortalecer o estabelecimento de um ambiente de trabalho amigável
common_voice_pt_22449384|O equipamento de ginástica é bastante completo.
common_voice_pt_22449385|Um pouco cansado, quero descansar primeiro.
common_voice_pt_22449390|Há uma pessoa tocando violão.
common_voice_pt_22449391|Olá pessoal
common_voice_pt_22449393|Construa um banco de dados
common_voice_pt_22449394|O poder me faz feliz
common_voice_pt_22449395|Um velho está vestindo uma jaqueta preta.
common_voice_pt_22449396|Embora não haja muitas oportunidades de entrelaçamento
common_voice_pt_22449397|Pode ser anexado à parte de trás da capa do telefone
common_voice_pt_22449399|Todos os esforços serão desperdiçados
common_voice_pt_22449401|Você sabe se Dylan vai com a gente?
common_voice_pt_22449402|Prepare-se para a aula
common_voice_pt_22449406|Ele sofreu um golpe pesado
common_voice_pt_22449407|Voltando para nenhum lugar
common_voice_pt_22449408|Um homem está se preparando para acertar uma bola de tênis.
common_voice_pt_22449409|Como você pode ter dinheiro para comprar isso?
common_voice_pt_22449410|Linguagem infantil da criança
common_voice_pt_22449411|À procura de uma máquina de venda nas proximidades para beber bebidas quentes
common_voice_pt_22449412|Nós costumávamos roubá-los de volta.
common_voice_pt_22449413|Perguntou às pessoas ao seu redor
common_voice_pt_22449414|Várias crianças estão em pé na praia.
common_voice_pt_22449415|Muitas vezes me pedem ajuda.
common_voice_pt_22449416|Inscrito na lápide
common_voice_pt_22449417|Não tenho opinião sobre quem você quer dar.
common_voice_pt_22449418|Acho que ele deveria saber
common_voice_pt_22449419|Nós passeamos um pouco
common_voice_pt_22449420|Eu vou preparar o jantar.
common_voice_pt_22449421|Coloque um saco no saco
common_voice_pt_22449422|Nome da ocupação e instituição de pesquisa
common_voice_pt_22449423|Esta prancha está podre
common_voice_pt_22449424|Ele ofereceu provas na forma de um gráfico grande.
common_voice_pt_22449425|Muito difícil
common_voice_pt_22449426|Nós esperamos por um tempo
common_voice_pt_22449427|Visita de experiência de trabalho
common_voice_pt_22449428|Um grupo de jovens fica em pé e come em pratos de papel.
common_voice_pt_22449429|Usando satélites para acessar a Internet no espaço
common_voice_pt_22449430|Pode ser usado
common_voice_pt_22449431|Porque sou eu quem pode ser alcançado
common_voice_pt_22449432|Eles também deram à luz sete filhos.
common_voice_pt_22449433|A razão é apenas
common_voice_pt_22449434|Ou então vai para quinta-feira.
common_voice_pt_22449435|Isso não é tudo que me pertence.
common_voice_pt_22449436|Caindo no chão com uma bengala
common_voice_pt_22449437|Gelo e neve começam a derreter
common_voice_pt_22449438|O que está sempre se tornando, nunca é.
common_voice_pt_22449439|Impossível ser eles
common_voice_pt_22449440|Dois homens montando cavalos em um rodeio enquanto perseguindo um touro.
common_voice_pt_22449441|Graças ao entusiasmo de tantos amigos
common_voice_pt_22449442|Ao esperar pelo avião
common_voice_pt_22449443|Puro descanso, parta a tempo!
common_voice_pt_22449444|Alexander não sabia por que ela fez isso.
common_voice_pt_22449445|O fundador vai compartilhar
common_voice_pt_22449446|Na verdade, todos nós fizemos
common_voice_pt_22449447|Ela tem cicatrizes graves nas costas
common_voice_pt_22449448|Eu deixei minha casa através desta ponte.
common_voice_pt_22449449|Você sabe que está errado.
common_voice_pt_22449451|Mas recentemente, a visão foi substituída por uma explicação mais detalhada.
common_voice_pt_22449452|Menos de nove balões
common_voice_pt_22449453|Você sabia que Muhammad era tão bom no tênis?
common_voice_pt_22449454|Intuição
common_voice_pt_22449455|um parque nacional
common_voice_pt_22449456|Como você pode ficar sozinho?
common_voice_pt_22449457|Jovens bebendo em público
common_voice_pt_22449458|Parece haver uma lacuna
common_voice_pt_22449459|Ter completado comunicação e coordenação
common_voice_pt_22449460|Quer encontrar um lugar para descansar
common_voice_pt_22449461|Cabelos negros se transformam em cabelos brancos
common_voice_pt_22449462|Assustar um pássaro não é o jeito de pegá-lo.
common_voice_pt_22449463|Então eu fui sozinho.
common_voice_pt_22449464|Os netos também são bons filhos.
common_voice_pt_22449465|Efetivamente desintegrar ataques violentos em massa
common_voice_pt_22449466|O que vai acontecer?
common_voice_pt_22449467|A taxa de rotatividade vem caindo nos últimos três anos.
common_voice_pt_22449468|Você é capaz, não é?
common_voice_pt_22449469|Pegue a mesma rota com eles
common_voice_pt_22449470|Repórteres se reúnem para a prática de beisebol.
common_voice_pt_22449471|Não importa
common_voice_pt_22449473|Trazendo materiais e tecnologia
common_voice_pt_22449474|Pensando nas perspectivas futuras da indústria de Taiwan
common_voice_pt_22449475|Perca a reserva para negócios
common_voice_pt_22449476|Eu estou te implorando.
common_voice_pt_22449477|Um homem de chapéu preto ao lado de uma estrutura incompleta.
common_voice_pt_22449478|Um homem sentado em um escritório em um computador.
common_voice_pt_22449479|Não pode lidar com isso
common_voice_pt_22449480|Embora muitas pessoas se importem com o dia
common_voice_pt_22449481|O vasto mundo
common_voice_pt_22449482|Até o nome dele não sabe
common_voice_pt_22449483|Parte inferior do trabalho
common_voice_pt_22449484|Um cachorro preto mastigando o pescoço de um cachorro marrom
common_voice_pt_22449485|Essa forma específica de codificação requer um mecanismo de cruzamento especializado.
common_voice_pt_22449486|Um homem de terno cinza caminha por um corredor de pedra carregando uma maleta.
common_voice_pt_22449487|Talvez apenas a oportunidade de sair
common_voice_pt_22449488|Estamos conversando agora
common_voice_pt_22449489|Comitê de Desenvolvimento Sustentável de Taipei
common_voice_pt_22449490|Enviado após oito horas
common_voice_pt_22449491|Demorou muito tempo
common_voice_pt_22466767|Comitê de Revisão de Ética em Pesquisa Humana
common_voice_pt_22466768|um silêncio morto na platéia
common_voice_pt_22466769|Felizmente, não compro comida saudável.
common_voice_pt_22466770|Uma criança nova que prepara-se para jogar o futebol.
common_voice_pt_22466772|Eu pratico isso mais algumas vezes.
common_voice_pt_22466777|Se você estiver interessado, precisa estar adiantado
common_voice_pt_22466778|Então, novamente, é o painel
common_voice_pt_22466779|Fornecer uma variedade de atividades recreativas
common_voice_pt_22466780|Porque o tempo está chegando
common_voice_pt_22466781|Vai gravar seus hábitos abertos
common_voice_pt_22466782|Vou verificar novamente.
common_voice_pt_22466783|Se o número de visitantes não for melhorado, reduzirá a mão de obra.
common_voice_pt_22466784|Este é um monumento nacional de primeira classe.
common_voice_pt_22466785|Apicultores devem migrar de fontes de mel
common_voice_pt_22466786|Pode ajudar com o processamento
common_voice_pt_22475196|Nós conversamos sobre o show ao lado no circo.
common_voice_pt_22475197|Eles trabalham lá
common_voice_pt_22475198|Eu estou fazendo alguma coisa.
common_voice_pt_22475199|Outros assuntos relacionados, etc.
common_voice_pt_22475200|Existe tal pessoa
common_voice_pt_22475220|Um homem está esmagando algo entre dois pedaços de madeira.
common_voice_pt_22475221|Isso é miserável
common_voice_pt_22475222|Encaminhar as atividades dos primeiros ex-alunos
common_voice_pt_22475223|Todas as noites, os cães do nosso bairro estão uivando.
common_voice_pt_22475224|Não como no passado para agradá-lo
common_voice_pt_22475230|Eu disse que tudo bem.
common_voice_pt_22475231|Auto-contido
common_voice_pt_22475232|Parte adicionada
common_voice_pt_22475233|Ocorre após uma longa jornada
common_voice_pt_22475234|Essa é a arma secreta
common_voice_pt_22475240|Como eu disse antes
common_voice_pt_22475241|Eu quero pedir toalhas do hotel.
common_voice_pt_22475242|O verdadeiro tratamento não é assim
common_voice_pt_22475243|As crianças estão brincando em uma fonte.
common_voice_pt_22475244|Feche a distância psicológica entre os dois lados
common_voice_pt_22475245|Posição de liderança
common_voice_pt_22475246|Realista representando as boas montanhas e águas de Taiwan
common_voice_pt_22475247|Delinear a ocorrência e mudanças
common_voice_pt_22475248|É também uma determinação para fazer o juramento
common_voice_pt_22475250|Chamado urgente
common_voice_pt_22475255|O período da moda japonesa é a loja de moda mais elegante
common_voice_pt_22475256|De repente chuva forte
common_voice_pt_22475257|Ampla abertura
common_voice_pt_22475258|Inunde os emails com pedidos para este livro.
common_voice_pt_22475259|Você realmente pensou nisso?
common_voice_pt_22475260|Para transferir para o pequeno teleférico
common_voice_pt_22475261|Sem estes
common_voice_pt_22475262|Não é irritante, não mostra fraqueza, não se move
common_voice_pt_22475263|Posição original não recuperada
common_voice_pt_22475264|Transferir e depois retirá-lo
common_voice_pt_22475265|Ele decidiu ficar
common_voice_pt_22475266|Leve e não irritante
common_voice_pt_22475267|Composição simples
common_voice_pt_22475268|Até os próximos trinta anos
common_voice_pt_22475269|Um bombeiro está no telhado.
common_voice_pt_22475270|Uma senhora abrindo presentes em uma sala de aula com um grupo de senhoras
common_voice_pt_22475271|Você pensa nele como um playground.
common_voice_pt_22475272|Lapso de tempo
common_voice_pt_22475273|Há também ataques aéreos e guerras
common_voice_pt_22475274|Por décadas para evitar ver um ao outro
common_voice_pt_22475285|Uma mulher vestindo uma camiseta amarela está apertando os olhos.
common_voice_pt_22475286|Enganar a maioria não especificada
common_voice_pt_22475287|Feliz em receber a nova vida
common_voice_pt_22475288|Decidiu assistir a cena noturna
common_voice_pt_22475289|Um homem sentado ao ar livre, tomando uma cerveja e segurando dois dedos acima.
common_voice_pt_22475295|Tome o mundo como lar
common_voice_pt_22475296|Neste momento, o tempo está bom.
common_voice_pt_22475297|Duas mulheres que sentam-se para baixo lendo jornais.
common_voice_pt_22475298|Fortalecer a participação cidadã
common_voice_pt_22475299|Taran estava tão entediado que pegou a caneta e desenhou alguns glifos na mesa.
common_voice_pt_22482019|Alguns adolescentes asiáticos retiram dinheiro de um caixa eletrônico.
common_voice_pt_22482020|Parece algo super adequado para cooperação
common_voice_pt_22482022|Toda vez que você entra em contato, você tem um novo sentimento.
common_voice_pt_22482023|Aproveite a oportunidade
common_voice_pt_22482024|No momento em que há um grande ponto de virada na vida
common_voice_pt_22482030|Os íons de metal precisam ser aquecidos primeiro na chama.
common_voice_pt_22482031|Este anúncio servirá como uma notificação para os potenciais proprietários do leilão.
common_voice_pt_22482032|Mas isso é realmente impossível
common_voice_pt_22482033|Não haverá uma mudança repentina
common_voice_pt_22482034|Finanças do condado e da cidade
common_voice_pt_22482045|O que será feito no futuro?
common_voice_pt_22482046|Um homem sem camisa e um homem em uma colete azul de pesca.
common_voice_pt_22482047|No terceiro andar ao lado
common_voice_pt_22482048|Ajudar as mulheres no re-emprego
common_voice_pt_22482049|Unidade não vai cair
common_voice_pt_22482056|O que tem fora?
common_voice_pt_22482057|Uma mulher de preto lava o chão da cozinha.
common_voice_pt_22482058|Um menino joga na frente de um objeto azul.
common_voice_pt_22482059|Eu quero perguntar a ele cara a cara.
common_voice_pt_22482065|Eu não sei como ele fez isso.
common_voice_pt_22482066|Cuide do telefone
common_voice_pt_22482067|A criança de camisa preta e calça jeans correu pelo caminho.
common_voice_pt_22482068|Encontre a melhor opção
common_voice_pt_22482069|Goiaba sem sementes
common_voice_pt_22499017|Nós mostramos ajuda mútua
common_voice_pt_22499022|A população era dezoito mil quatrocentos e trinta e dois.
common_voice_pt_22499023|Cobrança de dívidas de cassino é mais feroz e mais ruim
common_voice_pt_22499024|Nossa religião determina nossas ações.
common_voice_pt_22499025|Eu quero ir para casa
common_voice_pt_22499026|Há também ovos de peixe de ouro
common_voice_pt_22499029|Não esqueça que existem duas rotas
common_voice_pt_22499030|Devido ao maior custo de vida
common_voice_pt_22499031|Leia verso em voz alta por prazer.
common_voice_pt_22499032|Mais poderoso que nós
common_voice_pt_22499033|Eu não acho que o McDonald's seja barato.
common_voice_pt_22499038|Nós tivemos que nos apressar no minuto que aconteceu!
common_voice_pt_22499039|Está procurando mais inglês
common_voice_pt_22499040|Olhou para o relógio
common_voice_pt_22499041|O conteúdo da discussão também é muito rico, incluindo sete temas principais.
common_voice_pt_22499042|Palavras do agregado familiar
common_voice_pt_22499045|O som do gás está ficando maior e maior
common_voice_pt_22499046|Ninguém pode passar por aqui!
common_voice_pt_22499047|Fazer um robô com sorvete parece muito pouco prático.
common_voice_pt_22499048|Por sorte havia uma passadeira.
common_voice_pt_22499049|Fundador do pequeno final de semana
common_voice_pt_22630047|Também levou um tripé para tirar uma foto
common_voice_pt_22630048|Sem planejamento financeiro
common_voice_pt_22630049|Três crianças em nossa família
common_voice_pt_22630050|Dois homens e duas crianças andando na floresta.
common_voice_pt_22630051|Uma pessoa em um longo corredor está andando
common_voice_pt_22630052|O que você fez com minhas chaves?
common_voice_pt_22630053|Já suando
common_voice_pt_22630054|O Debian é um sistema operacional que é livre como em liberdade.
common_voice_pt_22630055|Três homens vestindo flip-flops estão agachados em torno de um jogo no chão
common_voice_pt_22630056|A parte do sentimento não está relacionada a valores
common_voice_pt_22630085|Mesmo que eu não fale bem em taiwanês
common_voice_pt_22630086|Ele desenhou na parte de trás de sua jaqueta com uma caneta azul.
common_voice_pt_22630087|Onde estão os objetivos incertos?
common_voice_pt_22630088|Espaço de armazenamento de arquivos apropriado
common_voice_pt_22630089|Uma menina com cabelos longos, flutuando em uma floresta colorida
common_voice_pt_22630095|Ele quer possuí-lo.
common_voice_pt_22630096|A economia está tremendo e afetando a China.
common_voice_pt_22630097|Trabalhadora e eficiência no trabalho
common_voice_pt_22630098|Compartilhar experiências e incentivar jovens
common_voice_pt_22630099|Meu escritório está localizado no nível quinze.
common_voice_pt_22630100|É um marco no norte de Taiwan
common_voice_pt_22630101|Um homem com um colete de segurança está ajoelhado e limpando os tijolos.
common_voice_pt_22630102|Quantas bebidas alcoólicas você consome a cada semana?
common_voice_pt_22630108|Estabelecer um rigoroso sistema de prevenção de desastres
common_voice_pt_22630109|Há um monte de caçadores de autógrafos na frente.
common_voice_pt_22630110|Ouvi dizer que ele vai trabalhar desta vez.
common_voice_pt_22630111|A viabilidade foi avaliada
common_voice_pt_22630112|Quanto tempo posso ficar aqui?
common_voice_pt_22630113|Hospital de Taipei
common_voice_pt_22630114|Você quer fazer as malas antes de sairmos?
common_voice_pt_22630115|As lágrimas estão saindo rapidamente.
common_voice_pt_22630116|A capa era um mero adorno.
common_voice_pt_22630117|Um trono é apenas um banco coberto de veludo roxo.
common_voice_pt_22630128|É insistir em segurança jurídica
common_voice_pt_22630129|Fábrica de chapéus
common_voice_pt_22630130|E um cara chamado Jefferson Phillip.
common_voice_pt_22630131|Onde você vai ficar esta noite?
common_voice_pt_22630132|Qualificação de lavoura não convencional
common_voice_pt_22630138|Também dê duas xícaras de café
common_voice_pt_22630139|Venha para convencer
common_voice_pt_22630140|Um homem de camisa branca está trabalhando em um carrinho de comida.
common_voice_pt_22630141|Todas as pessoas estavam com medo dela.
common_voice_pt_22630142|Não diz nada.
common_voice_pt_22630146|Uma pessoa está indo para uma caminhada
common_voice_pt_22630147|Abra o pacote
common_voice_pt_22630148|Presumo entender que a senhora pretende deturpar os fatos apresentados por mim?
common_voice_pt_22630149|Eu tirei um monte de fotos
common_voice_pt_22630150|Mulheres com cabelo longo encaracolado, trabalhando em um computador mac.
common_voice_pt_22630156|Mostre dois colares de ouro
common_voice_pt_22630157|Pato agitando as asas.
common_voice_pt_22630158|Eu disse que estava tentando pegar um.
common_voice_pt_22630159|Apenas olhe e veja o que você fez.
common_voice_pt_22630160|Mas não
common_voice_pt_22630164|A beleza da vida que expressa os arranjos de flores das mulheres
common_voice_pt_22630165|Você quer se reportar a você?
common_voice_pt_22630167|Jogador de futebol em azul está limpando a boca com a camisa
common_voice_pt_22630169|Nosso pai, claro, tem que seguir.
common_voice_pt_22630171|Não importa o trabalho que ele está fazendo
common_voice_pt_22630173|Ele estava tão envergonhado que queria chorar.
common_voice_pt_22630174|Parece menos que no ano passado
common_voice_pt_22630175|É como se consolar.
common_voice_pt_22630176|Quanto mais perto ele chegava da realização de seu sonho, mais difíceis se tornavam.
common_voice_pt_22630177|Dois homens em uma mesa discutindo alguns papéis.
common_voice_pt_22630183|Nós só podemos sair do ônibus, etc.
common_voice_pt_22630184|Pessoas recebendo comida em uma caminhada até a janela do restaurante.
common_voice_pt_22630185|É isso.
common_voice_pt_22630186|Você é sua presa.
common_voice_pt_22630187|A mulher tem uma blusa verde clara com flores amarelas
common_voice_pt_22630193|Eu pensei que estava sendo inteligente.
common_voice_pt_22630194|Um homem com uma lata passa por uma pintura de uma cena de construção.
common_voice_pt_22630196|Um cachorro preto correndo pela neve.
common_voice_pt_22630197|Não pode falar de novo
common_voice_pt_22630199|Nevando na estrada da montanha
common_voice_pt_22630208|Observando a figura solitária da avó
common_voice_pt_22630209|Um homem dirigindo um carrinho pequeno em um aeroporto.
common_voice_pt_22630210|Eles foram financiados por um imposto especial de comemoração.
common_voice_pt_22630211|Ame todas as especiarias.
common_voice_pt_22630212|Uma mulher em um vestido laranja, montando um passeio de carnaval.
common_voice_pt_22630214|Eu acordo de manhã
common_voice_pt_22630215|O homem de short vermelho tem uma tatuagem na perna.
common_voice_pt_22630216|Um homem de uniforme apresenta papelada para outro por sua assinatura
common_voice_pt_22630217|Você precisa mesmo de quarenta caixas de papelão?
common_voice_pt_22630218|Enredo eterno
common_voice_pt_22630224|Cada arquivo tinha a letra "A" impressa na frente.
common_voice_pt_22630225|O que seus livros contaram sobre essa época da cidade?
common_voice_pt_22630226|Um homem de camisa branca tentando vender alguma coisa.
common_voice_pt_22630227|A margarina é apenas manteiga com um complexo de inferioridade.
common_voice_pt_22630228|Ele muda de cor quando você diz as palavras "esponja azul".
common_voice_pt_22716081|Homem em calças de ouro, olhando para a câmera.
common_voice_pt_22716083|O que fazer
common_voice_pt_22716084|Há uma carne que é muito deliciosa.
common_voice_pt_22716085|Como ela parecia?
common_voice_pt_22716092|Tenha um trabalho para ter acesso a contatos externos
common_voice_pt_22716093|Ainda correm águas profundas
common_voice_pt_22716094|Pessoal, a homofobia não é tolerada neste escritório.
common_voice_pt_22716095|Empregos cheios de perspectivas de emprego
common_voice_pt_22716101|Eu vou saber quando eu a seguir.
common_voice_pt_22716102|Política de inovação e empreendedorismo
common_voice_pt_22716103|Aquele trabalho pesado
common_voice_pt_22716105|Corra para a grande loja para descansar
common_voice_pt_22716111|Enfrente seus olhos chorando
common_voice_pt_22716112|As crianças participam de uma corrida de saco.
common_voice_pt_22716113|Faça ela se sentir relaxada
common_voice_pt_22716114|Eu tenho que voltar para Taiwan amanhã.
common_voice_pt_22716115|Você quer ir para um lugar melhor?
common_voice_pt_22716116|Eu não sei o que pensar.
common_voice_pt_22716117|Ela é uma pessoa tão gentil.
common_voice_pt_22716118|Um estudante universitário masculino está fazendo molho marinara
common_voice_pt_22716119|Estágio Universitário de Experiência de Trabalho Juvenil
common_voice_pt_22716120|Vamos encontrá-los primeiro.
common_voice_pt_22716121|É também uma nova experiência na minha vida.
common_voice_pt_22716122|Papai, olhe.
common_voice_pt_22716123|Apenas não consegue entendê-lo
common_voice_pt_22716124|Nós temos tempo
common_voice_pt_22716125|É totalmente diferente da cidade natal
common_voice_pt_22716126|Eu realmente não posso ir?
common_voice_pt_22716127|Aprender habilidades de trabalho e interação interpessoal
common_voice_pt_22716128|Ela está com muito medo
common_voice_pt_22716129|Hipoteca não pode ser paga
common_voice_pt_22716130|Os dias são muito instáveis
common_voice_pt_22716131|Boneco de neve no dia de neve
common_voice_pt_22716132|Fortalecendo a diplomacia urbana
common_voice_pt_22716133|Atrair jovens nacionais e estrangeiros para realizar seus sonhos
common_voice_pt_22716134|Uma mãe está ajustando a roupa de seu filho.
common_voice_pt_22716135|Um menino aponta uma bola de basquete no aro.
common_voice_pt_22716136|Eu vi os dados antigos
common_voice_pt_22716137|Mas depois disse menos
common_voice_pt_22716138|Segundo parágrafo do parágrafo anterior
common_voice_pt_22716139|Razão atrasada
common_voice_pt_22716140|Mascote da cidade de Taipei
common_voice_pt_22716141|Tenho confiança no futuro
common_voice_pt_22716142|Então continue a abrir devagar
common_voice_pt_22716143|Água, pedra e fogo, fuja se puder.
common_voice_pt_22716144|Uma pessoa vestindo um casaco laranja está andando durante a hora escura.
common_voice_pt_22716145|Há também muitas maneiras de resolver o problema.
common_voice_pt_22716146|O dinheiro não é um problema
common_voice_pt_22716147|Deixou de existir
common_voice_pt_22716148|Eu não quero pensar que a família ainda não comeu.
common_voice_pt_22716149|Pode ligar para a linha de consulta
common_voice_pt_22716150|Imediatamente siga o conselho dela
common_voice_pt_22716151|Olhe para a estrada nacional
common_voice_pt_22716152|Torne-se um
common_voice_pt_22716154|Ela repetia essa frase para sua filha.
common_voice_pt_22716155|Festival Internacional de Artes de Taiwan
common_voice_pt_22716156|Um homem e uma mulher estão segurando comida.
common_voice_pt_22716157|Bem-vindo a todos para tirar uma foto e compartilhar com a gente!
common_voice_pt_22716158|Não ser encontrado
common_voice_pt_22716159|Bom verificar seu corpo
common_voice_pt_22716160|Neto
common_voice_pt_22716161|E agir
common_voice_pt_22716163|O que você comeu ontem?
common_voice_pt_22716165|O que poderia ser?
common_voice_pt_22716167|Embora eu goste de pintar, não vejo pintura.
common_voice_pt_22716169|Corrente instantânea de alta tensão
common_voice_pt_22716171|A maioria das famílias no passado
common_voice_pt_22716172|Eu conheço outro lugar na montanha.
common_voice_pt_22716173|O dinheiro não é onipotente, mas nenhum dinheiro pode ser
common_voice_pt_22716174|Dentro do banco
common_voice_pt_22716175|A vida é como ser um grupo de fraudes
common_voice_pt_22716176|O dinheiro não é de interesse para mim, o poder é.
common_voice_pt_22716178|Siga em frente para comer caranguejos e coma o suficiente
common_voice_pt_22716179|Planos de longo prazo deveriam ter sido feitos há muito tempo
common_voice_pt_22716180|O que vestir
common_voice_pt_22716181|Nós corremos de volta para a estação
common_voice_pt_22716182|Eu quero cuidar dos meus filhos pessoalmente, etc.
common_voice_pt_22716183|Vai despertar sua possessividade
common_voice_pt_22716184|Educar em um novo paradigma de gestão do conhecimento.
common_voice_pt_22716185|A tendência de desenvolvimento da medicina de precisão
common_voice_pt_22716186|Jogue efeitos especiais cem por cento
common_voice_pt_22716187|O Festival Ching Ming está chegando
common_voice_pt_22716188|O cão marrom com uma bandana vermelha está sentado com as patas no computador.
common_voice_pt_22716189|Agora dessa vez
common_voice_pt_22716190|Uma menina andando em uma trave de equilíbrio com um adulto pronto para ajudar
common_voice_pt_22716191|Atmosfera tranquila
common_voice_pt_22716192|Não consegue encontrar uma dependência do mundo real
common_voice_pt_22716193|Minimize possíveis danos
common_voice_pt_22716194|Vamos depois do jantar.
common_voice_pt_22716195|Meu professor sempre joga giz em suas pupilas, por isso estou usando um capacete.
common_voice_pt_22716196|Precisa dar a ele
common_voice_pt_22716197|Ouvi dizer que você tem que ficar em um tripé.
common_voice_pt_22716198|Uma mulher está falando com um homem em uma camisa branca e bandana
common_voice_pt_22716199|Encontre uma maneira de resolver seu problema
common_voice_pt_22716200|Mulheres dormindo com a cabeça no colo no metrô.
common_voice_pt_22716206|A regra é verdadeira?
common_voice_pt_22716207|Um cão atravessa uma poça de água em Las Vegas.
common_voice_pt_22716208|Ei, vamos tentar.
common_voice_pt_22716209|Carreira para explorar a aprendizagem no local de trabalho
common_voice_pt_22716210|Se houver algum problema pendente
common_voice_pt_22716211|É tarde demais para ir agora dessa vez.
common_voice_pt_22716212|Quem tem o quarto ao lado dela?
common_voice_pt_22716213|A mesma voz que eu
common_voice_pt_22716214|Eles trouxeram um grupo de pessoas
common_voice_pt_22716215|Uma mulher asiática vestida como empregada doméstica atravessa uma rua muito movimentada.
common_voice_pt_22716216|Informação do trabalho
common_voice_pt_22716217|Então eu reservei online.
common_voice_pt_22716218|Eu pensei que poderia escapar da cobrança de dívidas quando me mudei para Taipei.
common_voice_pt_22716219|Pacote quente é super barato
common_voice_pt_22716220|Eu devo ser tocado
common_voice_pt_22716222|Olhando para sua figura solitária
common_voice_pt_22716223|Com vista para uma cidade onde as pessoas parecem estar ocupadas.
common_voice_pt_22716224|Existem muitas mulheres
common_voice_pt_22716225|Temo que a piada esteja em nós.
common_voice_pt_22716231|Aluno eletivo
common_voice_pt_22716232|Um bebê está jogando em um andador
common_voice_pt_22716233|Criação moderna hoje
common_voice_pt_22716234|Eu terminei de comer rápido
common_voice_pt_22716235|Felizmente, há um assento
common_voice_pt_22716241|Nunca faça isso demais.
common_voice_pt_22716242|Um grupo de crianças cantando e colocando as mãos no ar
common_voice_pt_22716243|Uma mulher com uma roupa cinza faz malabarismo com bolas de tênis.
common_voice_pt_22716244|Maior viabilidade
common_voice_pt_22716245|Você está aqui?
common_voice_pt_22716251|Recebi a mensagem de ontem
common_voice_pt_22716252|Houve um problema na fonte
common_voice_pt_22716253|Costumava haver um hábito de jogar
common_voice_pt_22716254|Um grupo de pessoas está alinhado em um buffet de jantar.
common_voice_pt_22716255|Tolo, com o que você está preocupado?
common_voice_pt_22716256|Aniversário de uma pessoa
common_voice_pt_22716257|Tem mais palavras para dizer
common_voice_pt_22716258|Uma mulher posa ao lado de uma roda de giro.
common_voice_pt_22716259|Várias pessoas estão saindo no centro das atenções.
common_voice_pt_22716260|Muito doente da garganta
common_voice_pt_22716261|Eu até trouxe isso pra te mostrar
common_voice_pt_22716263|Para descobrir o limite exato, precisamos repetir isso de maneira reproduzível.
common_voice_pt_22716264|Um homem está fotografando um pedaço de papel com seu smartphone.
common_voice_pt_22716265|Voltando ao país para viver fora do país
common_voice_pt_22716266|Seu rosto afundou
common_voice_pt_22716267|Pode me deixar ver
common_voice_pt_22716268|A moeda antiga era bastante monótona e desgastada.
common_voice_pt_22716269|Também deixando ela
common_voice_pt_22716270|Flores da primavera estão ao virar da esquina
common_voice_pt_22716276|Existem muitas informações ricas e relevantes para referência.
common_voice_pt_22716277|Duas mulheres de short e camiseta estão caminhando segurando as bolsas no ombro direito.
common_voice_pt_22716278|Não considere os sentimentos dos outros
common_voice_pt_22716279|Me dê um pouco de atenção da próxima vez!
common_voice_pt_22716280|Cheesecake para o café da manhã amanhã
common_voice_pt_22723229|Ano novo
common_voice_pt_22723230|O motorista não sabe onde estou.
common_voice_pt_22723231|Um par asiático que levanta para uma imagem em um restaurante.
common_voice_pt_22723232|O casal tem dois ingressos
common_voice_pt_22723233|Uma pessoa em chamas corre para a esquerda e duas outras pessoas o enfrentam.
common_voice_pt_22723234|Este ano também coopera com a era digital
common_voice_pt_22723235|A esta hora da manhã?
common_voice_pt_22723236|Sentado em silêncio no escuro
common_voice_pt_22723237|Finalmente ainda não
common_voice_pt_22723238|Uma pessoa dormindo com um jornal
common_voice_pt_22723239|Por que você quer falar com ele?
common_voice_pt_22723240|O ambiente também é muito ruim
common_voice_pt_22723241|Encontrados apenas seis minutos restantes
common_voice_pt_22723242|Quando o trem chegará esta manhã?
common_voice_pt_22730937|Pegue a tela com as duas mãos
common_voice_pt_22730938|Como resolver
common_voice_pt_22730940|Os seres humanos são mais amigáveis do que imaginavam
common_voice_pt_22730941|Palavras sem palavras
common_voice_pt_22730942|Essas pessoas são dançarinas de samba!
common_voice_pt_22730943|Comprou chocolate cru
common_voice_pt_22730947|Observar um máximo de dois campos de conhecimento na aplicação é meramente indicativo.
common_voice_pt_22730950|Nós só temos uma chance
common_voice_pt_22730951|Ainda espero viver no país
common_voice_pt_22730952|Somente cérebro e pé
common_voice_pt_22730954|Eu vou manter você em mente.
common_voice_pt_22730955|Uma mulher sentada ao lado da piscina enquanto outro joga badminton na piscina.
common_voice_pt_22730956|O presidente fez uma curva acentuada na política
common_voice_pt_22730957|Solitário nas ruas, contando com caridade para viver
common_voice_pt_22730959|Um homem vestindo um terno de casaco preto está andando.
common_voice_pt_22730960|Quem ri por último, ri mais tempo.
common_voice_pt_22730962|Colocar o carrinho antes do cavalo.
common_voice_pt_22730963|Você não precisa se preocupar tanto.
common_voice_pt_22730964|Já perdeu para o presidente, esperando por suas novidades
common_voice_pt_22730965|Inevitável, ela foi espancada novamente.
common_voice_pt_22730966|Morango ouviu bem
common_voice_pt_22730967|duas crianças sentam em um banco com camisas pretas
common_voice_pt_22730968|Isso é um segredo?
common_voice_pt_22730969|Como alguém pode ficar tão entediado?
common_voice_pt_22730970|E se você quiser realizar o projeto no futuro, você precisa discutir
common_voice_pt_22730971|Eu quero possuir o que quero possuir.
common_voice_pt_22730973|Eu vou dormir na pequena cama no quarto.
common_voice_pt_22730974|Um carro está estacionado em uma rua cheia de pichações.
common_voice_pt_22730975|Eu me casei depois.
common_voice_pt_22730976|Sem prejuízo do plano urbano
common_voice_pt_22730977|Anti-frio na estrada de asfalto
common_voice_pt_22730978|Vá pegar uma das maiores e mais douradas espigas de trigo
common_voice_pt_22730979|Levar para definir o cronograma
common_voice_pt_22730980|Dois homens limpando destroços.
common_voice_pt_22730981|Vai continuar a manter a diplomacia urbana
common_voice_pt_22730982|Deu um ao outro
common_voice_pt_22730984|Uma equipe de jogadores vestidos de branco e verde posando para uma foto.
common_voice_pt_22730985|Ótimo, você pode mostrar para mim?
common_voice_pt_22730986|Não é possível distinguir entre as chamadas
common_voice_pt_22730987|Limpar o desumidificador utilizado há mais de dez anos
common_voice_pt_22730988|Porque morando em diferentes condados e cidades
common_voice_pt_22730989|Um homem de casaco amarelo e azul, pedindo ajuda a uma mulher.
common_voice_pt_22730990|Se você voltar de novo
common_voice_pt_22730991|Homem no tampão da sarja de Nimes e óculos de sol entre uma multidão.
common_voice_pt_22730993|Um ciclista em uma camisa vermelha é perseguido por outro ciclista vestindo azul.
common_voice_pt_22730994|Um cão marrom possessivamente agarra um Frisbee roxo em um campo
common_voice_pt_23068009|Fim da Primeira Guerra Mundial
common_voice_pt_23068010|Inspiração da transformação da carreira
common_voice_pt_23068011|Um homem com uma arma observa enquanto outro homem trabalha em um carro.
common_voice_pt_23068012|Eu li três anos de lixo escolar.
common_voice_pt_23068013|O edifício transversal será renovado no próximo ano
common_voice_pt_23068019|Você pode mudar a essência dos seres humanos?
common_voice_pt_23068020|Eu deveria estar ocupado avaliando isso há um tempo atrás.
common_voice_pt_23068021|Faça outro voto
common_voice_pt_23068022|Viva muito bem
common_voice_pt_23068023|Dificuldades e desafios são a força motriz por trás de nós
common_voice_pt_23068044|Eu quero ir com a tia.
common_voice_pt_23068045|Não há coisa mais barata do que você compra.
common_voice_pt_23068046|Projeto de reforço prioritário
common_voice_pt_23068047|Chá quente é super legal
common_voice_pt_23068048|Realmente deve ser orientado para a direção da troca de terras
common_voice_pt_23068072|Um dançarino está dançando em roupas azuis provocantes nas ruas
common_voice_pt_23068074|Chamada para graduados do ensino médio no local da entrevista
common_voice_pt_23068075|Cão macio branco que corre na sujeira.
common_voice_pt_23068076|Não confie na etiqueta na bolsa.
common_voice_pt_23068077|Vai voltar e estudar como resolver
common_voice_pt_23068112|Eu não sei como sair da estação.
common_voice_pt_23068113|Neste caso, podemos marcar outro compromisso.
common_voice_pt_23068114|Arquivo, registro, cálculo, faturamento ou tarefas semelhantes que exigem algum grau de iniciativa.
common_voice_pt_23068115|Adicionado muito movimento à imagem
common_voice_pt_23068116|Quando você vai denunciar?
common_voice_pt_23068168|Desculpe, eu fui enganado.
common_voice_pt_23068169|Desempenho econômico no ano passado
common_voice_pt_23068170|Não é ruim ter um emprego em Taipei.
common_voice_pt_23068171|Produtos produzidos pela empresa
common_voice_pt_23068172|Então é um homem de ferramentas.
common_voice_pt_23068218|Acabou sendo um amigo que é bom em cavar buracos.
common_voice_pt_23068219|Um bebê rasteja em um assoalho de madeira perto de uma garrafa da água.
common_voice_pt_23068220|Gradualmente
common_voice_pt_23068221|Atrair talentos e reter talentos
common_voice_pt_23068222|Atualmente em arbitragem
common_voice_pt_23068228|Eu não sei o que procurar.
common_voice_pt_23068229|Pegou a mão dela
common_voice_pt_23068230|Não está certo?
common_voice_pt_23068231|Verificou que ela tinha diabetes
common_voice_pt_23068232|Em julho, há sol bom na época.
common_voice_pt_23068243|Eu não tenho camas extras aqui.
common_voice_pt_23068244|Levante-se, é hora de ir para casa.
common_voice_pt_23068245|Volte em breve
common_voice_pt_23068246|Teste de aptidão ocupacional e habilidades de busca de emprego, etc.
common_voice_pt_23068253|Eu só quero deixar você viver uma boa vida.
common_voice_pt_23068254|Uma rapariga com as fitas do cabelo que bocejam.
common_voice_pt_23068255|O policial está tendo nota na mão.
common_voice_pt_23068256|Procedimento de reunião
common_voice_pt_23068257|Permite-nos detectar necessidades específicas.
common_voice_pt_23068263|Ele sempre sabe
common_voice_pt_23068264|Para o velho, atire nele.
common_voice_pt_23068265|Preste sempre atenção ao hábito do tempo
common_voice_pt_23068266|Se você tem dinheiro, você terá uma boa vida.
common_voice_pt_23068267|Olhos confusos
common_voice_pt_23068278|Eu sei e acidentalmente disse a coisa errada.
common_voice_pt_23068280|Cauda sem desempenho
common_voice_pt_23068281|Você se mudou
common_voice_pt_23068282|A alma pode suportar a solidão?
common_voice_pt_23068284|Você pode gravar sua vida através de palavras
common_voice_pt_23068288|Lula é deliciosa
common_voice_pt_23068289|Muito diferente
common_voice_pt_23068290|Realmente um problema de bateria
common_voice_pt_23068292|Esta é minha última frase
common_voice_pt_23068303|Escolha uma loja que seja certificada por um vendedor seguro
common_voice_pt_23068304|O avar e o porco, não demoram até estar morto.
common_voice_pt_23068305|Uma peça que pode ajudar a equilibrar o equilíbrio em uma direção ou outra.
common_voice_pt_23068306|Então estou com você na mesma sala?
common_voice_pt_23068307|Não chore, não se preocupe mais.
common_voice_pt_23068328|Leite é super rico
common_voice_pt_23068329|Expandir o escopo para graduados do ensino médio
common_voice_pt_23068331|É para homens?
common_voice_pt_23068332|Acontece também com a vara de São José, que é a flor mais levítica.
common_voice_pt_23068333|O corpo é puxado pelo cinto de segurança
common_voice_pt_23068358|Eu era muito fluente em taiwanês quando era jovem.
common_voice_pt_23068359|Aconselhá-los a cooperar
common_voice_pt_23068360|Isso é feito para os homens.
common_voice_pt_23068361|Unidade guia
common_voice_pt_23068362|Gritando alguma coisa, não me mate
common_voice_pt_23068368|Eu pensei que era um ônibus.
common_voice_pt_23068369|Boa noite a todos.
common_voice_pt_23068370|Compra e venda é muito rentável
common_voice_pt_23068371|Não tente ensinar sua avó a sugar ovos.
common_voice_pt_23068372|Nenhuma composição e conteúdo agradáveis
common_voice_pt_23068388|Eu gosto da sua ambição
common_voice_pt_23068389|É outro dia de tremor
common_voice_pt_23068390|Indo para o próximo milênio
common_voice_pt_23068391|Pelo menos há aquecimento no carro
common_voice_pt_23068392|Abriu uma fábrica
common_voice_pt_23068413|É isso que eu quero dizer?
common_voice_pt_23068414|Eu cuidei de mim mesmo.
common_voice_pt_23068415|Eu não sei porque estou sozinho
common_voice_pt_23068416|Eu definitivamente vou te pagar de volta mais tarde.
common_voice_pt_23068417|Soa muito agradável?
common_voice_pt_23068428|Tão inesquecível
common_voice_pt_23068429|Ele disse tão a sério.
common_voice_pt_23068430|Cooperação e intercâmbio mais diversificados e internacionais
common_voice_pt_23068431|Entre os traficantes, os fabricantes, os agricultores, têm amigos momentaneamente obscurecidos.
common_voice_pt_23068432|Me sinto mais estranho
common_voice_pt_23149733|Meu propósito hoje
common_voice_pt_23149734|Esqueceu outra tela
common_voice_pt_23149735|Não é possível entrar em contato ou recusar-se a visitar
common_voice_pt_23149736|Geralmente ninguém a escuta.
common_voice_pt_23149737|O suficiente para alcançar o objetivo
common_voice_pt_23149748|Artista sênior
common_voice_pt_23149749|Nunca esteve sozinho novamente
common_voice_pt_23149750|Eu não estou aqui há muito tempo!
common_voice_pt_23149751|Muito persistente por três ou quatro dias
common_voice_pt_23149752|Eles são mais eficientes
common_voice_pt_23149758|A situação atual aparecerá
common_voice_pt_23149759|O efeito é muito significativo
common_voice_pt_23149760|Tente muito fazer o trabalho
common_voice_pt_23149762|Eu também preciso de ajuda no campo.
common_voice_pt_23149783|Ouça o ronco do seu estômago
common_voice_pt_23149784|Ainda não atingimos nossa meta? disse o chefe.
common_voice_pt_23149785|Muito tocante
common_voice_pt_23149786|Reunião de revisão de procedimento geral
common_voice_pt_23149787|Eu não posso falar por um tempo.
common_voice_pt_23149947|Eu só sei o que estou procurando.
common_voice_pt_23149949|Tudo é zero
common_voice_pt_23149951|Obrigado amigo
common_voice_pt_23149952|Os adultos não pegaram as crianças e não as levaram
common_voice_pt_23149953|Ele sorriu para a boca
common_voice_pt_23151279|A Internet deve refletir todas as pessoas que a usam
common_voice_pt_23151280|Venha aqui sozinho
common_voice_pt_23151281|Você é ótimo!
common_voice_pt_23151283|Será tratado com cautela
common_voice_pt_23151284|Ele possuía a verdade e não podia viver com o cego do espírito.
common_voice_pt_23151314|Ainda velho
common_voice_pt_23151315|Tem, portanto, credenciamento dos estudos realizados.
common_voice_pt_23151316|Reduza a dor da vítima
common_voice_pt_23151319|Essa é a coisa que mais me surpreendeu.
common_voice_pt_23151321|Eu fiz algo que te fez infeliz?
common_voice_pt_23151346|Continue em frente
common_voice_pt_23151347|Imediatamente correu para o carro
common_voice_pt_23151348|Métodos de gerenciamento de organização e operação
common_voice_pt_23151350|Se você não está disposto a pagar por isso
common_voice_pt_23237393|Promoverá ativamente o caso de desenvolvimento
common_voice_pt_23237395|Desafie nossa vontade
common_voice_pt_23237397|Ainda há uma chance tão grande de ser eliminada
common_voice_pt_23237398|Efetivamente reduzir a taxa de criminalidade juvenil
common_voice_pt_23237399|Acontece que alguém está construindo uma casa.
common_voice_pt_23237530|Pode ficar bem em pouco tempo
common_voice_pt_23237531|Comprometido em aumentar a taxa de participação da mulher no trabalho
common_voice_pt_23237532|A situação só vai piorar e piorar
common_voice_pt_23237533|Valores taiwaneses sentidos pelo público
common_voice_pt_23237534|Vendo o Iluminismo da Arte Moderna de Taiwan
common_voice_pt_23237540|Existem vários taiwaneses
common_voice_pt_23237541|Encontre um restaurante japonês
common_voice_pt_23237542|Cinco homens sentados com um corpo de água atrás deles.
common_voice_pt_23237543|Quando ela tinha sessenta anos
common_voice_pt_23237544|Tempo de leitura na livraria
common_voice_pt_23237550|O que eu acho importante?
common_voice_pt_23237551|Catalunha, não vamos descobrir agora, é uma terra de passagem.
common_voice_pt_23237552|Melhorar a segurança do campus
common_voice_pt_23237553|Voltando ao campo fora do Ano Novo Chinês
common_voice_pt_23237554|No sistema organizacional
common_voice_pt_23237560|Olhou a hora
common_voice_pt_23237561|Apenas lágrimas silenciosas
common_voice_pt_23237562|Olhando para a netinha
common_voice_pt_23237563|Ele não pode te encontrar
common_voice_pt_23237564|É íntimo e familiar, e abriga um café amigável.
common_voice_pt_23237570|Eu não o conhecia, mas os homens precisam ser muito tratados.
common_voice_pt_23237571|Ele caminhou
common_voice_pt_23237572|Ele de repente me encontrou do lado
common_voice_pt_23237573|Colaborar com os inspetores atuariais na avaliação de ativos urbanos e rurais.
common_voice_pt_23237574|O dia de trabalho anual acordado é um dia de trabalho eficaz.
common_voice_pt_23335775|Muitas vezes, conta para eles mais barato
common_voice_pt_23335776|Eu posso marcar uma consulta.
common_voice_pt_23335777|Certifique-se de ficar longe da cidade
common_voice_pt_23335778|Sua resposta a chocou
common_voice_pt_23335779|Eu me sinto muito triste
common_voice_pt_23335790|Vá para casa, tenho que fechar.
common_voice_pt_23335791|É basicamente um balão
common_voice_pt_23335792|Assuma o controle da minha vida
common_voice_pt_23335793|Não sei se quero começar a filmar.
common_voice_pt_23335794|Ontem, a carne estava seca e deliciosa.
common_voice_pt_23335815|Não esqueça mais
common_voice_pt_23335816|Provavelmente não irá exceder as suas expectativas
common_voice_pt_23335817|Quem vem?
common_voice_pt_23335818|Para colocar mangas curtas no carro
common_voice_pt_23335819|O que aconteceu?
common_voice_pt_23335820|Ela leva sua filha para a escola todos os dias.
common_voice_pt_23335821|É melhorar o desempenho primeiro.
common_voice_pt_23335822|Tão ocupado, não perca tempo.
common_voice_pt_23335823|Tramuntana não tem abrigo; pobre homem não tem amigo
common_voice_pt_23335824|Porque, felizmente, em comparação com a Espanha, há o valenciano.
common_voice_pt_23335835|Eu sinto falta de trabalhar, ninguém pode fazer isso.
common_voice_pt_23335836|Esta é uma pintura muito especial
common_voice_pt_23335837|Ela sabia que ela acidentalmente disse a coisa errada.
common_voice_pt_23335838|Projeto do Distrito Oriental e Parque de Biotecnologia
common_voice_pt_23335839|Me siga aqui
common_voice_pt_23340774|Emprego empresarial subsidiado
common_voice_pt_23340775|Ele acha que ele é o chefe da família.
common_voice_pt_23340776|Eles estão angustiados, o filhinho não vive em nenhum lugar.
common_voice_pt_23340777|Todos refletem cada época
common_voice_pt_23340779|Promover a recuperação e reconstrução na área do desastre
common_voice_pt_23340782|Meu coração também está angustiado
common_voice_pt_23340783|Existe uma esposa que é assim?
common_voice_pt_23340784|Roupas são costuradas pelo modelo
common_voice_pt_23340785|O órgão substantivo determinará a freqüência das referidas inspeções.
common_voice_pt_23340786|Maior e melhor
common_voice_pt_23340789|Desde esse incidente
common_voice_pt_23340790|A preocupação é também uma cesta
common_voice_pt_23340791|O desafio não vai parar
common_voice_pt_23340792|Todo o conteúdo está dentro
common_voice_pt_23340793|A frente é mamão
common_voice_pt_23340799|As montanhas da primavera são tão silenciosas
common_voice_pt_23340800|Parece ser previsão
common_voice_pt_23340801|Eu moro sozinha aqui.
common_voice_pt_23340802|Ele a viu no quarto
common_voice_pt_23340803|Eu estava tão impotente quando vi meu pai chorando na minha frente.
common_voice_pt_23340806|A mulher feia, o ouro a faz linda.
common_voice_pt_23340807|adicionar este álbum à minha lista de reprodução do Throwback Party
common_voice_pt_23711731|Fumante regular
common_voice_pt_23711732|Menos de sete pessoas antes das dez e meia
common_voice_pt_23711733|Ele muitas vezes não consegue entender o que estou falando.
common_voice_pt_23711734|Ela decidiu tirar algum dinheiro de sua mãe.
common_voice_pt_23711736|Auxiliando o autor do aluguel oral de terras agrícolas
common_voice_pt_23711741|É raro ver que os taiwaneses estão usando
common_voice_pt_23711742|A polícia eclodiu da cerca quebrada
common_voice_pt_23711743|Seus ingressos estão quase esgotados.
common_voice_pt_23711744|O grupo de fraude não voltou a ler após a remessa
common_voice_pt_23711747|Ela se sentiu fraca em seu coração.
common_voice_pt_23712277|Esperando para comer gelo
common_voice_pt_23712278|Nomeação pessoal não diferenciada
common_voice_pt_23720252|Passou este passe
common_voice_pt_23720253|O layout inicial olha para o futuro
common_voice_pt_23720254|Ela ainda se levantou com os dentes
common_voice_pt_23813621|Duas filhas estão felizes em jogar
common_voice_pt_23813622|Não pediu diretamente no dia da diferença
common_voice_pt_23813623|Nenhum quarto pode ser visto no país.
common_voice_pt_23813624|Horas extras adicionadas à morte
common_voice_pt_23813625|Em resposta a mudanças e riscos econômicos externos
common_voice_pt_23813676|Nós nos apressamos lá embaixo
common_voice_pt_23813677|Vazou para pagamento de horas extras
common_voice_pt_23813678|É agora o Hospital Nacional da Universidade de Taiwan
common_voice_pt_23813679|Corra para o lado do hipermercado
common_voice_pt_23813680|Deve esconder no lugar onde as mercadorias são carregadas
common_voice_pt_23813681|uma caixa de oitocentos e oito
common_voice_pt_23813682|Ela me disse que o carro estava muito quente.
common_voice_pt_23813683|Deixe a avó morar em um pequeno apartamento
common_voice_pt_23813684|Ela disse que é muito filial.
common_voice_pt_23813685|Quando eu estava no ensino médio, ela concordou.
common_voice_pt_23813686|Peça-lhes para pensar em publicidade e planos de marketing
common_voice_pt_24280888|Vila Velha
common_voice_pt_24280889|Os exemplos mostram o contrário.
common_voice_pt_24280890|Benedita da Silva Alves
common_voice_pt_24280891|Wiliam, Marcela, Vivian, Samira e Jacson
common_voice_pt_24280892|Danielly, Manuele, Jamily, Lorrana e Wiliane
common_voice_pt_24280893|Auricelio Santos Silva
common_voice_pt_24280894|A perícia examinou o local.
common_voice_pt_24280895|Audoria Silva de Souza
common_voice_pt_24280896|Essa Ferrari deve custar mais de um milhão de reais.
common_voice_pt_24280897|Rio Grande do Sul
common_voice_pt_24280898|Tomo leite com café todos os dias
common_voice_pt_24280899|Não faz mal.
common_voice_pt_24280900|O Porto de Mariel fica em Cuba
common_voice_pt_24280901|Olinda
common_voice_pt_24280902|Antônio de Lima Leao
common_voice_pt_24280903|Carine Feliciana de Sousa
common_voice_pt_24280904|Carlos Marinho do Nascimento
common_voice_pt_24280905|O instagram está com milhões de novos usuários
common_voice_pt_24280906|Celio Pereira Passos
common_voice_pt_24280907|Aldiney Cruz Soares
common_voice_pt_24280909|Meus senhores, ainda uma vez agradeço esta extraordinária manifestação.
common_voice_pt_24280910|Inclui o café da manhã?
common_voice_pt_24280911|Que dizer de tudo que vejo diante de mim?
common_voice_pt_24280912|Antônio de Souza Ribeiro
common_voice_pt_24280913|Cesar Lancha Tangoa
common_voice_pt_24280914|Alexander da Silva Pereira
common_voice_pt_24280915|A informação chegou a meus ouvidos
common_voice_pt_24280916|A inflação está sob observação do banco central
common_voice_pt_24280917|Clarice Veloso da Conceicao
common_voice_pt_24280918|Bem-vindo a todos para vir a mim.
common_voice_pt_24280919|Serrinha
common_voice_pt_24280920|A Patrícia conseguiu um emprego na Microsoft depois de pedir demissão do Google.
common_voice_pt_24280921|Todos perpassam a ação educativa, a construção da cidadania e da inclusão social
common_voice_pt_24280922|Gustavo e Mariana
common_voice_pt_24640596|Carmelo Alves Libas
common_voice_pt_24640597|Betim
common_voice_pt_24640598|Não houve transação alguma.
common_voice_pt_24640599|Antônio de Moraes Correa
common_voice_pt_24640600|Cristina, Gilmar, Izabel e Adílson
common_voice_pt_24640601|Colatina
common_voice_pt_24640602|Antônio Orleir Lima da Silva
common_voice_pt_24640603|Claudenice Vieira da Silva
common_voice_pt_24640604|Foi ainda o que aconteceu ao eminente estadista.
common_voice_pt_24640605|O comando vermelho extorque os comerciantes.
common_voice_pt_24640606|Benedita Araújo de Sousa
common_voice_pt_24640607|Antônio Paulino da Silva
common_voice_pt_24640608|Penápolis
common_voice_pt_24640609|Benigna Ernestina de Oliveira
common_voice_pt_24640610|Atila Maria Rodrigues Antrobos
common_voice_pt_24640611|O erário será recuperado
common_voice_pt_24640612|O paciente sentiu dor durante a passagem da sonda
common_voice_pt_24640613|Picos
common_voice_pt_24640614|Natal
common_voice_pt_24640615|Luane, Cassiane, Ariele, Alef e Gabriella
common_voice_pt_24640616|Ela casou com um traficante.
common_voice_pt_24640617|Celiene Mendes Souza
common_voice_pt_24640618|A milícia atua naquela comunidade.
common_voice_pt_24640619|Antônio Teixeira Leite
common_voice_pt_24640620|Dourados
common_voice_pt_24640621|Mariana
common_voice_pt_24640622|Montes Claros
common_voice_pt_24640623|Antônio de Oliveira Meireles
common_voice_pt_24640624|Francisco não queria um celular da Samsung ou da Apple.
common_voice_pt_24640625|Arlete Valdez de Souza
common_voice_pt_24640626|São João de Meriti
common_voice_pt_24640627|O policial foi acusado de vazar uma operação sigilosa.
common_voice_pt_24640628|Bruno Silveira E Silva
common_voice_pt_24640629|Camila, Caio, Sandro, Naira e Edvan
common_voice_pt_24640630|Acenderam fogos de artifício.
common_voice_pt_24640631|Me manda um WhatsApp mais tarde
common_voice_pt_24640632|Quanto mais ele corria, mais ela o perseguia.
common_voice_pt_24640633|Carmelio Bezerra de Almeida
common_voice_pt_24640634|Carlos Eduardo Souza Lima
common_voice_pt_24762054|Anunciação Barreto de Oliveira Sena
common_voice_pt_24762055|Antônia Saraiva de Moura
common_voice_pt_24762056|Compartilhando os frutos do crescimento econômico
common_voice_pt_24762057|Buíque
common_voice_pt_24762058|Antônia Silva da Cunha
common_voice_pt_24762059|Termina a conversa antes do meio dia
common_voice_pt_24762060|Cachoeirinha
common_voice_pt_24762061|Ele é assessor do deputado.
common_voice_pt_24762064|Pietro e Sarah
common_voice_pt_24762068|Mariana e Enzo
common_voice_pt_24762069|O Cristiano não vai na festa do Alex.
common_voice_pt_24762075|Antônio Ribeiro de Souza Silva
common_voice_pt_24762076|Matheus e Valentina
common_voice_pt_24762077|As folhas verdinhas são as preferidas das girafas
common_voice_pt_24762078|Qual o Telegram dela?
common_voice_pt_24762079|Catarina da Silva Rocha
common_voice_pt_24785344|Antônio Romario Souza do Vale
common_voice_pt_24785345|Alex Sandro Cesar de Sousa
common_voice_pt_24785346|Moji-mirim
common_voice_pt_24785347|Cabedelo
common_voice_pt_24785348|Antônio Raimundo Lopes Martins
common_voice_pt_24785349|Ceidmar Rodrigues
common_voice_pt_24785350|Wenderson da Silva Teodoro
common_voice_pt_24785351|Antônio Quaresma da Silva
common_voice_pt_24785353|Atos Falcão de Souza
common_voice_pt_24785358|Aurizelia Pinheiro Nunes
common_voice_pt_24785359|Dê mais duas xícaras de café
common_voice_pt_24785360|Carlito Gomes da Silva
common_voice_pt_24785361|Braulino Garcias dos Santos
common_voice_pt_24785362|Antônio da Silva
common_voice_pt_24785363|Catarina Barroso de Souza
common_voice_pt_24785364|Rindo e tentando usar seu próprio colar
common_voice_pt_24785365|Os suspeitos serão interrogados novamente
common_voice_pt_24785366|Antônio e Vitória
common_voice_pt_24785404|Abner, Michael, Jamile, Michele e Clarissa
common_voice_pt_24785405|Aracildo Amorim Braga
common_voice_pt_24785406|Tutóia
common_voice_pt_24785407|Que maneiro!
common_voice_pt_24785418|Para o governo e para o marranxó, não tenha compaixão.
common_voice_pt_24785419|O jogo durou quase três horas
common_voice_pt_24785420|Cidade Ocidental
common_voice_pt_24785421|Zuleide Rosa da Silva
common_voice_pt_24785422|Caraca!
common_voice_pt_24785423|Tem que manter isso
common_voice_pt_24785424|Claiton de Matos Cabral
common_voice_pt_24785425|O cadastro está correto
common_voice_pt_24785426|Alenquer
common_voice_pt_24785427|Ele veio em um voo da Gol.
common_voice_pt_24785528|Dois meses em um navio
common_voice_pt_24785529|Portel
common_voice_pt_24785530|O Bruno usou todas as suas milhas da Tap.
common_voice_pt_24785531|O projeto já está em andamento
common_voice_pt_24785532|Um aviso não pode revogar lei.
common_voice_pt_24785538|Ele disse que virá quando ele quiser vir.
common_voice_pt_24785539|Tucuruí
common_voice_pt_24785540|Daniel e Isadora
common_voice_pt_24785541|Alderir de Souza Lima
common_voice_pt_24785542|Atevaldo Souza de Lima
common_voice_pt_24785543|Qual sua agência e conta?
common_voice_pt_24785549|Ari da Silva Lobo
common_voice_pt_24785550|A tradução foi a mais leal possível.
common_voice_pt_24785551|Carla Henriete Moreira Pereira
common_voice_pt_24785552|Pinhais
common_voice_pt_24785553|Assis Vicente dos Santos
common_voice_pt_24785559|Antônio Pereira da Luz
common_voice_pt_24785560|Giovanna, Ian, Fabricia, Adriel e Maiara
common_voice_pt_24785561|Os peritos já identificaram o autor do crime.
common_voice_pt_24785567|Evellyn, Natieli, Mireli, Sthefany e Izabella
common_voice_pt_24785568|Cassimiro Gaspar da Silva
common_voice_pt_24785569|Não foi essa a razão que eu dei.
common_voice_pt_24785570|A Odebrecht realizou diferentes obras
common_voice_pt_24785575|Sim, podemos declarar.
common_voice_pt_24785577|Embu-guaçu
common_voice_pt_24785578|A grade horária foi mantida
common_voice_pt_24785579|Piauí
common_voice_pt_24785585|As contribuições na área de Meio Ambiente focalizam a questão da educação ambiental
common_voice_pt_24785586|Erechim
common_voice_pt_24785587|Benicio Vidal da Penha
common_voice_pt_24785588|Lorenzo e Lara
common_voice_pt_24785589|Os deputados são eleitos pelo povo
common_voice_pt_24785590|Beatriz Guari Nabi
common_voice_pt_24785592|Arnoaldo Batista da Cruz
common_voice_pt_24785597|A milícia e os traficantes estão em conflito.
common_voice_pt_24785598|Baubina Seixas Peres
common_voice_pt_24785599|Arlindo Neves da Silva
common_voice_pt_24785600|Sidnei, Olívia, Elaine e Leonardo
common_voice_pt_24785601|Charles Pinheiro de Oliveira
common_voice_pt_24785602|O senado discutirá a proposta amanhã
common_voice_pt_24785603|Ganhar a vítima através da comunidade local
common_voice_pt_24785604|Que roubo!
common_voice_pt_24785605|Alfredo Barbosa dos Santos
common_voice_pt_24785606|Já fez o jantar?
common_voice_pt_24785607|Fernando tinha uma conta no Santander e no Bradesco.
common_voice_pt_24785608|Ele parou pra fazer uma selfie.
common_voice_pt_24785609|Dienifer, Chaiane, Camille, Wendell e Iure
common_voice_pt_24785610|Eu sou republicano, não sou liberal.
common_voice_pt_24785611|A polícia federal já foi informada sobre o caso
common_voice_pt_24785612|Clara Janayna Junqueira dos Santos
common_voice_pt_24785613|A Aline dá aula no colégio Marista da Octogonal.
common_voice_pt_24785614|Carlos Pinto
common_voice_pt_24785615|Planaltina
common_voice_pt_24785616|O eixo norte estava congestionado.
common_voice_pt_24785617|Escusado será dizer que eles estão descontentes com a linguagem.
common_voice_pt_24785618|Cecília e Joaquim
common_voice_pt_24785619|Macaíba
common_voice_pt_24785620|Minha mãe me disse para voltar a comer.
common_voice_pt_24785621|Carlos Alberto de Freitas Garbim
common_voice_pt_24785622|Um homem em um avental branco cortando carne.
common_voice_pt_24785623|Fernanda postou uma foto dele no Insta
common_voice_pt_24798472|Antônia Mariza Bernardo da Silva
common_voice_pt_24798473|Bento Bernardino dos Reis
common_voice_pt_24798474|Carlos Mendes da Silva
common_voice_pt_24798475|Que carro!
common_voice_pt_24798481|Eloiza, Abraão, Wílian, Maísa e Kléber
common_voice_pt_24798482|Itapecerica da Serra
common_voice_pt_24798483|Zulmira Silva de Oliveira
common_voice_pt_24798487|Jeremias, Alan, Analice, Magno e Jaílson
common_voice_pt_24798490|Próximo do jardim havia um bueiro que conduzia à rede de esgoto.
common_voice_pt_24798491|Bernardino Belchior da Silva
common_voice_pt_24798492|Isaac e Letícia
common_voice_pt_24798498|Deivide, Thaisa, Mirella, Antony e Renam
common_voice_pt_24798499|Muriaé
common_voice_pt_24798500|Brenda Vitoria Cunha Oliveira
common_voice_pt_24798501|Benedita da Silva Pimentel
common_voice_pt_24798502|Há alguém perdido aí?
common_voice_pt_24798503|Paranaguá
common_voice_pt_24798504|Tá sabendo disso?
common_voice_pt_24798505|Celso Luiz Braga de Vasconcelos
common_voice_pt_24798511|E por hoje basta, meu caro, que a noite já vai alta.
common_voice_pt_24798512|Centro de velocidade de Audi
common_voice_pt_24798518|Eu estou procurando por algo que eu queria há muito tempo.
common_voice_pt_24798519|Três Rios
common_voice_pt_24798520|Agleilson Melo de Freitas
common_voice_pt_24798521|Carlos Alberto Oliveira Idagua
common_voice_pt_24798522|A Marília não tinha pontos da Azul nem da Gol.
common_voice_pt_24798523|Cirlene Rocha Brasil
common_voice_pt_24798524|Não tinha ideia disso.
common_voice_pt_24798525|O Marcos cancelou seu cartão de débito do Itaú e do Santander.
common_voice_pt_24798526|Ibiúna
common_voice_pt_24798527|Arabiana Moura da Costa
common_voice_pt_24798529|Eu tenho que ter aulas hoje e amanhã.
common_voice_pt_24798533|Isabeli, Rayssa, Stefany, Gabrielle e Thainá
common_voice_pt_24798535|Muito bem! Esse é o verdadeiro princípio.
common_voice_pt_24798536|Rio Branco no Acre
common_voice_pt_24798537|Carlos Bento Monteiro de Souza
common_voice_pt_24798538|Sua proposta não me agrada
common_voice_pt_24798539|Alessandro Lima Rodrigues
common_voice_pt_24798540|Arleide Andrade da Silva
common_voice_pt_24798541|Carlos Henrique Moura de Oliveira
common_voice_pt_24798542|Sapucaia do Sul
common_voice_pt_24798543|Carlos Afonso Geraldino de Souza
common_voice_pt_24798544|Santo André
common_voice_pt_24798545|Retire o hotel e almoce
common_voice_pt_24798546|Não, esta não é a questão.
common_voice_pt_24798547|Me xingou.
common_voice_pt_24798548|Camocim
common_voice_pt_24798549|Caraca! O que foi isso?
common_voice_pt_24798550|São Cristóvão
common_voice_pt_24798551|Cláudia Braz da Silva
common_voice_pt_24798552|Raqueli, Kamily, Naeli, Kaun e Kailaine
common_voice_pt_24798553|Joguei bola até os dezoito anos
common_voice_pt_24798554|Celso Lopes de Freitas
common_voice_pt_24798555|Guarapari
common_voice_pt_24798556|Antônio Veridiano de Souza
common_voice_pt_24798557|Carlos Alberto Lopes de Souza Junior
common_voice_pt_24798558|Izabeli, Nicolle, Nata, Cauani e Lorrany
common_voice_pt_24814427|Artemildo Saraiva de Araújo
common_voice_pt_24814432|Saulo trabalha em Taguatinga e mora na Ceilândia.
common_voice_pt_24814433|Jéssica, Safira, Caroline, Everson, Andreza e Joyce
common_voice_pt_24814438|Ela era uma chefe legal.
common_voice_pt_24814441|Nós viemos de Cabanes.
common_voice_pt_24814442|Bagé
common_voice_pt_24814443|Experiência de verão está chorando
common_voice_pt_24816281|Eu encontrei uma loja de língua de boi grelhada.
common_voice_pt_24816285|Carlos Adriano de Almeida
common_voice_pt_24816288|Palmas
common_voice_pt_24816289|Cachoeiras de Macacu
common_voice_pt_24816295|Cassio Justino de Alencar Tavares
common_voice_pt_24816299|Qual é a data da carta?
common_voice_pt_24816301|Isabelly e Antônio
common_voice_pt_24816308|Centro de Inovação de Taipei
common_voice_pt_24816309|Antônio Wilson de Souza
common_voice_pt_24816310|João apagou a luz e foi dormir.
common_voice_pt_24816314|Andreia Moraes da Silva
common_voice_pt_24816319|Joaquim e Rebeca
common_voice_pt_24816323|Ricardo, Daniel, Renato e Orlando
common_voice_pt_24816324|Favor que o outro projeto também fazia.
common_voice_pt_24816330|Enquanto a gata dormia, Rói-Rói se divertia.
common_voice_pt_24816331|Nós viemos de Paiporta.
common_voice_pt_24816332|Santa Bárbara D´oeste
common_voice_pt_24816336|Mas então, se não há igualdade, há injustiça?
common_voice_pt_24816337|Benedito Rodrigues do Nascimento
common_voice_pt_24816343|Várzea Grande
common_voice_pt_24816344|Ana Lucia Martins de Souza
common_voice_pt_24816349|Castigos serão aplicados
common_voice_pt_24816351|Benedito Caetano dos Santos
common_voice_pt_24816352|Como ser jogado de repente em um grande balde de gelo
common_voice_pt_24816353|Sapiranga
common_voice_pt_24816354|O José Maria vive no Lago Norte, mas frequenta o Paranoá.
common_voice_pt_24816359|Rafael não se dava bem com Luiz.
common_voice_pt_24816361|Carlos foi à academia.
common_voice_pt_24816367|A colaboração de todos é fundamental
common_voice_pt_24900443|Alba dos Santos Xavier
common_voice_pt_24900444|As nações democráticas de hoje estão inclinadas para a oposição excessiva.
common_voice_pt_24900445|Antônio Lima Gadelha
common_voice_pt_24900446|Tá ótimo.
common_voice_pt_24900447|O que julguei que senti.
common_voice_pt_24900449|Eu não quero machucar ninguém.
common_voice_pt_24900454|Nunca mais volto a caminhar de bota.
common_voice_pt_24900455|Antônio Felipe de Sampaio
common_voice_pt_24900456|Neste momento, o programa detalhado de atividades e a agenda estão em preparação.
common_voice_pt_24900457|Alcivana Ferreira da Silva
common_voice_pt_24900463|Antônio Jonas Gondim
common_voice_pt_24900464|Antônio Francisco Nunes
common_voice_pt_24900465|Rafael e Francisca estão namorando.
common_voice_pt_24900466|Ele agradeceu às criaturas, porque nada precisou ser drenado.
common_voice_pt_24900467|Antônio Maia Vieira
common_voice_pt_24900468|O objetivo é garantir a máxima igualdade de oportunidades na obtenção dos lugares.
common_voice_pt_24900469|Não tinha voo da Delta pra Nova Iorque.
common_voice_pt_24900470|A neve, para quem a vê.
common_voice_pt_24900471|Mas a maioria permaneceria improdutiva se fosse mantida dispersa.
common_voice_pt_24900473|Muito fácil
common_voice_pt_24900474|Eu não posso sofrer tanta vergonha.
common_voice_pt_24900475|Mas ele nos protegeu, dizem alguns.
common_voice_pt_24900523|As pessoas ou entidades especializadas solicitarão o credenciamento administrativo correspondente.
common_voice_pt_24900524|Nesse sentido, nossa memória não foge da tendência interdisciplinar já mencionada.
common_voice_pt_24900525|Antônio Marcos da Silva Almeida
common_voice_pt_24900526|Ela gosta de ler livros de suspense
common_voice_pt_24911943|Que horas?
common_voice_pt_24911944|Nossa acácia está viva e tem uma grande vitalidade.
common_voice_pt_24911945|Você vai gostar
common_voice_pt_24911946|Viva para ver
common_voice_pt_24911947|Precisamos podar aquela roseira.
common_voice_pt_24911948|Obrigado, membros e deputados.
common_voice_pt_24911949|Este será o chamado arquivo do tribunal.
common_voice_pt_24911950|Porque nós somos muçulmanos.
common_voice_pt_24911951|representa a estrutura estática
common_voice_pt_24911952|Nas noites de inverno, havia refugiados naufragados em uma ilha deserta.
common_voice_pt_24911953|Aquele que tem dinheiro tem vícios.
common_voice_pt_24911954|Adalgisa Apolinario da Silva
common_voice_pt_24911955|As infra-estruturas na área criam uma barreira à passagem de outras espécies faunísticas.
common_voice_pt_24911956|Daquele momento em diante, começou a declinar.
common_voice_pt_24911957|Note-se que o separador introduziu tecnologia que aumenta seu desempenho.
common_voice_pt_24911958|Antônio Geraldo da Silva
common_voice_pt_24911959|Subsídios para o culto religioso deixam de existir com esta nova lei.
common_voice_pt_24911960|Tranquilo então.
common_voice_pt_24911961|Esta ação pode incluir atividades de conscientização, informação e divulgação.
common_voice_pt_24911962|Será necessário avaliar a existência de habitats aproveitando as construções preexistentes.
common_voice_pt_24911963|Adicione o macarrão à panela e misture bem, junto com a carne.
common_voice_pt_24911964|Antônio José Ferreira da Silva
common_voice_pt_24961289|Toda rosa tem seu espinho.
common_voice_pt_24961292|Antônio Emidio da Silva
common_voice_pt_24961293|É curioso
common_voice_pt_24961294|Eu gostaria de saber quem você é.
common_voice_pt_24961295|Pausado
common_voice_pt_24961296|Ailson Pereira Craveiro
common_voice_pt_24961297|Você não sabe o que responder.
common_voice_pt_24961298|Ajeu Bernardes da Silva
common_voice_pt_24961299|Antônio Jeronimo Neto
common_voice_pt_24961300|Eu costumava dizer a ele que aquilo não passava de um sonho bêbado.
common_voice_pt_24961301|Antônio Marques Ferreira
common_voice_pt_24961307|Em caso de mudança de categoria, as condições salariais do novo serão aplicadas.
common_voice_pt_24961313|Antônio Francisco de Araújo
common_voice_pt_24961314|Antônio José Ribeiro da Silva
common_voice_pt_24961315|Adão Fogassa
common_voice_pt_24961316|Alan Johnny Freitas de Assis
common_voice_pt_24961317|Antônio Nobre de Araújo
common_voice_pt_24961323|Adonilson do Vale Candido
common_voice_pt_24961324|Aldaice Ribeiro Rodrigues
common_voice_pt_24961325|Veja o Apêndice dois.
common_voice_pt_24961326|Antônio Marques
common_voice_pt_24961327|Alberto Richard Souza de Lima
common_voice_pt_24961328|É necessário juntar esforços e ajudar a pensar e a executar projetos inovadores
common_voice_pt_24973169|Que horas chega?
common_voice_pt_24973170|Antônio Mateus Batista Ribeiro
common_voice_pt_24973171|Um caso paradigmático na área de recursos linguísticos são os sistemas de tradução automática.
common_voice_pt_24973177|Não há sinal que exija autorização prévia sem esse requisito.
common_voice_pt_24994173|Antônio Lopes da Cruz
common_voice_pt_24994174|Hoje a noite é nossa e apenas nossa.
common_voice_pt_24994180|Antônio Cleilson Marques de Lima
common_voice_pt_24994181|Antônio Maia dos Reis
common_voice_pt_24994182|Antônio Francisco Alves do Livramento
common_voice_pt_24994188|Antônio Marcos de Souza Pinheiro
common_voice_pt_24994195|Antônio Girao da Silva
common_voice_pt_24994200|Quebrar tabus também é usado para construir uma sociedade mais justa e segura.
common_voice_pt_24994201|Positivo.
common_voice_pt_24994207|Quem sente não é quem é
common_voice_pt_24994208|O prejuízo causado à empresa será imensurável
common_voice_pt_24994209|Já foi?
common_voice_pt_24994215|Antônio Lima do Nascimento
common_voice_pt_24994217|A atividade esportiva gera rotinas, agrupa sentimentos e fortalece a cultura do esforço.
common_voice_pt_24994222|Antônio Francisco de Castro Lima
common_voice_pt_24994223|Antônio Francisco Bezerra da Silva
common_voice_pt_24994224|O projeto de tradução precisa de mais voluntários.
common_voice_pt_24994225|Abib Alexandre da Silva
common_voice_pt_24994236|Essas vendas serão feitas nos formatos e unidades de vendas que a empresa estabeleceu.
common_voice_pt_24994237|Encolhendo os ombros.
common_voice_pt_24994238|Se você soubesse como eu tenho andado
common_voice_pt_24994281|Armando Das Chagas Pinheiro
common_voice_pt_24994285|A Passaredo entrou há pouco tempo no mercado.
common_voice_pt_24994293|E se assim for, o interesse público certamente está de acordo com a moralidade.
common_voice_pt_24994294|Ela hackeou um banco de dados.
common_voice_pt_24994295|Antônio Marcos Souza de Araújo
common_voice_pt_24994301|É necessário, então, criá-lo artificialmente.
common_voice_pt_24994302|É uma obrigação para um negócio.
common_voice_pt_24994306|Nós reforçaríamos, se necessário, as estações de serviço.
common_voice_pt_24994307|Abelar Ramos Pontes
common_voice_pt_24994308|Antônio Lima Maia
common_voice_pt_24994309|Antônio Modesto de Morais
common_voice_pt_24994316|Antônio Firmino de Freitas
common_voice_pt_25001434|Antônio Ilson da Silva Souza
common_voice_pt_25001436|Alzerina Ferreira Alves
common_voice_pt_25001443|A instituição financeira, se aceitar a operação, cobrará a conta designada pelo comprador.
common_voice_pt_25001445|Experiências validadas pelo comitê consultivo que será explicado em profundidade por seus autores.
common_voice_pt_25001451|Carolina Ribeiro Silva
common_voice_pt_25001452|Era um enviado de Antônio Lisboa da Silva.
common_voice_pt_25001458|Antônio Germano Sobrinho
common_voice_pt_25001461|Resta resolver a questão da Horta de Valência e da própria cidade.
common_voice_pt_25001466|Antônio Gomes Valente
common_voice_pt_25001473|Porto Alegre
common_voice_pt_25001474|Ageu Moreira da Silva Neto
common_voice_pt_25001476|O mais inesperado está sempre acontecendo.
common_voice_pt_25001482|Gaspar
common_voice_pt_25001483|Caçador
common_voice_pt_25001496|Celina Maria Costa do Nascimento
common_voice_pt_25001511|Bata devagar por cerca de quinze minutos.
common_voice_pt_25001513|Camaquã
common_voice_pt_25001514|Adriano Alves da Silva Kaxarari
common_voice_pt_25001522|Bahia
common_voice_pt_25001524|Avila Teixeira Gregorio
common_voice_pt_25001526|Bernardo Pereira da Silva
common_voice_pt_25001527|Mafra
common_voice_pt_25001529|Alvino Barros Pereira
common_voice_pt_25001530|Cicero da Silva Bezerra
common_voice_pt_25001533|Claudenir Lima dos Santos
common_voice_pt_25001538|Quixeramobim
common_voice_pt_25001540|Por conseguinte, todos são iguais quanto à felicidade?
common_voice_pt_25001541|Camila Lima da Silva
common_voice_pt_25001544|Caxias do Sul
common_voice_pt_25001548|Alfredo Bezerra da Silva
common_voice_pt_25001558|Ela esqueceu a senha do banco.
common_voice_pt_25001570|não pode ter um enfoque único, mas múltiplo.
common_voice_pt_25001575|Gerenciar estoque do armazém, garantindo sua provisão e emissão.
common_voice_pt_25001577|Leonardo e Maria Clara
common_voice_pt_25001579|Antônio Gilmar Dias dos Santos
common_voice_pt_25001580|Petrolina
common_voice_pt_25001584|Antônio Thomaz Goes
common_voice_pt_25001588|O governo e todos estão trabalhando juntos
common_voice_pt_25001594|É muito mais forte.
common_voice_pt_25001603|Aarão Pequeno da Silva se encontrou com Abdias Paiva Cavalcante
common_voice_pt_25001608|Mário, Manuel. Sueli e Joaquim
common_voice_pt_25001611|Eloá e Samuel
common_voice_pt_25001613|Cláudio tinha uma conta no Banco do Brasil e no Itaú.
common_voice_pt_25001619|Candido Ferreira de Souza
common_voice_pt_25001620|Carla Mara Souza Hanan
common_voice_pt_25001622|Zulima de Lima E Silva
common_voice_pt_25001623|Antônio Fernandes de Melo
common_voice_pt_25001625|Nova Friburgo
common_voice_pt_25001626|A empresa não se manifestou
common_voice_pt_25001628|A milícia dominou a favela.
common_voice_pt_25064772|Cláudia, Alexandre, Edílson e Ângelo
common_voice_pt_25064773|Marília
common_voice_pt_25064774|Há tudo na vinha do Senhor.
common_voice_pt_25064775|Clarice Ferreira Lyra
common_voice_pt_25064776|Angelita Carneiro de Brito
common_voice_pt_25064779|Benedito Gomes da Silva
common_voice_pt_25064783|Efeito lupa sob cobertura da mídia
common_voice_pt_25064784|Augusto Candido Ramos
common_voice_pt_25064785|Esse cardápio é bem completo
common_voice_pt_25064791|Alan Henrique Fernandes de Oliveira
common_voice_pt_25064792|Antônia Alves da Costa Menezes
common_voice_pt_25064793|Buriticupu
common_voice_pt_25064794|Cesar Augusto Rocha Coelho
common_voice_pt_25064795|Antônio Souza Chagas
common_voice_pt_25064796|Airton Medeiros de Oliveira
common_voice_pt_25064797|Antônio da Costa Assis
common_voice_pt_25064798|Clara Elis Fernandes
common_voice_pt_25064799|Catiuscia Nobrega dos Santos
common_voice_pt_25064804|Conte até dez e tente não jogar mais lenha no fogo.
common_voice_pt_25064806|Ana Luiza e Felipe
common_voice_pt_25064808|João Monlevade
common_voice_pt_25064813|A carta de alforria se encontra no Museu
common_voice_pt_25064814|É uma bonita ilha.
common_voice_pt_25064815|Serra Talhada
common_voice_pt_25064816|Não me lembro de nada.
common_voice_pt_25064817|Carlos de Almeida Lopes
common_voice_pt_25064818|Era uma maravilha de lugar.
common_voice_pt_25064819|Por isso, alheio, vou lendo
common_voice_pt_25064820|Ceará-mirim
common_voice_pt_25064821|Concordância de cem por cento.
common_voice_pt_25064822|O edital previa a criação de novas vagas
common_voice_pt_25064823|Arez Pinheiro dos Santos
common_voice_pt_25064824|Vi no grupo da família no WhatsApp
common_voice_pt_25064825|Somente os membros que foram convocados podem permanecer nessas instalações.
common_voice_pt_25064826|Aloizio Roque Carneiro
common_voice_pt_25064827|Moju
common_voice_pt_25064828|Alex Freitas de Oliveira
common_voice_pt_25096322|Eu não vi lá.
common_voice_pt_25096328|Zacarias Rodrigues da Silva
common_voice_pt_25096329|O juiz não autorizou o pedido do ministério público
common_voice_pt_25096330|Todos os serviços estão disponíveis
common_voice_pt_25096331|Beatriz Ferreira Rodrigues
common_voice_pt_25096332|Eu não posso me importar
common_voice_pt_25096333|Auricelia da Silva de Carvalho
common_voice_pt_25096339|Deixe cozinhar cerca de quinze minutos.
common_voice_pt_25096340|Selecionar local
common_voice_pt_25096341|Carlos Orlenilson Felix da Silva
common_voice_pt_25096342|Cezarinete do Vale Derze
common_voice_pt_25096347|Nova Serrana
common_voice_pt_25096349|Cacio Rainerio Alexandre da Silva
common_voice_pt_25096350|Benedita Sales de Lima
common_voice_pt_25096352|Emanuelly, Adrielly, Isabelli, Laryssa e Liandra
common_voice_pt_25096357|Antônio Silva da Gama
common_voice_pt_25096360|Finalmente caminhou de volta
common_voice_pt_25096369|Grande estréia hoje
common_voice_pt_25096370|O pó preto surgiu em sua janela
common_voice_pt_25096371|Antônio Junior Sales Menezes
common_voice_pt_25096372|Antônia Benicio Araújo
common_voice_pt_25096378|Ele usou a senha dela.
common_voice_pt_25096379|Isso deve ter um futuro
common_voice_pt_25096380|Aldemir Bessa Tavares
common_voice_pt_25096381|A primeira seção é o grande teleférico
common_voice_pt_25096382|Americana
common_voice_pt_25096383|Maceió
common_voice_pt_25096384|O Tribunal decidirá sobre os pedidos de adaptações e ajustes feitos.
common_voice_pt_25294689|Um ponto central para esta reflexão é a concepção de que a informação
common_voice_pt_25294694|No Domingo eu vou para a Igreja.
common_voice_pt_25294701|Bruno de Oliveira Fernandes
common_voice_pt_25379366|Um homem de camisa preta está tocando violão.
common_voice_pt_25379368|Evite o risco
common_voice_pt_25379370|Antônio Targino da Silva
common_voice_pt_25379374|Vou precisar de algumas partituras, se você quiser que eu toque isso.
common_voice_pt_25379376|Antônio Melo de Souza
common_voice_pt_25379377|Ele é um alcoólatra furioso.
common_voice_pt_25379380|Meu tablet da wacom tem um fio suspeito.
common_voice_pt_25379382|Claudemar Silva da Costa
common_voice_pt_25379384|Benedito Rodrigues de Oliveira
common_voice_pt_25379386|Participação em seguro social
common_voice_pt_25475782|É o que estamos fazendo.
common_voice_pt_25475783|Ela tem um longo cabelo encaracolado.
common_voice_pt_25475784|Ninguém sabe o que há por trás dessa porta.
common_voice_pt_25475785|Propõe modificações na ferramenta para adaptá-la às novas necessidades.
common_voice_pt_25475790|A energia nuclear é o futuro.
common_voice_pt_25475797|Destina-se a classificar as terras localizadas ao sul da igreja mencionada.
common_voice_pt_25577981|Havia uma variedade de mercadorias disponíveis no mercado.
common_voice_pt_25577982|Os membros do grupo não podem receber remuneração do projeto de pesquisa.
common_voice_pt_25577983|Diga, Eva, quando você será mãe?
common_voice_pt_25577984|Quem são as responsáveis pelo ensino superior?
common_voice_pt_25577985|O que mais devo fazer?
common_voice_pt_25577986|Fazer uma transferência de valores para meu cunhado e seu sócio
common_voice_pt_25577987|Encontrando meios para sobreviver diante da tragédia
common_voice_pt_25577988|E o que isso significa?
common_voice_pt_25577994|Os lugares que por estas razões não estão ocupados estarão vagos.
common_voice_pt_25577995|Os assistentes virtuais só funcionam com a linguagem principal definida no dispositivo.
common_voice_pt_25577996|Empresa de telecomunicações e terceirização de atendimento ao consumidor
common_voice_pt_25577997|Para estes fins, a Assembleia Geral contratará um painel de juízes e auditores externos.
common_voice_pt_25577998|Louvado seja Deus!
common_voice_pt_25577999|O tribunal determinará o tempo máximo para sua conclusão.
common_voice_pt_25578000|O vinho entra no coração como um tigre na selva.
common_voice_pt_25578001|E eu coloquei meus joelhos.
common_voice_pt_25578002|Empresas distribuidoras cadastradas no cadastro de empresas audiovisuais correspondente.
common_voice_pt_25719531|Quem não é visto, não é lembrado
common_voice_pt_25719543|Está ok
common_voice_pt_25719549|O seguro morreu de velho
common_voice_pt_25719556|Juros simples e compostos
common_voice_pt_25719562|Ela ficará mais seca no domingo.
common_voice_pt_25719569|Sempre se apresse, sempre!
common_voice_pt_25719571|De nada serve ao homem conquistar a Lua se acaba por perder a Terra.
common_voice_pt_25719581|O que há?
common_voice_pt_25719590|Haverá cada vez mais murmúrio das entidades vinculadas
common_voice_pt_25719601|Enfim, a hipocrisia
common_voice_pt_25719607|Vai lá
common_voice_pt_25719609|Ladrão que rouba ladrão tem cem anos de perdão
common_voice_pt_25719613|Canalizar significa que um espírito passou as informações através de um médium.
common_voice_pt_25719624|Mostre-me sua esposa e conte como é seu marido.
common_voice_pt_25719642|hereditariedade genética
common_voice_pt_25719654|As pessoas têm confundido curtidas no Instagram com afeto
common_voice_pt_25719663|Para Santa Caterina, a fábrica não faz farinha.
common_voice_pt_25719682|Quando será a contingência?
common_voice_pt_25719713|Ellen Bruna Barbacena
common_voice_pt_25719716|A mitologia grega teve papel fundamental na filosofia clássica
common_voice_pt_25719719|E agora para dormir, é o suficiente para hoje.
common_voice_pt_25719847|Desmonte das políticas de auxílio emergencial
common_voice_pt_25719848|A alteração de consciência pode ser observada
common_voice_pt_25719849|Ela dará a luz em oito dias a uma criança
common_voice_pt_25719853|Ambos eram muito finos.
common_voice_pt_25719856|Morfologia, sintaxe e fonologia
common_voice_pt_25719857|Organização do Tratado do Atlântico Norte
common_voice_pt_25719858|O Instagram e Facebook são redes nefastas que estão levando pessoas a terem depressão
common_voice_pt_25719859|É necessário, portanto, abandonar a superfície e penetrar mais nela.
common_voice_pt_25719860|Gildo Neves Pimentel
common_voice_pt_25719861|A inveja quebra a bolsa.
common_voice_pt_25719862|Se me chamarem, diga que morri!
common_voice_pt_25719863|Tradição ao passo da revolução
common_voice_pt_25719879|Qual é a diferença entre as informações no círculo e no quadrado?
common_voice_pt_25719880|Projeto de enciclopédia colaborativa
common_voice_pt_25719881|Como os gases entram e saem das plantas?
common_voice_pt_25719882|Depois dessa, vou até passar meu Monange
common_voice_pt_25719883|Nós viemos de Albatera.
common_voice_pt_25719884|De médico e louco, todo mundo tem um pouco
common_voice_pt_25719885|Dezessete é o número da besta
common_voice_pt_25719886|O hábito faz o monge
common_voice_pt_25719888|Lida com reprodução e ovos, descrevendo e aplicando técnicas de reprodução e incubação.
common_voice_pt_25719892|Controlar e validar a remuneração horária de todo o pessoal dos Serviços Territoriais.
common_voice_pt_25757956|Nós viemos de Biar.
common_voice_pt_25757962|Sua mãe faleceu há muitas décadas
common_voice_pt_25757963|O pobre trabalhador culpa suas ferramentas.
common_voice_pt_25757966|Amigos são bons depois da morte.
common_voice_pt_25757970|A maioria das ferramentas inclui melhorias, várias novas ferramentas de transformação.
common_voice_pt_25757972|Esta ideia não foi finalmente possível.
common_voice_pt_25757987|Uma democracia de maior qualidade requer participação real dos cidadãos nos assuntos públicos.
common_voice_pt_25757997|Eu quero sua atenção total.
common_voice_pt_25757998|Uma barriga fraca não sabe disso.
common_voice_pt_25758003|Envie um depoimento para incorporá-lo às performances.
common_voice_pt_25758016|Essa palestra meia-tigela
common_voice_pt_25758017|Ela tem vinte e cinco minutos a dois.
common_voice_pt_25758018|Ordem Soberana e Militar de Malta
common_voice_pt_25758019|Amigos, amigos, negócios à parte
common_voice_pt_25758020|A matilha é bem treinada
common_voice_pt_25758022|Observar, ouvir, entender e admirar uma cidade não é suficiente para passar por ela.
common_voice_pt_25758055|Julgue seu sucesso pelas coisas que você teve que renunciar para conseguir.
common_voice_pt_25758063|Não sofra
common_voice_pt_25758064|O porco fresco e o vinho novo causam dores na barriga.
common_voice_pt_25758066|Nós não temos pão
common_voice_pt_25758072|Quem foi Juscelino Kubitschek?
common_voice_pt_25758077|Mudar o tema
common_voice_pt_25867395|Desenvolva protótipos verificando o ajuste dos padrões no processo de criação.
common_voice_pt_25867396|Esta é uma formulação indicada para determinar modelos de enriquecimento bentônico orgânico.
common_voice_pt_25867397|Dieta e regime são dois conceitos diferentes
common_voice_pt_25867398|Quem fala?
common_voice_pt_25867399|Ela está grávida há sete meses.
common_voice_pt_25867400|Tubulações hidráulicas no subsolo
common_voice_pt_25896144|Quem não se mede é medido pelos outros.
common_voice_pt_25896150|Eu não sei se todo mundo que fala galês está chegando.
common_voice_pt_25896151|Onde ele está em tudo isso?
common_voice_pt_25896153|Conte-nos o que você pensa!
common_voice_pt_25896154|Os oponentes farão todas as flexões necessárias por meio minuto.
common_voice_pt_25896156|Está indo.
common_voice_pt_25896158|Os testes incluirão conteúdos teóricos e realizações práticas.
common_voice_pt_25896159|É uma das suas maiores dimensões políticas.
common_voice_pt_25896166|A produtividade pode ser aumentada aplicando inteligência artificial nos processos
common_voice_pt_25896167|A experiência remove mestres.
common_voice_pt_25896168|Vovô está de férias
common_voice_pt_25896169|Ela terá que replicá-lo com precisão.
common_voice_pt_25896171|Existem situações que exigem mediação?
common_voice_pt_25896177|Cadê meu sapato?
common_voice_pt_25896178|A tarefa é feita pelo cansado.
common_voice_pt_25896179|Agora você se faz de Madalena arrependida?
common_voice_pt_25896180|Com um nevoeiro, todo mundo é um timoneiro.
common_voice_pt_25896181|O predomínio dos Estados Unidos está sendo ameaçado pela China
common_voice_pt_25896182|O nitrogênio era muito latente naquela atmosfera
common_voice_pt_25896184|Os senhores estão atrasados para a reunião maçônica
common_voice_pt_25896185|A paz começa quando a ambição termina.
common_voice_pt_25896186|Não é justo.
common_voice_pt_25896192|Este foi o golpe mais perigoso dado à soberania dos estados.
common_voice_pt_25896199|Ambos podem delegar aos gerentes gerais responsáveis pela habitação de ambas as administrações.
common_voice_pt_25896201|Isso foi tudo.
common_voice_pt_25896203|A indignação e o desconforto muitas vezes surgem com propostas.
common_voice_pt_25896206|Bata com folhas de louro e uma pitada de orégano
common_voice_pt_25896209|Intubar é um termo que entrou em voga neste período pandêmico que vivemos
common_voice_pt_25896212|No casamento, o hóspede nunca ficará desapontado.
common_voice_pt_25896214|Foi mentido
common_voice_pt_25896223|Pimenta nos olhos dos outros é refresco
common_voice_pt_25896228|Segundo alguns relatos, havia um odor de gás na área.
common_voice_pt_25896229|É uma onda de frio originária dos Himalaias
common_voice_pt_25896230|Para transportar mínério de ferro é importante haver uma rede ferroviária
common_voice_pt_25896231|Almoço, janta, lanche e café da manhã, também chamado de pequeno-almoço em Portugal
common_voice_pt_25896232|Se você está cansado, me diga.
common_voice_pt_25896235|O que é o hinduísmo?
common_voice_pt_25896240|Este é um menu de refeições: lembre-se de onde viemos.
common_voice_pt_25896242|Felicidade não pode ser comprada.
common_voice_pt_25896243|Com o afeto das canções
common_voice_pt_25896249|Nevou muito no Sul do Brasil neste ano
common_voice_pt_25896250|Você jogou xadrez?
common_voice_pt_25896251|Estudar o campo gravitacional e outras finalidades científicas
common_voice_pt_25896252|Causas que podem causar danos ou alterações.
common_voice_pt_25896253|Isso foi mostrado contra a Escócia e a França.
common_voice_pt_25896254|Eu estou atualmente desempregado.
common_voice_pt_25896255|Não me surpreende, é um santo do pau oco
common_voice_pt_25896257|Nem te conheço
common_voice_pt_25896262|Eugênia Cardoso Ariovaldo
common_voice_pt_25896265|Não será sempre o mesmo tempo.
common_voice_pt_25896266|Função: permite controlar o espectro de luz para melhorar a visão.
common_voice_pt_25896267|Nem eu
common_voice_pt_25896268|Os chuveiros estão corretos e não há ninguém.
common_voice_pt_25896274|A carne de carneiro é saborosa
common_voice_pt_25896275|Para todo santo, sua vela.
common_voice_pt_25896276|Se você não se apresentar, o acordo, até então, será definitivo.
common_voice_pt_25896277|Você pode trocar um copo de cerveja por suco de couve, por exemplo
common_voice_pt_25896278|As galinhas sempre voltam para casa à noite.
common_voice_pt_25896284|Isso gerou desmotivação para o trabalho agrícola.
common_voice_pt_25896285|Em outras palavras, as autoridades públicas devem adotar uma atitude proativa em transparência.
common_voice_pt_25896286|Porque fora um desabafo dela
common_voice_pt_25896287|Ela é uma boa menina que organiza as lições de repente.
common_voice_pt_25896288|Debates tentam descobrir como invocar os infortúnios que eles prevêem.
common_voice_pt_25896289|O contrato será renovável por mais dois anos.
common_voice_pt_25896290|Notifique esta resolução à Comissão de Negociação.
common_voice_pt_25896292|Zenilda Penha Arraes
common_voice_pt_25896293|Foi outra coisa.
common_voice_pt_25896299|Quando haverá novos concursos públicos?
common_voice_pt_25896300|A autonomia universitária e seus limites: jurisprudência constitucional.
common_voice_pt_25896301|Amarildo Arantes Mesquita
common_voice_pt_25896302|Um conluio entre governadores e prefeitos
common_voice_pt_25896303|A calvície é determinada por fatores genéticos
common_voice_pt_25960694|Eu trabalho para uma empresa de alimentos.
common_voice_pt_25960726|Eu gostaria de beber um copo de refrigerante.
common_voice_pt_25960727|Poderia ser corrigido
common_voice_pt_25960733|Se fosse no sábado ou feriado, o evento seria realizado no próximo dia útil.
common_voice_pt_25960734|Eu sei tudo.
common_voice_pt_25960736|Eu, tu, ele, nós, vós, eles
common_voice_pt_25960746|Como a seleção natural afeta a biodiversidade hoje?
common_voice_pt_25960747|Tentativa de zerar e neutralizar as emissões de carbono
common_voice_pt_25960753|O futebol é frequentemente confundido com o rugby.
common_voice_pt_25960764|repositórios, que contêm dados, objetivando o armazenamento, a disponibilização
common_voice_pt_25960770|Suspeita de infecção urinária
common_voice_pt_25960771|A doença incurável é a velhice.
common_voice_pt_25960772|Adicione açúcar, chá e torradas à minha lista de compras
common_voice_pt_25960779|Todos os lugares que não estão preenchidos são anunciados novamente.
common_voice_pt_25960780|Que tipo de coisas precisamos procurar antes de redigir?
common_voice_pt_25960786|O parlamento segue sempre o lado mais forte.
common_voice_pt_25960787|A filosofia clássica nos traz alicerces para perseguirmos o ideal de ser humano
common_voice_pt_25960788|Ela olhou para ele.
common_voice_pt_25960789|Dois ingressos, por favor.
common_voice_pt_25960790|Esta não é sua caixa de correio.
common_voice_pt_25960791|Isso faz você se sentir muito.
common_voice_pt_25960792|Onde posso pegar um taxi?
common_voice_pt_25960798|Você poderia escolher o lugar?
common_voice_pt_25960799|Mas que bodega
common_voice_pt_25960800|Então é isso que ela precisa fazer para continuar trabalhando.
common_voice_pt_25960801|O mensageiro traz boas novas
common_voice_pt_25960802|Eu sou vegetariana.
common_voice_pt_25960803|Estou aprendendo biologia.
common_voice_pt_25960804|Usou a palavra sacana porque estava chateado
common_voice_pt_25960810|Sanidade, lucidez, discernimento, inteligência e bom senso
common_voice_pt_25960811|Quanta bateria você ainda tem?
common_voice_pt_25960812|Podemos guardar os brinquedos até a noite de Natal?
common_voice_pt_25960813|Eu guardei um quarto.
common_voice_pt_25960814|Consequentemente, o que está faltando a nós?
common_voice_pt_25960815|O perigo é o contrário.
common_voice_pt_25960821|O boto-cor-de-rosa é representado por um homem belo e galanteador
common_voice_pt_25960822|Eu tenho bombas de caramelo.
common_voice_pt_25971797|Me deixe que hoje estou virado no Jiraiya
common_voice_pt_25971807|Eu não gostei da escola.
common_voice_pt_25971809|Também seu irmão desertou.
common_voice_pt_25971810|A expectativa foi grande devido ao atraso, especialmente porque foi a primeira vez.
common_voice_pt_25971811|Estava escuro
common_voice_pt_25971812|Trata-se de uma nova funcionalidade para a loja autônoma
common_voice_pt_25971813|Quem ouve os buracos ouve seus pecados.
common_voice_pt_25971819|Ele é membro do Comitê Conjunto sobre Políticas de Igualdade.
common_voice_pt_25985052|O arco-íris ao pôr do sol, para parar a cabeça.
common_voice_pt_25985063|Especificação das aplicações que o trabalho possui no sistema educacional.
common_voice_pt_25985065|E agora nós votamos pelo resto da moção.
common_voice_pt_25985083|Cada fabricante pode escolher quais banners representam e quais não.
common_voice_pt_25985086|Como as crianças e os professores aprenderão a usar esses computadores?
common_voice_pt_25985100|Material de merchandising no qual a campanha promocional valenciana aparece explicitamente.
common_voice_pt_25985107|As sardinhas são peixes pequenos, muitas vezes capturados em redes.
common_voice_pt_25985109|Coréia do Norte e do Sul são muito diferentes.
common_voice_pt_25985110|Morra, diabo!
common_voice_pt_25985112|Me dê oito cacetinhos, por favor
common_voice_pt_25985113|É um círculo vicioso que não pode surgir de forma alguma.
common_voice_pt_25985120|Ele permite que os usuários se comuniquem com os editores de maneira absolutamente confidencial.
common_voice_pt_25985121|Há um portal com uma barraca que faz um escritório.
common_voice_pt_26141653|O local oferece acesso Wi-Fi gratuito?
common_voice_pt_26141659|Anvisa rebate acusação dos desenvolvedores da vacina Sputinik
common_voice_pt_26141665|Desculpe, mas eu não lhe conheço
common_voice_pt_26141667|Súbito, deu um grande salto
common_voice_pt_26141669|Temos abundância de quase todos os produtos de defesa.
common_voice_pt_26141675|Ele tem agora dezoito anos de idade.
common_voice_pt_26141679|Qual é o sentimento?
common_voice_pt_26141682|Dito isto, expirei às duas horas da tarde de uma sexta-feira
common_voice_pt_26141683|Firminópolis
common_voice_pt_26141687|Nós não temos muito dinheiro, mas nos divertimos.
common_voice_pt_26141691|Agrolândia
common_voice_pt_26141693|aceitou casa e comida sem outro estipêndio, salvo o que quisessem dar por festas.
common_voice_pt_26141694|A maioria de nós deixará a cidade em maio.
common_voice_pt_26141700|Não há nada de errado com ele.
common_voice_pt_26141704|recolho as entoações milimétricas dos seus dizeres expressos
common_voice_pt_26141705|Irineu, você não sabe e nem eu
common_voice_pt_26141707|entrou a bracejar, a pernear
common_voice_pt_26141712|Palavras são fáceis, a amizade é difícil.
common_voice_pt_26141715|Que bem ele fará?
common_voice_pt_26141718|Maria Luísa é que possuía ambos os feitiços, pessoa e modos.
common_voice_pt_26141720|Eu fui para outra rodada.
common_voice_pt_26141726|O estudante ficou olhando e permaneceu em silêncio.
common_voice_pt_26141728|Águas de Santa Bárbara
common_voice_pt_26141731|Supere o medo de ser julgada e criticada
common_voice_pt_26141733|Desenhe uma imagem com linhas pretas.
common_voice_pt_26141745|Não houve tempo para se perder.
common_voice_pt_26141758|Acione o cadastro positivo no seu birô de crédito
common_voice_pt_26141760|Representantes da farmacêutica ameaçaram processar
common_voice_pt_26141761|A cidade foi tomada sem luta.
common_voice_pt_26141767|O que esperar da epidemia nos próximos meses
common_voice_pt_26141773|Todavia, não neguei aos amigos as vantagens pecuniárias
common_voice_pt_26141774|Mas a livraria está fora de estoque
common_voice_pt_26141780|Nem o meu óbito era coisa altamente dramática
common_voice_pt_26141831|De qualquer forma, minha neta nasceu também.
common_voice_pt_26174614|Dezenove anos e já fez tudo isso?
common_voice_pt_26174615|Então meu pai propôs-lhe ficar ali vivendo, com pequeno ordenado.
common_voice_pt_26174616|O herói sempre tem inimigos.
common_voice_pt_26174617|se poria em primeiro lugar o meu nascimento ou a minha morte
common_voice_pt_26174618|Desta vez, sabemos que está certo.
common_voice_pt_26174619|Focaliza esforços e maximiza a eficiência
common_voice_pt_26174620|Meu cortador está quebrado
common_voice_pt_26174621|Que delícia, cara!
common_voice_pt_26174622|É a sordidez monótona da sua vida, paralela à exterioridade da minha
common_voice_pt_26174623|Para contar sobre o requerimento feito
common_voice_pt_26174624|O pacote está marcado como desatualizado.
common_voice_pt_26174625|Olhe para a estrada adiante
common_voice_pt_26174626|Cada paraíso tem sua própria cobra.
common_voice_pt_26174627|Estabelecimento da pressão exercida pelas atividades humanas nesses sistemas.
common_voice_pt_26174628|Homem, trate de suas hemorróidas que é melhor.
common_voice_pt_26174629|Não é todo o ouro que brilha.
common_voice_pt_26174630|a causa da minha morte
common_voice_pt_26174631|Organizando muitos caracteres em uma imagem limitada
common_voice_pt_26174632|Não é grande coisa
common_voice_pt_26174633|Mairi
common_voice_pt_26174634|Baixo
common_voice_pt_26174635|Eu deixei-me estar a contemplá-la
common_voice_pt_26174636|Chama-se Gouvêa.
common_voice_pt_26174637|Garcia ficou apreensivo.
common_voice_pt_26174638|A inovação é a oportunidade para Taiwan sobreviver no futuro.
common_voice_pt_26174639|Poderíamos lucrar se tivéssemos políticas como a venda de créditos de carbono
common_voice_pt_26174640|Meu cortador está quebrado.
common_voice_pt_26174641|Decorreram algumas semanas.
common_voice_pt_26174642|Saudações aos orixás e entidades
common_voice_pt_26174643|Ruim como repolho estragado.
common_voice_pt_26174644|Errou! interrompeu Camilo, rindo.
common_voice_pt_26174645|Cantiga de ninar
common_voice_pt_26174646|E assim foi.
common_voice_pt_26174647|A oposição consistirá em dois exercícios obrigatórios e eliminatórios.
common_voice_pt_26174648|Cafarnaum
common_voice_pt_26174649|Os diamantes são para sempre.
common_voice_pt_26174650|Não diga isso, Camilo.
common_voice_pt_26174651|Você tem que sentar do lado direito para ver o mar.
common_voice_pt_26174652|Eu toco piano.
common_voice_pt_26174653|Por favor entre em contato comigo
common_voice_pt_26174654|O hall de tráfego tem uma área especial para o design de Londres.
common_voice_pt_26174655|O que acontece com o batimento cardíaco enquanto nos aquecemos?
common_voice_pt_26174656|Especialmente gosto de água espumosa.
common_voice_pt_26174657|tal frequência é cansativa.
common_voice_pt_26174658|Pão de queijo é um símbolo do Brasil.
common_voice_pt_26174659|Funcionário salta nos trilhos e salva criança de trem
common_voice_pt_26174660|Vem já, já, à nossa casa; preciso falar-te sem demora.
common_voice_pt_26174661|Abreulândia
common_voice_pt_26174662|Decidimos seguir uma nova política.
common_voice_pt_26174663|Chapada da Natividade
common_voice_pt_26174664|Define parâmetros de controladoria
common_voice_pt_26174665|a triste senhora mal podia crer na minha extinção
common_voice_pt_26174666|A noite traz lembranças nem sempre bem-vindas.
common_voice_pt_26201333|Quando perco o telhado não me desespero. Ganho as estrelas.
common_voice_pt_26201339|O natal é a festa mais esperada pelos comerciantes
common_voice_pt_26225072|Foi dos últimos que usaram presilhas no Rio de Janeiro, e talvez neste mundo.
common_voice_pt_26225073|Use o lápis para escrever o primeiro rascunho.
common_voice_pt_26225074|Liberato Salzano
common_voice_pt_26225075|Ninguém se atreve a mencionar a resistência
common_voice_pt_26225076|Levante-se às seis da manhã
common_voice_pt_26225077|Onde você está morando?
common_voice_pt_26225080|e o som estrídulo de uma navalha
common_voice_pt_26225083|Assim, é impensável que possamos ter, como os franceses, estima pela durabilidade.
common_voice_pt_26225085|Venha, eu posso fazer isso.
common_voice_pt_26225086|O rato! O rato! exclamou a moça sufocada e afastando-se.
common_voice_pt_26225087|Pacajá
common_voice_pt_26225088|chamei a atenção do governo para esse resultado
common_voice_pt_26225089|Blockchain é a tendência de tecnologia mais quente do ano.
common_voice_pt_26225090|Corte a alça para apertar a caixa.
common_voice_pt_26225091|Eu vou levar isso comigo até eu morrer.
common_voice_pt_26225092|É um bom homem, empregado no arsenal de guerra.
common_voice_pt_26225093|Eu tinha certeza dela.
common_voice_pt_26225094|decifra-me ou devoro-te
common_voice_pt_26225095|Se você a tivesse visto três dias antes, teria sido infectada também.
common_voice_pt_26225096|Ela quebrou o braço em vários lugares.
common_voice_pt_26225097|Entre em contato com as empresas encarregadas de fazer os trabalhos para coordenar administrativamente.
common_voice_pt_26225099|Emoção traz fé.
common_voice_pt_26225101|Embora fosse um prato econômico e bem encontrado, eu não estava particularmente feliz.
common_voice_pt_26225102|O censo equivale à bússola
common_voice_pt_26225103|Venha, deixe-me abraçar você!
common_voice_pt_26225104|Você senta no meu lugar.
common_voice_pt_26225105|Desamparado
common_voice_pt_26225106|O hambúrguer é de carne de porco.
common_voice_pt_26225107|Faça bem, não machuque e outros conselhos não são necessários.
common_voice_pt_26225108|Vicência
common_voice_pt_26225109|Eu estive esperando por você por muito tempo!
common_voice_pt_26225110|Em tudo, se o rosto é igual, a fisionomia é diferente.
common_voice_pt_26225111|Também supervisione que as máquinas e utensílios que existem na cozinha estão limpos.
common_voice_pt_26225114|Artigos de sacrifício são ainda mais numerosos
common_voice_pt_26225117|Apague as luzes que nos dão luz.
common_voice_pt_26225119|Chegando à porta, estacou assombrado.
common_voice_pt_26225120|Ao verme que primeiro roeu as frias carnes do meu cadáver dedico estas Memórias
common_voice_pt_26225121|Tufão
common_voice_pt_26225122|Ele ficou atordoado e subjugado.
common_voice_pt_26225123|Nós temos que sair agora!
common_voice_pt_26225124|Era um modo de dar feição monumental às idéias.
common_voice_pt_26225125|Garcia, defronte, conseguia dominar a repugnância do espetáculo para fixar a cara do homem.
common_voice_pt_26225126|Nada impede um bom passeio no final de semana.
common_voice_pt_26225127|Formoso
common_voice_pt_26225128|Tenho certeza que foi sexta-feira.
common_voice_pt_26225129|Depois fez um gesto incrédulo:
common_voice_pt_26225130|Já te disse que não quero que vás.
common_voice_pt_26225131|Descansa; eu não sou maluca.
common_voice_pt_26225132|Congonhal
common_voice_pt_26225133|Dezoito anos é a divisa da maioridade
common_voice_pt_26225134|Meu amigo Marko está chegando neste final de semana.
common_voice_pt_26225135|Esconder a verdade é esconder ouro.
common_voice_pt_26225136|Camilo arranjou-lhe casa para os lados de Botafogo
common_voice_pt_26225137|O vilão celebra seu triunfo.
common_voice_pt_26449024|Quebra-pau no Palácio do Planalto
common_voice_pt_26449025|Toda a inovação atual de software é feita com base em software livre.
common_voice_pt_26449026|Construindo a cidade de Taipei como a capital da inovação do mundo chinês
common_voice_pt_26449032|Como bloquear ligações de telemarketing
common_voice_pt_26449033|Dona Glória, a senhora persiste na idéia de meter o nosso Bentinho no seminário?
common_voice_pt_26449034|Fumar é proibido.
common_voice_pt_26449035|Como fica claro a partir das bases, que podem ser consultadas via web.
common_voice_pt_26449036|o livro tem quinhentas páginas.
common_voice_pt_26449037|Essa quase completa libertação da matéria que permite a digitalização
common_voice_pt_26449038|Foi sincero.
common_voice_pt_26499526|As entrevistas dos amantes durante a noite foram tempestuosas.
common_voice_pt_26499532|A beleza não é apenas um rostinho bonito.
common_voice_pt_26499533|A experiência é um longo caminho.
common_voice_pt_26499534|A imposição de sanções aos contratantes que não impliquem a resolução do contrato.
common_voice_pt_26499535|O Partido Comunista Chinês deliberou sobre os planos da política espacial
common_voice_pt_26499536|um sorriso fraco
common_voice_pt_26499537|um método que não prejudique o corpo
common_voice_pt_26499538|O gancho estava no fundo da rua.
common_voice_pt_26499539|Seis anos de mandato
common_voice_pt_26599275|Cada um receberá o prêmio de um laptop.
common_voice_pt_26599276|Há quanto tempo você tem esse terno azul?
common_voice_pt_26599277|Como eles conseguiram isso?
common_voice_pt_26599278|O acidente poderia ter sido evitado se os carros fossem autônomos
common_voice_pt_26599279|O que as multinacionais nos custaram.
common_voice_pt_26599280|Agora ele diz que quer mudar o carro.
common_voice_pt_26599281|Aprendemos a apreciar a água apenas quando a fonte seca.
common_voice_pt_26599282|Fornece consistência à ação gerencial
common_voice_pt_26599283|A derrota de sete a um foi gravada na mente coletiva nacional.
common_voice_pt_26599284|A primeira pessoa que está presente na mesa para votar e aceitar fazer parte.
common_voice_pt_26599285|O barqueiro aprovou suas palavras.
common_voice_pt_26599286|Você fala galês?
common_voice_pt_26599287|Os representantes denunciam o culpado, o Senado o pune.
common_voice_pt_26599288|Gatos com gatos nunca desmoronam.
common_voice_pt_26599289|Os membros do Banco Nacional de Valência da Capital Natural serão técnicos de prestígio.
common_voice_pt_26599290|Vi hienas, morcegos e flamingos
common_voice_pt_26599291|Meu filho tem seu guarda-sol.
common_voice_pt_26599292|Boa ou boa sondagem.
common_voice_pt_26599293|Sim, muito bem.
common_voice_pt_26599294|Só a leitura transformará as futuras gerações
common_voice_pt_26599295|Mas o tempo está se esgotando
common_voice_pt_26599296|Mantenha a madeira no lenhador na época de fevereiro.
common_voice_pt_26599297|Para aquele que ridiculariza, o demônio expurga.
common_voice_pt_26599298|Quarenta repetições no supino inclinado
common_voice_pt_26599300|quase todas crêem na mocidade.
common_voice_pt_26599301|Veja que propaganda enganosa
common_voice_pt_26599302|Kristina tem uma personalidade atraente.
common_voice_pt_26599303|Não me sinto cidadã de lugar algum.
common_voice_pt_26599304|Anis-estrelado, baunilha, canela e cardamomo são muito usados em doces
common_voice_pt_26830570|Garcia alcançou prontamente que o outro acabasse com tais estudos.
common_voice_pt_26830571|Eu comprei um scanner de caneta.
common_voice_pt_26830572|Ele não respondeu e foi mais longe.
common_voice_pt_26830574|Melhoria no equipamento móvel para veículos de patrulha: dez pontos.
common_voice_pt_26830575|Ninguém falou ainda.
common_voice_pt_26830576|E acreditamos que vamos fazer isso, é por isso que estamos otimistas.
common_voice_pt_26830577|O procedimento telemático apresenta duas entradas diferenciadas, uma para cada ação.
common_voice_pt_26830578|Atrás do cabeçalho, é adicionado um novo volume que abriga a sacristia.
common_voice_pt_26830579|Licitantes estrangeiros apresentarão sua documentação oficialmente traduzida para o catalão ou espanhol.
common_voice_pt_26830580|Pode funcionar, minha casa eu faço.
common_voice_pt_26830581|Se as famílias conseguissem fazer poupanças e investir, resolveríamos o problema econômico
common_voice_pt_26830582|Você pode me lembrar que informação é necessária?
common_voice_pt_26830585|Nós não vivemos para cálculos míopes e de curto prazo.
common_voice_pt_26830589|Allan Kardec foi quem deu origem à codificação espírita
common_voice_pt_26830590|Agora eu não sei se estou com fome ou não.
common_voice_pt_26830591|Todas as classes são vistas constantemente, porque são muito próximas.
common_voice_pt_26890936|O garoto gritou mesmo.
common_voice_pt_26890937|Dar a César o que é de César
common_voice_pt_26890938|Barca parar não ganha rodovias.
common_voice_pt_26890943|A parte branca do bacon é a gordura, e é a que dá sabor.
common_voice_pt_26890946|Eles jogaram bem.
common_voice_pt_26890951|Levante a pedra por cima da cerca.
common_voice_pt_26890957|Entenda os detalhes da troca de comando
common_voice_pt_26890958|Onde estão os outros?
common_voice_pt_26890959|É mais fácil vir às quatro horas.
common_voice_pt_26890960|Quais são as novidades?
common_voice_pt_26890961|Mas esse foi o caso.
common_voice_pt_26890969|Sinto muito, mas não há espaço aqui esta noite.
common_voice_pt_26890973|Deus te pague e dê em dobro
common_voice_pt_26890974|Se o prazo expirar sem usá-lo, a resolução correspondente será emitida.
common_voice_pt_26890975|Faça a oferta de forma clara e em diferentes formatos.
common_voice_pt_26890976|Eu tenho algo para lhe dar no seu aniversário.
common_voice_pt_26890977|Água para San Juan, adega vazia e muita fome.
common_voice_pt_26890983|Eu não digo nada.
common_voice_pt_26890989|A energia solar é uma excelente alternativa à queima de carvão e ao petróleo
common_voice_pt_26890990|Se você não gosta, não coma.
common_voice_pt_27032773|Os bravos também caem.
common_voice_pt_27032782|Oxalá tenham razão; mas creia que não falei senão depois de muito examinar...
common_voice_pt_27032786|A qualificação para o primeiro ano será "apto" ou "inadequado".
common_voice_pt_27032816|A Internet na Alemanha é de má qualidade.
common_voice_pt_27034968|Me lembre de comprar abóboras, batatas e beringelas
common_voice_pt_27034976|O que deve ser feito agora?
common_voice_pt_27034982|Que coincidência!
common_voice_pt_27034984|Apenas acusações não servem de nada se não há provas
common_voice_pt_27034989|Vamos olhar a foto agora e considerar o contrário.
common_voice_pt_27034991|O Império Romano foi um dos maiores em termos de extensão territorial
common_voice_pt_27034996|Uma avaliação negativa pode envolver a não extensão desta atribuição.
common_voice_pt_27034998|Muito bom dia a todos.
common_voice_pt_27035004|O que foi feito
common_voice_pt_27035005|Caçadores e pescadores nunca enriqueceram em casa.
common_voice_pt_27072193|O corpo docente está superqualificado.
common_voice_pt_27072195|Os clientes esperaram com resignação a vez.
common_voice_pt_27072200|Um gato velho não precisa mostrar o rato.
common_voice_pt_27072201|Em nenhum caso a exploração terá impacto na qualificação dos testes de acesso.
common_voice_pt_27072202|Os homens se amontoam por necessidade e mulheres, para serem amadas.
common_voice_pt_27179386|É um quarto depois de um.
common_voice_pt_27179387|Portanto, nada mais.
common_voice_pt_27179388|Projetos estratégicos das Forças Armadas
common_voice_pt_27179396|Prepare tratamentos cosméticos personalizados, estabelecendo diretrizes de treinamento para novos hábitos.
common_voice_pt_27179400|Ela se sente fraca
common_voice_pt_27179402|Eu fui para a lagoa.
common_voice_pt_27202299|O autor e o público estão, ao mesmo tempo, se corrompendo mutuamente.
common_voice_pt_27202300|O pensamento harmônico é baseado no sexto acordo adicionado como um acordo perfeito.
common_voice_pt_27202301|Original de todos os documentos que foram fotocopiados.
common_voice_pt_27202303|Esta é, na minha opinião, sua maior vantagem.
common_voice_pt_27202309|Contribuir com o projeto do Common Voice me dá prazer
common_voice_pt_27202316|Aceite e saia.
common_voice_pt_27202318|Ele contou sua história.
common_voice_pt_27202324|A cessão inclui, além do enredo, os diversos corpos construídos sobre o mesmo.
common_voice_pt_27202326|Coe firmemente por vinte minutos.
common_voice_pt_27202332|Dessa forma, você pode enviar e receber mensagens de convite para compromissos.
common_voice_pt_27202334|Arcabouços literários perpetuam as contradições do preconceito linguístico
common_voice_pt_27202337|Meter o bedelho onde não é convidado
common_voice_pt_27202339|O serviço médico será composto de acordo com a legislação vigente.
common_voice_pt_27202346|Aprenda com um professor e torne-se um mestre.
common_voice_pt_27202352|Aqui está uma carta.
common_voice_pt_27202356|Usuários relatam lentidão e bugs
common_voice_pt_27202362|Uma empolgação pareceu atravessar a multidão, que então passou de sacada para sacada.
common_voice_pt_27202364|A soberania da União é um trabalho artificial.
common_voice_pt_27202365|Excepcionalmente, e dependendo das circunstâncias pessoais do devedor, pode durar cinco anos.
common_voice_pt_27202366|Posso aprender catalão online?
common_voice_pt_27202367|Eu liguei para ele.
common_voice_pt_27202368|Primeiro, segundo, terceiro, quarto, quinto e sexto
common_voice_pt_27202369|Empurre a porta
common_voice_pt_27202375|Na realidade, qual é o eixo do Mediterrâneo?
common_voice_pt_27202376|Que mudança rápida foi essa, da adoração idólatra a uma repulsa instintiva?
common_voice_pt_27202382|Eu os vi há duas horas.
common_voice_pt_27202385|A ambição não pode ser o objetivo permanente de seus esforços.
common_voice_pt_27202387|Os serviços de emergência foram chamados há cerca de uma hora.
common_voice_pt_27202388|A Direcção-Geral da Justiça facilita a abordagem do cidadão à justiça.
common_voice_pt_27202390|Dia muito bom
common_voice_pt_27202397|O plasma contido no sangue dos cavalos é usado para produção de soro
common_voice_pt_27202398|O incidente não é tratado como suspeito.
common_voice_pt_27202399|A cerca quebrou.
common_voice_pt_27239254|Malacacheta
common_voice_pt_27239255|Inclua o original no livro de frases e testemunhe esta resolução no processo.
common_voice_pt_27239261|Incluirá medições diferenciadas no local dos principais equipamentos e consumo de energia do edifício.
common_voice_pt_27239268|O templo fica no alto da colina, de onde é possível observar o horizonte
common_voice_pt_27239272|Eu trabalhei ontem mas hoje tenho um dia livre.
common_voice_pt_27239273|Devagar se vai ao longe
common_voice_pt_27239274|Vamos cercar o local e colocar barreiras de segurança
common_voice_pt_27239275|me dá a cela de penitenciário
common_voice_pt_27239279|Essa é a ideia.
common_voice_pt_27239287|Eles estão chegando!
common_voice_pt_27239288|As meninas lembraram como um sonho o rosto irônico e glacial de outras ocasiões.
common_voice_pt_27239290|Um exército, uma vez terminado, tem mais valor do que custa.
common_voice_pt_27239296|Fadas, gnomos, duendes e anões são criaturas mágicas
common_voice_pt_27239301|O peixe que sai do mar não volta mais.
common_voice_pt_27239302|A resposta é fácil, sua qualidade de vida ainda é imbatível.
common_voice_pt_27239303|Use as vigas e o corrimão
common_voice_pt_27239309|Ore agora e responda o que eu vou te perguntar!
common_voice_pt_27239310|Abra a janela ou aba anônima
common_voice_pt_27250278|Vimos tudo o que era óbvio em todo o campo.
common_voice_pt_27250284|Este livreto contém boas orientações para quem está buscando iluminar-se
common_voice_pt_27250285|Causas que levam ao consumo e bases para a prevenção social e policial.
common_voice_pt_27250291|Simulador de ciberataques
common_voice_pt_27250296|Evite a ocasião e evite o perigo.
common_voice_pt_27250298|Quanto tempo você quer ficar?
common_voice_pt_27250303|Trajes de banho para frequentar a piscina
common_voice_pt_27250682|Desses, dois corresponderão às universidades públicas e um ou outro aos privados.
common_voice_pt_27250683|Marinada forte, chuva na porta.
common_voice_pt_27250684|O vinho passa pelas tábuas.
common_voice_pt_27486997|O experimento se tornou um acidente.
common_voice_pt_27486999|Você não vai se sentar?
common_voice_pt_27487006|Esta é uma das principais conquistas do nacionalismo espanhol, sem mencionar seu maior sucesso.
common_voice_pt_27487008|Em vez das férias?
common_voice_pt_27487011|Por que eu detesto picolés?
common_voice_pt_27487018|Isso lhes dá alguma respiração.
common_voice_pt_27487020|Um processo dinâmico que é necessário atualizar periodicamente.
common_voice_pt_27487024|Pode também incluir perícia e liderança em processos de mudança organizacional e sucessão familiar.
common_voice_pt_27487027|A rede deve atuar como um fator de equilíbrio territorial.
common_voice_pt_27487028|Bem, isso não me machuca tanto!
common_voice_pt_27487030|A luz foi emitida por um gato preto.
common_voice_pt_27487031|Integra mais de um serviço de área funcional da natureza e objetivos homogêneos.
common_voice_pt_27487033|Fique de costas para ficar na frente da parede.
common_voice_pt_27487050|Mas afinal, o que foi isso?
common_voice_pt_27487051|Se você não pode ajudar, não obstrua.
common_voice_pt_27487052|Quantos biscoitos cada amigo receberá?
common_voice_pt_27487054|O mais bem preservado é aquele localizado à esquerda da cena.
common_voice_pt_27487055|Lady Gaga está mesmo belíssima e aclamada
common_voice_pt_27487060|Seriam pouco mais ou menos onze horas da manhã
common_voice_pt_27487069|O amor tem um grande poder, mas o dinheiro faz tudo.
common_voice_pt_27487070|O que nós sabíamos de um passado tão humilhante para o fruto mais pobre?
common_voice_pt_27487071|O projeto de urbanização inclui memória, especificações, estimativas, orçamento e planos de execução.
common_voice_pt_27487073|Os homens pensam, planejam e às vezes trabalham.
common_voice_pt_27487074|Tocar música rock
common_voice_pt_27487075|Certamente o processo de adestramento vem de muitos anos atrás.
common_voice_pt_27487077|As funções de conselho, supervisão e correção que os Estatutos reservam à sua autoridade.
common_voice_pt_27599498|Não cumprimento da obrigação de seguro, que é obrigatória.
common_voice_pt_27599504|Em Sant Mateu, vintage e baleia em todos os lugares.
common_voice_pt_27599510|O Brasil tem uma base suficiente para ser um país rico.
common_voice_pt_27599511|Há males que vêm para bem
common_voice_pt_27695285|Eles só lhes dão ordens em coisas relacionadas ao condado.
common_voice_pt_27695286|De tudo isso, informará o Secretário de Estado do Turismo e Comércio Interno.
common_voice_pt_27695287|Assume o controle das medidas preventivas e acessórias dos procedimentos sancionatórios.
common_voice_pt_27695289|Mas foi cortado em três pedaços nas rochas.
common_voice_pt_27695294|Isso é ainda pior nos estados em que o chefe de governo é eleito.
common_voice_pt_27695295|Quando um burro fala, o outro abaixa a orelha
common_voice_pt_27695296|A má intenção de um mostra a necessidade de buscar a doutrina do outro.
common_voice_pt_27695307|Júpiter e Plutão são os correlatos romanos de quais deuses gregos?
common_voice_pt_27695308|Como resultado, será totalmente personalizável para suas necessidades e expectativas.
common_voice_pt_27695312|A equipe com o melhor tempo parece estar intocada.
common_voice_pt_27695315|Arquivo descritivo, de acordo com o modelo padrão que aparece como anexo quatro.
common_voice_pt_27695316|Esta é minha namorada.
common_voice_pt_27695322|O miserável estorcia-se, guinchando, ensangüentado, chamuscado, e não acabava de morrer.
common_voice_pt_27695323|Ignoramos a riqueza comparativa da França e da União.
common_voice_pt_27695324|O Google está vivendo um momento muito bom.
common_voice_pt_27695325|Este exame médico é obrigatório e eliminatório.
common_voice_pt_27695326|Desta forma, podemos avaliar com maior precisão as características e a função.
common_voice_pt_27695327|Havia também pessoas ligando para nossa casa na loja da aldeia.
common_voice_pt_27695328|Aqui é necessário que o leitor acredite na minha palavra.
common_voice_pt_27695329|Ela é uma estudante.
common_voice_pt_27695335|Sem reação
common_voice_pt_27695336|Mas eu poderia cair na minha armadilha.
common_voice_pt_27695337|Nunca gaste seu dinheiro antes de obtê-lo.
common_voice_pt_27715830|Resolução judicial que implica a desqualificação acessória para o exercício da profissão.
common_voice_pt_27715831|Palácio do Buriti
common_voice_pt_27715832|Onde fica a competição?
common_voice_pt_27715833|Um homem rico não lhe diz.
common_voice_pt_27715834|Com relação a esta área, a legalização das fazendas existentes será possível.
common_voice_pt_27715835|Faremos a autobiografia tão logo seja possível
common_voice_pt_27715836|Oceanos Pacífico, Atlântico, Índico, Antártico e Glacial Ártico
common_voice_pt_27715837|Vale pouco mais que nada.
common_voice_pt_27715838|Já é uma sorte que você é poupado de um acidente.
common_voice_pt_27715839|Pescador de cana, ladrão de uvas.
common_voice_pt_27715840|O que eu faço agora para me classificar?
common_voice_pt_27715841|Dessa forma, o documento cataloga um total de sessenta e quatro elementos.
common_voice_pt_27715842|Ou em um diretório, se já usamos outro Linux.
common_voice_pt_27715843|Tudo o que acabo de dizer não pode ser aplicado.
common_voice_pt_27715844|Nazarezinho
common_voice_pt_27715845|Copo de vinho branco.
common_voice_pt_27715846|Mudança de humor
common_voice_pt_27715847|Pouco tempo depois
common_voice_pt_27715848|Orientação e treinamento são os instrumentos básicos desse nível de intervenção.
common_voice_pt_27715849|Cronometrar quarenta segundos
common_voice_pt_27715850|Vegetais, peixes, grãos e azeite de oliva são muito saudáveis
common_voice_pt_27729954|Um homem mau não pode ser um bom homem.
common_voice_pt_27729960|Eles são um disparate, coisas de pessoas mais velhas.
common_voice_pt_27729961|A que horas é a reunião?
common_voice_pt_27729967|E a solidão como que lhe duplicava o encanto.
common_voice_pt_27729968|Quais são as suas alergias?
common_voice_pt_27729973|O ouriço estava coletando folhas marrons.
common_voice_pt_27730009|Você deve fazer um relatório de cada surto, o mais detalhado possível.
common_voice_pt_27730230|Quantas moléculas de hidrogênio?
common_voice_pt_27730231|Para você, isso não é novidade.
common_voice_pt_27752248|Sob nenhuma circunstância a irrigação de áreas verdes será aceitável com água potável.
common_voice_pt_27752254|Eu tenho o software galês no meu computador.
common_voice_pt_27752255|Ele está em uma escalada golpista
common_voice_pt_27752259|Tem forte concorrência no espaço político da regeneração democrática.
common_voice_pt_27752261|Os velhos conhecem uma música muito legal.
common_voice_pt_27752263|Era domingo.
common_voice_pt_27752265|Informou que divulgaria o áudio da conversa
common_voice_pt_27752271|Estou estudando italiano.
common_voice_pt_27752274|Se você for ao mercado, compre frutas.
common_voice_pt_27752281|Sopa, fique na minha boca.
common_voice_pt_27752289|A Valencian Language Academy poderá verificar a qualquer momento os dados declarados pelos candidatos.
common_voice_pt_27752290|Antes de descer, a hiena pára, sai da geladeira e sai.
common_voice_pt_27752296|Qual seu filme favorito?
common_voice_pt_27752297|Claro.
common_voice_pt_27752301|Documentação provando a representação com a qual o signatário atua.
common_voice_pt_27752310|À rádio, disse ter avisado aos apoiadores
common_voice_pt_27752313|Não só a corrupção, mas também a falta de projeto são marcas desse governo
common_voice_pt_27752316|Ele precisa armazenar dados de seus clientes, por exemplo, que o sistema não prevê.
common_voice_pt_27752317|Houve um silêncio.
common_voice_pt_27760462|Arco-íris de manhã, a água da tarde.
common_voice_pt_27760463|Sua criação e atividade respondem a um duplo objetivo pedagógico e artístico.
common_voice_pt_27760464|Ela vai começar às duas horas.
common_voice_pt_27760465|Sua ênfase estava na necessidade de ter mais ambição.
common_voice_pt_27760466|Eu não vou dizer mentiras.
common_voice_pt_27760467|Preciso comprar cama, geladeira, armários e fogão
common_voice_pt_27760468|Eu falo um pouco de irlandês.
common_voice_pt_27760469|Data de revisão da instalação.
common_voice_pt_27760470|Eu já vou me limpar
common_voice_pt_27771762|O café também foi incluído na refeição; Por que eles deveriam se mudar?
common_voice_pt_27771763|Por meio disso, todos os outros foram submetidos sem o saberem.
common_voice_pt_27771764|Joaquim e Lorenzo anunciaram que vão se casar em breve
common_voice_pt_27771765|Mas a Terra plana não gira, capota
common_voice_pt_27771766|Você ouviu a previsão do tempo?
common_voice_pt_27771767|Portanto, nossa versão é diferente da outra, embora perfeitamente compatível.
common_voice_pt_27771768|Mas esta é uma visão errônea que a experiência corrige todos os dias.
common_voice_pt_27771769|Regularmente manter reuniões com provedores para transferir necessidades.
common_voice_pt_27771770|Eles aparecerão em todos os momentos e em todas as nações democráticas.
common_voice_pt_27771771|A bíblia deve ser interpretada de acordo com o contexto em que foi escrita
common_voice_pt_27771772|Mas fica onde Judas perdeu as botas!
common_voice_pt_27771773|Os anos passam para todos.
common_voice_pt_27771774|Bons exemplos estavam à vista para convencê-los de seu erro.
common_voice_pt_27771775|Faça o porco bem, o que você vai comer?
common_voice_pt_27794348|Consegui o emprego após aquela entrevista tumultuada
common_voice_pt_27794349|Eu sempre tenho regras.
common_voice_pt_27794350|A resolução adotada pode ser seguida de acordo com as disposições destes Estatutos.
common_voice_pt_27808964|Uma cópia "pirateada" igual a uma cópia vendida.
common_voice_pt_27808965|Colocar gema de ovo é opcional.
common_voice_pt_27808966|Você pode obter mais informações consultando a lista detalhada dos recursos desta versão.
common_voice_pt_27808967|O bloco de cimento já estava seco quando ele queria movê-lo.
common_voice_pt_27808968|Relata que todo mundo está seguro agora.
common_voice_pt_27808969|Senhoras e Senhores Deputados.
common_voice_pt_27808970|Olá, meu nome é Brenda.
common_voice_pt_27808971|Mas se você fugir, faremos o mesmo.
common_voice_pt_27808973|Esta é provavelmente uma das versões mais recentes do teste antes de seu lançamento.
common_voice_pt_27808974|Torcemos para que a guerra e os conflitos políticos cessem
common_voice_pt_27808975|De fato, dá nome à ciência da biologia.
common_voice_pt_27808976|Não sopre na minha trombeta.
common_voice_pt_27808977|Tarô de Marselha
common_voice_pt_27808978|O homem é senhor do que pensa e escravo do que diz
common_voice_pt_27808979|As estações do ano são como os ciclos da vida
common_voice_pt_27808980|Pernilongos malditos
common_voice_pt_27808981|O café da manhã está incluso?
common_voice_pt_27808987|O tempo hoje está trinta e dois graus, bom para ir à praia
common_voice_pt_27808988|Isso mesmo!
common_voice_pt_27808989|Cecília Lincoln Sodré
common_voice_pt_27808990|O vaso de ouro é raro e caro.
common_voice_pt_27808991|A maior arte de referência na Internet celebra seu décimo aniversário este ano.
common_voice_pt_27808992|Nova tela inicial.
common_voice_pt_27808993|Seu trabalho pode ser realizado tanto no escritório quanto na rua.
common_voice_pt_27808994|Mova a chama com cuidado para que o caramelo se espalhe.
common_voice_pt_27808995|Pague, o empréstimo é devido.
common_voice_pt_27808996|Com esta situação, a falência era uma questão de tempo.
common_voice_pt_27808997|Não há software comercial gratuito.
common_voice_pt_27808998|Antes de removê-lo do calor, retifique o sal.
common_voice_pt_27808999|Traduzir do mandarim para o espanhol
common_voice_pt_27809000|Esta questão é irrelevante neste caso.
common_voice_pt_27809001|É olhar.
common_voice_pt_27809002|Absolutamente nada
common_voice_pt_27809003|Grupos de trabalho podem convidar pessoas especializadas ligadas ao objeto da análise.
common_voice_pt_27886433|O código-fonte aberto: a sabedoria abre o caminho para a ciência da computação.
common_voice_pt_27886434|O prazo para colocá-lo também será de quatro meses.
common_voice_pt_27886435|Ser especialista em uma área e ser reconhecido como especialista é uma boa estratégia.
common_voice_pt_27886436|Entrando, Camilo não pôde sufocar um grito de terror:
common_voice_pt_27886437|Projetos que criam ou mantêm mais trabalhos.
common_voice_pt_27886443|A força é trabalhar com os silos.
common_voice_pt_27886444|O que o olho não vê não o faz sofrer.
common_voice_pt_27886445|A Vanessa convidou o Fernando pro seu aniversário.
common_voice_pt_27886446|Uma desculpa ruim é melhor que nada.
common_voice_pt_27886447|Um homem sem pátria é como um solo sem sementes.
common_voice_pt_27886448|Repara bem no que não digo.
common_voice_pt_27886454|Os certificados administrativos eletrônicos produzem efeitos idênticos aos emitidos em suporte de papel.
common_voice_pt_27886455|Faz sentido
common_voice_pt_27886456|Mais silencioso
common_voice_pt_27886457|Ela é viúva.
common_voice_pt_27886458|Toda a gente pasmava e aplaudia.
common_voice_pt_27886459|Mosquitos sobrevoam a lagoa
common_voice_pt_27886460|Anúncios de variação de dados no Seguro Social, se aplicável.
common_voice_pt_27886461|verdadeiramente cristão
common_voice_pt_27886462|Seu perfil tem quantos inscritos e seguidores?
common_voice_pt_27886463|São dez horas da noite.
common_voice_pt_27886464|Meus pais estão em casa para trabalhar.
common_voice_pt_27886470|Logo à tarde vou ao supermercado.
common_voice_pt_27886471|A sorte é de quem a encontra.
common_voice_pt_27886472|Ele conterá a documentação detalhada no dia especial depois de amanhã.
common_voice_pt_27886473|Nós viemos de Caudiel.
common_voice_pt_27886474|Tribunal Penal Internacional
common_voice_pt_27886480|Seguiu um prato após o outro.
common_voice_pt_27886481|Você terá um dia lucrativo se não tomar sol na cama.
common_voice_pt_27886482|As músicas que eu tenho.
common_voice_pt_27886483|Eu costumava tomar uma farpa, caranguejos e, em algumas ocasiões, uma enguia.
common_voice_pt_27886484|Quando a vida humana tem início?
common_voice_pt_27886485|É necessário elaborar e projetar apoio para a institucionalização do cluster criando instituições.
common_voice_pt_27886486|Depois de passar em alguns testes de qualidade, a nova versão foi publicada.
common_voice_pt_27886487|Será considerado um trabalhador agrícola desocupado que comprove sua condição agrária.
common_voice_pt_27886488|O músico que se levantou, nunca começa e nunca termina.
common_voice_pt_27886489|Fatores que aumentam a validade e confiabilidade da entrevista.
common_voice_pt_27886490|Na cova você vestirá um terno sem bolsos.
common_voice_pt_27886491|eu descia à imobilidade física e moral
common_voice_pt_27886492|Salve-se quem puder
common_voice_pt_27886493|Ganhe fama e deite-se.
common_voice_pt_27886494|Nos é oferecido um mundo cheio de possibilidades; Aproveitar isso depende de nós.
common_voice_pt_27886495|Você se lembra
common_voice_pt_27886496|O destino desta bolsa será o Centro de Promoção Turística da Catalunha, em Bruxelas.
common_voice_pt_27930070|Vai embora
common_voice_pt_27930071|Seu avô sempre disse que ele era pobre demais para comprar barato.
common_voice_pt_27930072|Setenta e oito por cento das ovelhas já foram removidas
common_voice_pt_27930073|Para alunos com disciplinas não aprovadas na avaliação final, haverá um teste extraordinário.
common_voice_pt_27930074|E é isso que fazemos.
common_voice_pt_27930075|Repetia ele com os olhos no papel.
common_voice_pt_27930076|Domingo não combina comigo.
common_voice_pt_27930077|Mas você não disse qual era a sua idade.
common_voice_pt_27930078|Nas duas primeiras tentativas, ouvimos apenas seu motivo inicial.
common_voice_pt_27930079|A hora do almoço?
common_voice_pt_27930080|Nós devemos sempre julgar isso deste ponto de vista.
common_voice_pt_27930081|Nós sofremos ao morrer?
common_voice_pt_27930082|É ao mesmo tempo menos temível e menos eficaz.
common_voice_pt_27930083|Amor antigo, água no cesto.
common_voice_pt_27930084|de um dos mais belos caracteres que têm honrado a humanidade
common_voice_pt_27930085|O plano do governo é não ter plano nenhum
common_voice_pt_27930086|Adam comeu a maçã e a dor de dente ainda dura.
common_voice_pt_27930087|Eu preciso de uma toalha.
common_voice_pt_27930089|Mesmo o vento mais forte não agita a água no poço.
common_voice_pt_27930090|Evite os prantos e as lágrimas
common_voice_pt_27930091|No final, virá, novamente, para o nosso navio, quando não puder ir mais longe.
common_voice_pt_27930092|Isso é
common_voice_pt_27930093|Adicione o açúcar e trabalhe até que esteja completamente dissolvido.
common_voice_pt_27930094|Cuecas e calcinhas, também chamados de roupas de baixo
common_voice_pt_27930095|Cinco euros, por favor.
common_voice_pt_27930096|Quanto tempo vamos chegar ao aeroporto?
common_voice_pt_27930097|Fornecer o palco para mostrar resultados para a equipe de P & D
common_voice_pt_27930098|Um dia apareceu ali vendendo-se por médico homeopata;
common_voice_pt_27930099|Desta vez não.
common_voice_pt_27930100|Turíbulo ardente
common_voice_pt_27930101|O centro da cidade é um lugar terrível para se viver.
common_voice_pt_27930102|Todos têm o direito de conhecê-los e usá-los.
common_voice_pt_27930103|Genilson Antunes Lobato
common_voice_pt_27930104|Quão longe é isso?
common_voice_pt_28016167|Não há fogo cintilante.
common_voice_pt_28016168|Eles também serão mais escuros; Este é necessariamente o anterior.
common_voice_pt_28016169|Eu tenho um ótimo presente para você.
common_voice_pt_28016170|Feito a gaiola, o pássaro morre.
common_voice_pt_28016171|As coisas são como são.
common_voice_pt_28016173|É preciso falar sério: é a mesma coisa.
common_voice_pt_28016174|Fui salvo pelo gongo
common_voice_pt_28016175|Estratégia que promove a diversificação da economia local.
common_voice_pt_28016176|Por que as janelas redondas são menos populares?
common_voice_pt_28016177|sobre a vida das mulheres
common_voice_pt_28016178|São Domingos do Norte
common_voice_pt_28016179|Quanto recalque
common_voice_pt_28016180|Qual personagem folclórico costuma ser agradado pelos caçadores com a oferta de fumo?
common_voice_pt_28016181|Na metade do cozimento, adicione o alho picado e salsa.
common_voice_pt_28153666|Quando alguns riem, os outros choram.
common_voice_pt_28153667|A questão está afeta aos tribunais.
common_voice_pt_28153668|Algo está errado?
common_voice_pt_28153669|Se você agir como uma ovelha, o lobo irá devorá-lo.
common_voice_pt_28153672|Se houver necessidade de assistência
common_voice_pt_28153676|A parte das despesas executadas fora deste período não está sujeita a subsídio.
common_voice_pt_28153677|Após a morte, nem vinhedo nem pomar.
common_voice_pt_28153678|Classes gramaticais variáveis e invariáveis
common_voice_pt_28153679|Avelino Venancio de Oliveira
common_voice_pt_28153680|Antônio Torres da Rocha
common_voice_pt_28153681|Grajaú
common_voice_pt_28153682|O cachorro morto não morde.
common_voice_pt_28236885|Não seja um tolo!
common_voice_pt_28236886|Saia e encontre-a!
common_voice_pt_28236887|Casa Nova
common_voice_pt_28236888|O alquimista bateu no portão do mosteiro.
common_voice_pt_28236889|Benedita Aparecida Conceição Amaral
common_voice_pt_28236890|Em agosto, às sete é escuro.
common_voice_pt_28236891|Eu pensei que estava chegando.
common_voice_pt_28236892|destinado a aliviar a nossa melancólica humanidade
common_voice_pt_28236893|Pois então resolverá por si mesma.
common_voice_pt_28236894|Já apresentou seus resultados?
common_voice_pt_28236895|Ele entrou no quarto.
common_voice_pt_28236901|Contato, quando apropriado, com os profissionais que participam dos cursos ou atividades oferecidas.
common_voice_pt_28236902|Gravataí
common_voice_pt_28236903|No final, isso levou ao segundo saque da cidade.
common_voice_pt_28236904|Quais são as principais coisas a lembrar ao ler o tempo?
common_voice_pt_28236905|Um homem está sentado e ele está cercado por sapatos.
common_voice_pt_28236906|Antônia Silva de Lima
common_voice_pt_28236907|E olha quantas coisas o vento já sabia fazer!
common_voice_pt_28236908|Ribeirão Preto
common_voice_pt_28236910|Não me faz nada
common_voice_pt_28486994|Você sabe onde eu moro.
common_voice_pt_28486995|São Gonçalo dos Campos
common_voice_pt_28486999|Chapecó
common_voice_pt_28487016|Você assistiu esse novo clipe de música?
common_voice_pt_28487017|Antônio Turibio Filho
common_voice_pt_28487018|Lasanha feita para veganos
common_voice_pt_28487020|São José do Sul
common_voice_pt_28487025|São José de Caiana
common_voice_pt_28487026|São João da Mata
common_voice_pt_28487027|São João do Manteninha
common_voice_pt_28487028|Antônia Vieira de Sales
common_voice_pt_28487029|São Joaquim do Monte
common_voice_pt_28487035|As seções de crédito não possuem personalidade jurídica.
common_voice_pt_28487036|Cinco pessoas estão sentadas juntas na neve.
common_voice_pt_28487037|São José do Rio Claro
common_voice_pt_28487038|De que maneira podemos ficar seguros quando há um terremoto?
common_voice_pt_28487042|Se conselho fosse bom ninguém dava, vendia.
common_voice_pt_28487045|Declaramos, portanto, a delimitação e a ampliação da propriedade em tais termos.
common_voice_pt_28487046|Tudo foi escrito pela mesma mão.
common_voice_pt_28487047|São Luiz do Norte
common_voice_pt_28487048|São Ludgero
common_voice_pt_28487049|Que tal um pouco desse bom spaghetti?
common_voice_pt_28487051|São João da Urtiga
common_voice_pt_28487054|Atibaia
common_voice_pt_28487057|São José dos Cordeiros
common_voice_pt_28487058|São Luiz do Paraitinga
common_voice_pt_28487059|São José da Safira
common_voice_pt_28487065|Dom Casmurro, domingo vou jantar com você.
common_voice_pt_28487066|São Lourenço
common_voice_pt_28487067|Não, não, não
common_voice_pt_28487068|As colheitas são completamente destruídas.
common_voice_pt_28487069|O menino novo joga ao ar livre nas folhas.
common_voice_pt_28672122|O vinho, pouco é bom, muito é veneno.
common_voice_pt_28672123|As extremidades estão se tocando.
common_voice_pt_28672124|Todo porco vem ao seu San Martín.
common_voice_pt_28672125|Cruz das Almas
common_voice_pt_28672126|Catolândia
common_voice_pt_28672132|Gandu
common_voice_pt_28672133|Algo está faltando em tudo.
common_voice_pt_28727277|Adicione a cebola e, quando estiver vermelha, cenoura e cochilo.
common_voice_pt_28727281|Douradoquara
common_voice_pt_28727282|Campinápolis
common_voice_pt_28727288|Quem ama o casamento antes do casamento não tem mais nada para a lei.
common_voice_pt_28727289|Batayporã
common_voice_pt_28727290|Abdon Batista
common_voice_pt_28727291|Xaxim
common_voice_pt_28727292|Luisiânia
common_voice_pt_28727293|Não fique com a bochecha que treme à noite.
common_voice_pt_28727294|As crianças nunca engordam seus pais.
common_voice_pt_28727300|Divino de São Lourenço
common_voice_pt_28727301|Nós viemos de Godall.
common_voice_pt_28727302|Ele não tem muito tempo e logo perde o gosto de ir mais fundo.
common_voice_pt_28727303|Padrões semelhantes aos teus
common_voice_pt_28727304|Gurinhém
common_voice_pt_28727305|Boa noite, e bons sonhos.
common_voice_pt_28727306|Quem tem boca, vaia Roma
common_voice_pt_28727307|O diabo vai para casa.
common_voice_pt_28727308|Campos Belos
common_voice_pt_28727309|Muzambinho
common_voice_pt_28727310|Jaguaretama
common_voice_pt_28727311|O passo errado é o da porta.
common_voice_pt_28727312|Certamente isso geralmente é o caso.
common_voice_pt_28727313|Espumoso
common_voice_pt_28727314|Vidal Ramos
common_voice_pt_28727315|Camacho
common_voice_pt_28727316|Nenhuma bebida de amor não excede o dinheiro.
common_voice_pt_28727317|Morto ou vendido, tudo quebra.
common_voice_pt_28727318|Santa Rita do Sapucaí
common_voice_pt_28727319|Inhuma
common_voice_pt_28727320|Atílio Vivácqua
common_voice_pt_28727321|Marechal Thaumaturgo
common_voice_pt_28727322|Santa Luzia do Pará
common_voice_pt_28727323|Palavras são como ovos: assim que saem, ganham asas.
common_voice_pt_28727324|Aripuanã
common_voice_pt_28727325|Laje do Muriaé
common_voice_pt_28727326|Simões
common_voice_pt_28727327|Bocaina do Sul
common_voice_pt_28727328|Quem compra a comida, todo mundo olha para o prato.
common_voice_pt_28727329|É mais como uma centena de pandeiros.
common_voice_pt_28727330|Aurora
common_voice_pt_28727331|Wallace e Gromit estão ligados.
common_voice_pt_28727332|Você estará impregnado em um novo idioma que cantará em seu ouvido.
common_voice_pt_28727333|Se escrevo o que sinto é porque assim diminuo a febre de sentir.
common_voice_pt_28798560|Barra do Choça
common_voice_pt_28798561|Várzea Alegre
common_voice_pt_28798562|Juruá
common_voice_pt_28798568|Os figos querem água; as pêras e o melão, o vinho felló.
common_voice_pt_28798569|Jeremoabo
common_voice_pt_28798570|As diferentes variantes dialetais, especialmente valencianas e baleares, foram muito levadas em conta.
common_voice_pt_28798571|Campos Novos Paulista
common_voice_pt_28798577|Tinta de pequena cerveja amarela.
common_voice_pt_28798578|Homem fofo, bebida forte
common_voice_pt_28798579|Alto Parnaíba
common_voice_pt_28798580|Balsa Nova
common_voice_pt_28798581|Olivença
common_voice_pt_28798582|Cotriguaçu
common_voice_pt_28798583|Nai irá a algum lugar depois das dez, mas certamente antes das dez horas.
common_voice_pt_28798590|A felicidade só pode nos levar ao que nos deu.
common_voice_pt_28798591|Pau-d'Arco
common_voice_pt_28798592|Guzolândia
common_voice_pt_28798593|Juruaia
common_voice_pt_28798594|Fez uma denunciação caluniosa devido ao acesso ao prontuário
common_voice_pt_28798595|Oeiras do Pará
common_voice_pt_28798596|Camisola ou pijama
common_voice_pt_28798597|Nuporanga
common_voice_pt_28798598|Como vai o nome dele?
common_voice_pt_28798599|Darcinópolis
common_voice_pt_28798600|Grão Mogol
common_voice_pt_28798603|Demorou muito e deu bastante trabalho.
common_voice_pt_28798607|Senhora dos absurdos
common_voice_pt_28798608|Canabrava do Norte
common_voice_pt_28798609|Os setores que estão no estabelecimento devem ser anotados e justificados.
common_voice_pt_28798610|União Paulista
common_voice_pt_28798611|Getulina
common_voice_pt_28798612|Cuparaque
common_voice_pt_28798618|A comoção crescia de minuto a minuto.
common_voice_pt_28798619|Um bom tempo e um pouco de estômago um homem se cansa.
common_voice_pt_28798620|Um site interessante está aqui.
common_voice_pt_28798626|O telhado sob os alpendres repelia e expandia as vozes dos compradores.
common_voice_pt_28798627|Lua que gira na terça, uma gota faz um mar.
common_voice_pt_28798628|Sacramento, na Califórnia, provavelmente terá conexão de alta velocidade em breve.
common_voice_pt_28798629|É chuvoso em São Paulo?
common_voice_pt_28798630|Água Comprida
common_voice_pt_28798636|Pediu uma pizza à napolitana
common_voice_pt_28798637|Palmeira do Piauí
common_voice_pt_28798638|O prejuízo causado aos brasileiros é inestimável
common_voice_pt_28899780|Aceguá
common_voice_pt_28899781|A verdade era verde e ele bebeu um burro.
common_voice_pt_28899782|Hidrolina
common_voice_pt_28899783|Saco sem dinheiro, diga-lhe couro.
common_voice_pt_28899789|Potengi
common_voice_pt_28899790|Ipaussu
common_voice_pt_28899791|Nós damos a cada um o nosso.
common_voice_pt_28899792|Tanque d'Arca
common_voice_pt_28899793|Iacri
common_voice_pt_28899794|Torres
common_voice_pt_28899795|Mentiu no relatório de acesso às credenciais
common_voice_pt_28899796|Angelim
common_voice_pt_28899797|Você tem fogo? Na outra casa há um pouco.
common_voice_pt_28899798|Mateus Leme
common_voice_pt_28899799|Peresa é a mãe da pobreza.
common_voice_pt_28899805|Paulistana
common_voice_pt_28899811|Muitas carícias para o Carnaval, mas ainda há mais o resto do ano.
common_voice_pt_28899812|A proximidade da Feira de Julho preocupava a família.
common_voice_pt_28899818|Cambira
common_voice_pt_28899819|Dinheiro e criaturas, nem todos que querem.
common_voice_pt_28899820|Bela Vista
common_voice_pt_28899821|Palavras deliciosas funcionam melhor que afiadas.
common_voice_pt_28899822|Mas, você curou das outras vezes.
common_voice_pt_28899827|Abaixe o filhote para beber o leite do nada.
common_voice_pt_28899833|Vem, já, já, para quê? Era perto de uma hora da tarde.
common_voice_pt_28899834|Cor: apresentam tons rosados e podem ter reflexos de framboesa, morango, groselha ou salmão.
common_voice_pt_28899840|Ouvirão vozes do além
common_voice_pt_28899841|Parari
common_voice_pt_28899842|Augusto Pestana
common_voice_pt_28899843|No oeste, nem vento, nem pessoas, nem casamento.
common_voice_pt_28899844|Capitólio
common_voice_pt_28899845|Atalaia
common_voice_pt_28899846|Cândido Sales
common_voice_pt_28899847|Apiacá
common_voice_pt_28899853|Eles estavam certos
common_voice_pt_28899854|Amarante
common_voice_pt_28899855|Gaivota na praia, marinheiro no chão.
common_voice_pt_28899856|Vargeão
common_voice_pt_28899857|Campo Magro
common_voice_pt_28899858|Coração de Maria
common_voice_pt_28899859|Se o inverno é alto, a safra é boa.
common_voice_pt_28899860|Eu sou o lugar certo.
common_voice_pt_28899861|Umburatiba
common_voice_pt_28899862|Ele é um ídolo, mas ele não é um santo.
common_voice_pt_28899863|Caturité
common_voice_pt_28899864|Antônio João
common_voice_pt_28899865|O cão padecia de leishmaniose
common_voice_pt_28899866|Calor para dezembro, calor para janeiro, frio forte em fevereiro.
common_voice_pt_28899867|Portanto, esta é a realidade.
common_voice_pt_28899868|Iracema
common_voice_pt_28899869|Jardim Alegre
common_voice_pt_28899870|Caminho do seu lado sempre
common_voice_pt_28899871|Quem bebe muito, dorme um pouco.
common_voice_pt_28899872|Iacanga
common_voice_pt_28899873|Capelinha
common_voice_pt_28899874|Peras não podem provar o mesmo sabor.
common_voice_pt_28899880|Lua coberta, nebulosa ou arranhada.
common_voice_pt_28899881|Paial
common_voice_pt_28899882|E de pé, com o dedo indicador, tocou-lhe na testa.
common_voice_pt_28899886|Você
common_voice_pt_28899889|O soldado da guerra e o fazendeiro na terra.
common_voice_pt_29023198|Paripueira
common_voice_pt_29023199|Salinópolis
common_voice_pt_29023200|E agora o que faremos?
common_voice_pt_29023201|Glicério
common_voice_pt_29023202|Sob o cobertor não há preto ou branco.
common_voice_pt_29023204|Não havia religião, ordem ou autoridade e... claro!
common_voice_pt_29023209|Salmourão
common_voice_pt_29023210|O fazendeiro sente falta se ele se afasta da terra.
common_voice_pt_29023211|Lucrécia
common_voice_pt_29023212|Joca Marques
common_voice_pt_29023217|O que é o clima do tempo?
common_voice_pt_29023221|Assistência a reuniões do conselho escolar de professores e professores que ainda são membros.
common_voice_pt_29023225|O final da boca é muito longo e fresco.
common_voice_pt_29023226|Patis
common_voice_pt_29023227|Parecia impossível que um homenzinho de barba que causasse medo fosse tímido como seminarista.
common_voice_pt_29023228|Por que você acha isso?
common_voice_pt_29023233|Camilo riu outra vez:
common_voice_pt_29023235|Não faça troça de todo este genocídio
common_voice_pt_29023238|Santa Cruz do Rio Pardo
common_voice_pt_29023242|O vinho é o equilíbrio das pessoas.
common_voice_pt_29023243|E assim eles foram embora.
common_voice_pt_29023249|Aporé
common_voice_pt_29023250|Tenha um bom dia
common_voice_pt_29023253|Piquet Carneiro
common_voice_pt_29023257|O que nós fizemos?
common_voice_pt_29023260|Santana da Ponte Pensa
common_voice_pt_29023264|Qual é a pontuação?
common_voice_pt_29023267|Como chefe, ela não tinha defeitos
common_voice_pt_29023271|Candói
common_voice_pt_29023274|Chegamos na estação do parque olímpico
common_voice_pt_29023276|Bom Jesus de Goiás
common_voice_pt_29023277|Graça
common_voice_pt_29023288|Para a Virgem Maria, em março, ela trouxe cordeiros por toda parte.
common_voice_pt_29023296|Os direitos que a lei confere aos acionistas são salvos.
common_voice_pt_29023297|Ele saiu do inferno e ele não quer voltar.
common_voice_pt_29023303|Glóbulos brancos sendo usados na cicatrização de feridas
common_voice_pt_29023304|Quiterianópolis
common_voice_pt_29023305|As ovelhas com lobos não formam um casal.
common_voice_pt_29023306|Alcinópolis
common_voice_pt_29023315|O sol de maio sacode a cabeça do burro.
common_voice_pt_29023323|Eles vão trabalhar para licenças estranhas, menos aquelas que descansam.
common_voice_pt_29051298|Olhos e corações são da primavera das mulheres.
common_voice_pt_29051299|Romaria de Finados de Juazeiro do Norte
common_voice_pt_29051300|Bem-vindo a quem é sua casa.
common_voice_pt_29051310|Arez
common_voice_pt_29051313|Piranguçu
common_voice_pt_29051314|Ibiá
common_voice_pt_29051315|Lagoa do Piauí
common_voice_pt_29051326|Carteira do inscrito
common_voice_pt_29051327|Erval Seco
common_voice_pt_29051328|Esses funcionários continuarão a receber a remuneração correspondente ao local de trabalho que ocupam.
common_voice_pt_29051329|Muitas flores da primavera, bom outono esperar.
common_voice_pt_29051330|Sente-se e deixe-me tratar de você.
common_voice_pt_29051351|Acendeu um cigarro
common_voice_pt_29051352|Localizador uniforme de recursos
common_voice_pt_29051354|Minaçu
common_voice_pt_29051356|Cachoeira
common_voice_pt_29245000|No sol quente, uma estrada estreita foi pavimentada.
common_voice_pt_29245003|Camapuã
common_voice_pt_29245004|Janiópolis
common_voice_pt_29245014|Quem não é grato, é um mal entendido.
common_voice_pt_29245026|Jóia
common_voice_pt_29245031|Venda seu presente para um cliente com lucro.
common_voice_pt_29245033|Notícias dia de sol
common_voice_pt_29245034|Missal
common_voice_pt_29245040|Leite e dois açucares, por favor.
common_voice_pt_29245044|Sol branco, sinal de lama.
common_voice_pt_29245045|Conquista d'Oeste
common_voice_pt_29245053|Os homens se movem constantemente, o espírito humano parece quase imóvel.
common_voice_pt_29245065|Ontem conheci o prefeito de Ripoll.
common_voice_pt_29245068|Porto de Moz
common_voice_pt_29245079|Tapiratiba
common_voice_pt_29245080|Misericórdia. Se não sabe escrever em português, não submeta sentenças.
common_voice_pt_29245109|Itapicuru
common_voice_pt_29245112|Conselhos do velho, do aviso do céu.
common_voice_pt_29245113|Boa noite para quem me quer bem.
common_voice_pt_29245115|Betânia
common_voice_pt_29245117|Bocaiúva do Sul
common_voice_pt_29245119|Tupi Paulista
common_voice_pt_29245123|Poço de José de Moura
common_voice_pt_29245160|Fruta de Leite
common_voice_pt_29245162|Ela desmontou da bicicleta.
common_voice_pt_29245164|Dom Bosco
common_voice_pt_29245165|É melhor matar um homem do que colocar um mau hábito.
common_voice_pt_29245167|As posições que não cobrem dois terços da avaliação não serão aceitas.
common_voice_pt_29245169|Miracema
common_voice_pt_29245170|Anaurilândia
common_voice_pt_29245173|Dom Macedo Costa
common_voice_pt_29245176|Por que você está fazendo isso?
common_voice_pt_29245248|Santa Vitória do Palmar
common_voice_pt_29245249|Wikipedia e os idosos.
common_voice_pt_29245251|Injetaram dinheiro na rede hospitalar
common_voice_pt_29245252|Ingazeira
common_voice_pt_29245254|Armação dos Búzios
common_voice_pt_29245255|Psicopatas são relativamente comuns na nossa sociedade
common_voice_pt_29245256|Se o galo canta muito, a água está muito próxima.
common_voice_pt_29245258|Nova Santa Helena
common_voice_pt_29245259|Organograma ou fluxograma
common_voice_pt_29245261|Godoy Moreira
common_voice_pt_29245262|Isso pode parecer uma garantia, mas ninguém patenteia programas específicos, mas conceitos mais gerais.
common_voice_pt_29245264|Iaçu
common_voice_pt_29245265|Todavia, a adoção de políticas descentralizadoras é uma das consequências do sistema
common_voice_pt_29245266|Para a primeira colherada, voe.
common_voice_pt_29245267|Para comida ruim ou comer, três vezes para beber.
common_voice_pt_29245268|Águas Vermelhas
common_voice_pt_29245269|Laranjeiras do Sul
common_voice_pt_29245492|Marechal Deodoro
common_voice_pt_29245494|O Pidgin agora tem mais plugins do que antes.
common_voice_pt_29245495|Ararendá
common_voice_pt_29245496|O que sobrou na sua cabeça, ninguém te pega.
common_voice_pt_29245497|A mentira é gorda, mas curta; A verdade é magra e longa.
common_voice_pt_29245502|Isso não pode ser, bem salve uma mulher.
common_voice_pt_29245505|Caparaó
common_voice_pt_29245516|Quem lhe impede que vá a outras partes?
common_voice_pt_29245521|São Tiago
common_voice_pt_29245542|Líderes mundiais buscam acabar com desmatamento e reduzir emissões de metano
common_voice_pt_29245551|Só é preciso uma centelha, uma singela fagulha
common_voice_pt_29245554|Marques de Souza
common_voice_pt_29245555|Não, esta azeitona é preta.
common_voice_pt_29245561|Os setores emergentes que poderiam ser relevantes.
common_voice_pt_29245563|Entreguei meu presente à Fabiana
common_voice_pt_29245570|Juvenília
common_voice_pt_29245584|Podemos já vislumbrar o modo pelo qual o surgimento do comércio virtual possibilita
common_voice_pt_29245585|Voltando a si, viu que estava outra vez só.
common_voice_pt_29245588|O que temos que ter sempre em mente
common_voice_pt_29245596|Todo mundo que vê adivinhando
common_voice_pt_29245616|Araruna
common_voice_pt_29245618|As pernas queriam descer e entrar.
common_voice_pt_29245619|Primeiro na defesa do que no ataque.
common_voice_pt_29245620|A semente é necessária para a produção de milho primavera.
common_voice_pt_29245621|Custódia
common_voice_pt_29245622|Apenas o melhor que você aprende na pequena escola.
common_voice_pt_29245629|O que ele não tem, ele não é.
common_voice_pt_29245642|Qual saber! tive muita cautela, ao entrar na casa.
common_voice_pt_29245651|Esperantinópolis
common_voice_pt_29245654|Eles dominam uma extensa floresta de pinheiros.
common_voice_pt_29245660|Às suas ordens, mestra
common_voice_pt_29962446|Processo de gerenciamento de alternativas às soluções ortodoxas
common_voice_pt_29962455|Telha
common_voice_pt_29962466|Porto Feliz
common_voice_pt_29962475|Assim, muitas vezes, repito a alguém o que já lhe repeti
common_voice_pt_29962492|Salvaterra
common_voice_pt_29962496|Celso Ramos
common_voice_pt_29962502|Serra do Navio
common_voice_pt_29962510|Inhapim
common_voice_pt_29962511|Felício dos Santos
common_voice_pt_29962534|Junco do Maranhão
common_voice_pt_29962540|Pojuca
common_voice_pt_29962547|O dia está muito quente hoje.
common_voice_pt_29962555|Ribas do Rio Pardo
common_voice_pt_29962561|Chuí
common_voice_pt_29962572|Santa Rosa do Sul
common_voice_pt_29962578|Ela é cinco minutos a dois.
common_voice_pt_29962587|Foram anexadas à documentação da reportagem
common_voice_pt_29962591|Grande seco, ótimo encharcado.
common_voice_pt_29962595|Estava coberto por isso.
common_voice_pt_29962599|Estrela d'Oeste
common_voice_pt_29962608|Pinheiro Preto
common_voice_pt_29962621|Não gosto de celebrar o ano novo
common_voice_pt_29962626|Santa Quitéria
common_voice_pt_29962638|Pedra
common_voice_pt_29962648|Jogue moscas lentas
common_voice_pt_29962658|Quatro Irmãos
common_voice_pt_29962664|Para a viúva, tudo fica ferrado.
common_voice_pt_29962674|Nossa Senhora do Livramento
common_voice_pt_29962687|Ocupa uma área construída de aproximadamente dezessete metros, oitenta e dois centímetros quadrados.
common_voice_pt_29962703|Ele sai para comprar coisas
common_voice_pt_29962714|Mangueirinha
common_voice_pt_29962721|Porto Rico
common_voice_pt_29962727|Cuitegi
common_voice_pt_29962745|Belém do Brejo do Cruz
common_voice_pt_29962748|Coqueiros do Sul
common_voice_pt_29962752|Nazaré da Mata
common_voice_pt_29962759|Reporte as sentenças incorretas no botão "relatar"
common_voice_pt_29962793|Estados meditativos vibracionais
common_voice_pt_29962806|A velha vassoura conhece todos os cantos.
common_voice_pt_29962812|San Juan na sexta-feira, colheita de cinzas.
common_voice_pt_29962822|Anda! agora! empurra! vá! vá! Daí a pouco estaria removido o obstáculo.
common_voice_pt_29962845|Rua do banho, caixa drenada.
common_voice_pt_29963049|Papanduva
common_voice_pt_29963064|Quero a lista de filmes exibidos à noite no cinema
common_voice_pt_29963076|Dar conta deste decreto ao Plenário, na próxima sessão ordinária que celebra.
common_voice_pt_29963082|Rolante
common_voice_pt_29963089|Charqueada
common_voice_pt_29963100|O que é o tempo hoje?
common_voice_pt_29963110|É possível, mas achamos bastante dúbio.
common_voice_pt_29963128|Seria bom poder ir no domingo para uma experiência completamente diferente.
common_voice_pt_29963135|José de Freitas
common_voice_pt_29963141|Chapada dos Guimarães
common_voice_pt_29963146|Barrocas
common_voice_pt_29963164|Tanto quanto o reitor canta, o escolástico responde.
common_voice_pt_29963174|Se você quer ter uma boa vida, dê ao bebê.
common_voice_pt_29963179|Do Natal ao Carnaval, o mundo inteiro em treze voltas.
common_voice_pt_29963190|É mais choroso do que enterrado.
common_voice_pt_29963225|Tudo isso sem prejuízo dos outros sistemas de proteção que poderiam ter sido adotados.
common_voice_pt_29963228|Espera
common_voice_pt_29963229|Para o Natal, cada ovelha no seu quintal.
common_voice_pt_29963232|Por que você olha à distância, mas quando a sorte está ao seu lado.
common_voice_pt_29963248|Chicote molhado, eu vi regado.
common_voice_pt_29963251|Morro da Fumaça
common_voice_pt_29963252|Pobres nervos estão confusos.
common_voice_pt_29963254|Sucupira do Riachão
common_voice_pt_29963271|A vida sem amor é como um ano sem primavera.
common_voice_pt_29963275|Passos Maia
common_voice_pt_29963276|Bela Vista do Piauí
common_voice_pt_29963286|Guajará-Mirim
common_voice_pt_29963293|Tem uma área de cinquenta e oito metros, oitenta e sete decímetros quadrados.
common_voice_pt_29963299|Uns governam o mundo, outros são o mundo.
common_voice_pt_29963306|Teofilândia
common_voice_pt_29963328|Traríamos menos do que o que fora insuficiente
common_voice_pt_29963336|Não pense assim, embora!
common_voice_pt_29963338|Frei Miguelinho
common_voice_pt_29963340|Luislândia
common_voice_pt_29963346|Coronel José Dias
common_voice_pt_29963355|Ritápolis
common_voice_pt_29963374|Por outro lado, outras questões levantam muito mais dificuldade.
common_voice_pt_29963381|Por outro lado, as cabeças grandes sempre me diziam coisas e me incomodavam.
common_voice_pt_29963388|Coronel Bicaco
common_voice_pt_29963390|Barra de Santana
common_voice_pt_29963398|Como você se sente
common_voice_pt_29963402|Eldorado
common_voice_pt_29963405|Guarani das Missões
common_voice_pt_29963411|Gameleiras
common_voice_pt_29963421|Foi classificada para a mostra de talentos
common_voice_pt_29963425|Agora, as coisas de consistência esperavam quando as grandes festas chegaram.
common_voice_pt_29963426|Pedra Mole
common_voice_pt_29963427|Constantina
common_voice_pt_29963445|O ar fresco dos anúncios do conselho já estava circulando pelo mundo.
common_voice_pt_29963449|Barros Cassal
common_voice_pt_29963461|O navio foi esmagado em uma crista afiada.
common_voice_pt_29963466|Nioaque
common_voice_pt_29963469|Consultar calendário para esta viagem.
common_voice_pt_29963473|Elísio Medrado
common_voice_pt_29963479|Ibiam
common_voice_pt_29963484|Vou tentar agora.
common_voice_pt_29963486|O que eles estavam indo lá?
common_voice_pt_29963496|Crianças praticando artes marciais enquanto os mais velhos observam.
common_voice_pt_29963506|Carnaúba dos Dantas
common_voice_pt_29963516|É uma boa ideia!
common_voice_pt_29963522|Ouriçangas
common_voice_pt_29963535|Theobroma
common_voice_pt_29963538|Lavínia
common_voice_pt_29963542|Eram amigos deveras.
common_voice_pt_29963551|Tiveram de chamar os bombeiros para apagar o incêndio
common_voice_pt_29963559|No bolo de madeira, procure a vez.
common_voice_pt_29963575|Esta não era a única maneira viável de se produzir oxigênio puro.
common_voice_pt_30499846|Pranchita
common_voice_pt_30499847|No total, mais de quarenta palestrantes participarão.
common_voice_pt_30499848|Ribeiro Gonçalves
common_voice_pt_30499849|Ibiracatu
common_voice_pt_30499850|Dom Expedito Lopes
common_voice_pt_30499851|Camargo
common_voice_pt_30499852|Balneário Barra do Sul
common_voice_pt_30499853|É o que acontece com esse tipo de óculos montado no ar.
common_voice_pt_30499854|Sempre uma comunicação de carta
common_voice_pt_30499855|É ele
common_voice_pt_30499856|Esse dinheiro é verdadeiro, que um homem segura em seu punho.
common_voice_pt_30499857|Ipeúna
common_voice_pt_30499858|Preciso tomar café todo dia pela manhã ou não acordo.
common_voice_pt_30499859|Embaúba
common_voice_pt_30499860|Não havia nada.
common_voice_pt_30499861|Cantagalo
common_voice_pt_30499862|Florínea
common_voice_pt_30499863|Caibi
common_voice_pt_30499864|Senador Firmino
common_voice_pt_30571820|Ponta de Pedras
common_voice_pt_30571821|Mas eu sabia melhor do que confiar nele.
common_voice_pt_30571822|Uma filha foi quem orou com mais fervor a Deus.
common_voice_pt_30571823|Pequizeiro
common_voice_pt_30571829|O secretário da Câmara Municipal de Cabrils ou o pessoal que substitui.
common_voice_pt_30571830|Laranja da Terra
common_voice_pt_30571831|Glória de Dourados
common_voice_pt_30571832|Eu amo andar e gostar da natureza.
common_voice_pt_30571837|Instalações públicas que podem entrar o mais cedo possível
common_voice_pt_30571869|Meninos e piolhos, eles fecham a casa.
common_voice_pt_30571870|Tupandi
common_voice_pt_30571871|Santa Maria do Cambucá
common_voice_pt_30571872|Vale do Anari
common_voice_pt_30571873|Vitor Meireles
common_voice_pt_30571874|As litologias encontradas correspondem a rochas sedimentares consolidadas como calcário e calcário.
common_voice_pt_30571875|São Vicente Ferrer
common_voice_pt_30571876|Ipecaetá
common_voice_pt_30571877|Urandi
common_voice_pt_30571878|Quem colocou as estrelas do céu e as colocou em seus olhos?
common_voice_pt_30571879|Paraíso do Sul
common_voice_pt_30571880|Onde você vai de férias?
common_voice_pt_30571881|Palotina
common_voice_pt_30571892|Santa Rosa da Serra
common_voice_pt_30571893|Deus, como é tudo!
common_voice_pt_30571894|Quando vai cair?
common_voice_pt_30571895|Alecrim
common_voice_pt_30571896|Quantas vagas tem este concurso?
common_voice_pt_30571897|Peixe de mar é peixe, peixe de rio é nada.
common_voice_pt_30571898|Casamento entre parentes, filhos carinhosos e maus.
common_voice_pt_30571899|Mas qual é o uso de falar?
common_voice_pt_30571900|Amor em casa, quem quer que tenha; quem não tem, está atrás dele.
common_voice_pt_30571901|Ativar modo silencioso.
common_voice_pt_30571902|Guabiju
common_voice_pt_30571903|João Pinheiro
common_voice_pt_30571904|Alfredo Marcondes
common_voice_pt_30571905|Bituruna
common_voice_pt_30571906|Lajes Pintadas
common_voice_pt_30571907|Chega de estudar, disse o garoto.
common_voice_pt_30571908|Barras
common_voice_pt_30571909|Porto
common_voice_pt_30580828|Razões suficientes para dizer: aqui estamos bem e temos que morrer de alguma coisa.
common_voice_pt_30580829|De qual plataforma o trem vai?
common_voice_pt_30580830|Ladainha
common_voice_pt_30580836|Conselheiro Pena
common_voice_pt_30580842|Eles pareciam frenéticos, como se gravitassem sobre eles um peso enorme.
common_voice_pt_30580843|Manoel Urbano
common_voice_pt_30580849|Você vê na última fila, pare de rir!
common_voice_pt_30580850|Bela Vista do Toldo
common_voice_pt_30580851|Natal com lua cheia, vintage completo.
common_voice_pt_30580872|Está realmente perto da meia-noite agora.
common_voice_pt_30580873|Nova Araçá
common_voice_pt_30580874|Igarapava
common_voice_pt_30580876|Gália
common_voice_pt_30580888|Depois, acrescentou a notícia aos músicos do convento e conversou com o refeitório.
common_voice_pt_30580892|Ideais de liberdade, igualdade e fraternidade
common_voice_pt_30580893|Mostardas
common_voice_pt_30580894|Segredo
common_voice_pt_30580895|Guaraciaba
common_voice_pt_30580896|Berizal
common_voice_pt_30580901|O que te enriquece são os juros compostos
common_voice_pt_30580984|Trabalhos posteriores foram realizados onde foram feitas revisões de natureza mais ideológica e estratégica.
common_voice_pt_30580985|Retirolândia
common_voice_pt_30580996|Miguelópolis
common_voice_pt_30580997|Se, no entanto, o empate persistisse, seria resolvido em favor dos idosos.
common_voice_pt_30581008|Iraceminha
common_voice_pt_30581009|Riacho dos Cavalos
common_voice_pt_30581010|Guaraçaí
common_voice_pt_30581011|Itinga do Maranhão
common_voice_pt_30581012|Ipiaú
common_voice_pt_30581023|Bom dia, deputados, deputados.
common_voice_pt_30581024|Ocara
common_voice_pt_30581025|Jati
common_voice_pt_30581026|Ele carrega o rosto a qualquer momento de sua vida.
common_voice_pt_30581027|Venha, você está brincando comigo!
common_voice_pt_30581028|Era nosso agregado desde muitos anos
common_voice_pt_30581029|Há algum tempo estou para lhe dizer isto, mas não me atrevia.
common_voice_pt_30613418|Eu não odiava mais ninguém.
common_voice_pt_30613419|Feliz aniversário para a garota de sorte de nós.
common_voice_pt_30613421|O que é bem aprendido nunca se perde.
common_voice_pt_30613425|E a pontuação será reduzida proporcionalmente à porcentagem que eles financiaram.
common_voice_pt_30613428|Dessa forma, cada usuário pode manipular o email da maneira que quiser.
common_voice_pt_30613430|Terra Roxa
common_voice_pt_30613435|O travesseiro macio foi facilitado pela queda de um homem.
common_voice_pt_30613441|Alcântara
common_voice_pt_30613442|Segunda-feira é o domingo da preguiça.
common_voice_pt_30613443|Em relação ao júri considerado como meio judicial, direi apenas duas palavras.
common_voice_pt_30613449|É necessário que noventa por cento dessas lâmpadas fluorescentes atendam a esse critério.
common_voice_pt_30613453|Não havia homem em lugar nenhum!
common_voice_pt_30613458|Neste os hábitos e sentimentos estão de acordo com os interesses.
common_voice_pt_30613459|Cordeiros
common_voice_pt_30613460|Tenho ternura, ternura até às lágrimas, pelos meus livros de outros em que escrituro
common_voice_pt_30613461|Córrego Novo
common_voice_pt_30613464|Oliveira dos Brejinhos
common_voice_pt_30613473|A situação era ridícula e agitada.
common_voice_pt_30613474|Coqueiral
common_voice_pt_30613475|Taquarivaí
common_voice_pt_30613476|Alto Taquari
common_voice_pt_30613477|Eu sou mãe.
common_voice_pt_30613478|Jardim do Mulato
common_voice_pt_30613479|Mirante
common_voice_pt_30613480|Parafrasear ou reescrever orações, parágrafos, artigos, conteúdos
common_voice_pt_30613481|Babaçulândia
common_voice_pt_30613492|A porta estava aberta.
common_voice_pt_30613493|Mato Verde
common_voice_pt_30613494|Os dois primeiros eram amigos de infância.
common_voice_pt_30613495|Quem quiser tomar banho deve adiar a roupa.
common_voice_pt_30613498|Nova Olinda do Maranhão
common_voice_pt_30613500|Muritiba
common_voice_pt_30613503|Fernando Prestes
common_voice_pt_30613504|Dracena
common_voice_pt_30613505|Marquinho
common_voice_pt_30613506|Puxinanã
common_voice_pt_30613507|Macajuba
common_voice_pt_30613508|Impõem-na à admiração geral o seu Estilo.
common_voice_pt_30613509|Nova Veneza
common_voice_pt_30613510|Se você quer ser uma batata, coloque-a em primeiro plano.
common_voice_pt_30613511|Assunção do Piauí
common_voice_pt_30613512|O jogo, a cama, a noite e o fogo nunca se contentam com pouco.
common_voice_pt_30613529|Dir-se-ia a morada do indiferente Destino.
common_voice_pt_30613530|Taquarana
common_voice_pt_30613531|Os acidentes devem ser se o demônio dirigir.
common_voice_pt_30613532|Coité do Noia
common_voice_pt_30613534|Coisas claras e chocolate, grossas.
common_voice_pt_30613535|Paraíso do Tocantins
common_voice_pt_30613536|Janduís
common_voice_pt_30613537|A pessoa sortuda se veste, ele também tira.
common_voice_pt_30613538|Pode mudar?
common_voice_pt_30613539|Renascença
common_voice_pt_30613540|O sangue esfria lentamente e começa um processo que quase terá que detê-los.
common_voice_pt_30613541|Verdade é que Fortunato não curou de mais nada, nem então, nem depois.
common_voice_pt_30613542|Santana do Cariri
common_voice_pt_30613543|Icatu
common_voice_pt_30613544|Realize a revisão e armazenamento de todo o material.
common_voice_pt_30613545|Rio das Flores
common_voice_pt_30613546|Serranópolis de Minas
common_voice_pt_30613547|Em agosto, noite de cachorro.
common_voice_pt_30613548|Itapema
common_voice_pt_30613549|General Salgado
common_voice_pt_30613550|Gato velho, não diga a ele para misturar.
common_voice_pt_30613551|Itapajé
common_voice_pt_30613552|Vejo você perdido
common_voice_pt_30613553|Vá em assuntos?
common_voice_pt_30613554|Rosário do Sul
common_voice_pt_30613555|Carbonita
common_voice_pt_30613556|Arinos
common_voice_pt_30613557|Até uma vida longa tem o seu fim.
common_voice_pt_30613558|Pendências
common_voice_pt_30613559|É difícil dar um tempo de cozimento para este prato.
common_voice_pt_30613560|A ilha fica a cerca de duas horas de Curitiba.
common_voice_pt_30613561|A partir daqui?
common_voice_pt_30613563|Nova Marilândia
common_voice_pt_30613564|Perdizes
common_voice_pt_30613565|Acauã
common_voice_pt_30613566|Estrela Velha
common_voice_pt_30613567|Na aldeia, só ele sabia como ajudar uma missa.
common_voice_pt_30613568|Especialmente não use em ambientes de produção ou em documentos importantes.
common_voice_pt_30613569|Taquaritinga do Norte
common_voice_pt_30613570|Nós vivemos para encontrar a felicidade, não para encontrá-la.
common_voice_pt_30613571|Bom Jardim de Minas
common_voice_pt_30613572|O coração, se pudesse pensar, pararia.
common_voice_pt_30613573|Se você quer se tornar um amigo do gato, coça a cabeça.
common_voice_pt_30613574|É importante favorecer uma capitalização inspirada na necessidade de práticas interessantes.
common_voice_pt_30613575|Timbé do Sul
common_voice_pt_30613576|Burra e burrito não vão direto para o moinho de vento.
common_voice_pt_30613577|Juarez Távora
common_voice_pt_30613578|Todo senhor, toda honra.
common_voice_pt_30613579|Varre-Sai
common_voice_pt_30706825|Ouro Verde de Minas
common_voice_pt_30706831|O homem é uma cabeça, mas uma mulher vira as costas.
common_voice_pt_30706832|E o que você está fazendo aqui?
common_voice_pt_30706836|Nevoeiro nas montanhas, pastor na cabana.
common_voice_pt_30706839|Instigando a greve geral
common_voice_pt_30706840|Itamarandiba
common_voice_pt_30706851|Você consegue pensar em outra pergunta para perguntar a um parceiro?
common_voice_pt_30706852|Para dezembro, geadas e sopas escaldadas.
common_voice_pt_30706853|Nunca permita que a alma fique com raiva.
common_voice_pt_30706859|O filho que luta contra seus pais, inferno que ele ganhou.
common_voice_pt_30706860|Mombuca
common_voice_pt_30706866|Mas o mesmo trote do cavalo veio agravar-lhe a comoção.
common_voice_pt_30706867|Avelinópolis
common_voice_pt_30706873|Silveirânia
common_voice_pt_30706874|Rolador
common_voice_pt_30706875|Amparo de São Francisco
common_voice_pt_30706880|Nem sempre somos livres para escolher um ou outro desses meios.
common_voice_pt_30706882|São Pedro do Iguaçu
common_voice_pt_30706883|Barroquinha
common_voice_pt_30706884|As uvas foram pressionadas em vinho.
common_voice_pt_30706885|Ourizona
common_voice_pt_30706888|Conceição do Pará
common_voice_pt_30706892|Ele suspirou profundamente na noite tranquila.
common_voice_pt_30706898|Pirapetinga
common_voice_pt_30706899|Espigão d'Oeste
common_voice_pt_30706900|Lenha de avelã, não dispara nem faz um sutiã.
common_voice_pt_30706901|Arroio do Meio
common_voice_pt_30706904|Óbidos
common_voice_pt_30706908|não sei o que penso nem o que sou.
common_voice_pt_30706910|Bom Despacho
common_voice_pt_30706916|Nova Monte Verde
common_voice_pt_30706917|Minas do Leão
common_voice_pt_30706918|Jaíba
common_voice_pt_30706919|Colinas do Sul
common_voice_pt_30714393|Há em olhos humanos, ainda que litográficos, uma coisa terrível
common_voice_pt_30714394|É um vento desolado e não concede trégua.
common_voice_pt_30714395|Juquitiba
common_voice_pt_30714396|Este prato eu vi vovó Lourdes fazer quando eu era muito jovem.
common_voice_pt_30714397|Dois amigos e uma espada - um canta, o outro chora.
common_voice_pt_30714398|Santo Antônio do Leste
common_voice_pt_30714401|É muito pouco e pouco diferente.
common_voice_pt_30714405|Esse jogo tem uma pegada bem diferente.
common_voice_pt_30714406|Fama
common_voice_pt_30714407|Nove anos atrás naquela noite.
common_voice_pt_30714408|Porto Rico do Maranhão
common_voice_pt_30714409|Itobi
common_voice_pt_30714415|Cristalândia
common_voice_pt_30714416|Quem ri pela primeira vez?
common_voice_pt_30714417|Entre Rios
common_voice_pt_30714418|Santa Tereza de Goiás
common_voice_pt_30714424|Esse contraste não deve surpreendê-lo.
common_voice_pt_30876618|Teresina de Goiás
common_voice_pt_30876664|Você não sabia disso?
common_voice_pt_30876668|Abelhas velhas não usam mel.
common_voice_pt_30876671|Bom tempo no primeiro dia, os agricultores estão felizes colhendo.
common_voice_pt_30876752|Festa transferida, festa devastada.
common_voice_pt_30876756|Urutaí
common_voice_pt_30876759|Proposta de resolução
common_voice_pt_30876761|Nazária
common_voice_pt_30876762|Desemprego recua com abertura de vagas formais e informais
common_voice_pt_30876763|Jacuí
common_voice_pt_30876764|A necropolítica do presidente
common_voice_pt_30876765|Conceição do Castelo
common_voice_pt_30876767|Várzea da Palma
common_voice_pt_30876782|Se isto servir de consolo
common_voice_pt_30876788|Eu só vi isso uma vez.
common_voice_pt_30876800|Mariápolis
common_voice_pt_30876805|Firmino Alves
common_voice_pt_30876821|A ação foi executada com sucesso
common_voice_pt_30876823|O cromo voltou do hospital.
common_voice_pt_30876830|Mucurici
common_voice_pt_30876849|Santa Cruz de Minas
common_voice_pt_30876855|Eu sou Sion
common_voice_pt_30876891|Estou convencido de que o Price não é um covarde.
common_voice_pt_30876902|Flexeiras
common_voice_pt_30876910|daqui a pouco lhes direi quem era a terceira senhora
common_voice_pt_30876917|Parecia que, de repente, eles haviam perdido a voz.
common_voice_pt_30876924|Além Paraíba
common_voice_pt_30876929|Comendador Gomes
common_voice_pt_30876940|A cor do escritório era um tom aborrecido.
common_voice_pt_30876941|Uniflor
common_voice_pt_30876963|Corumbaíba
common_voice_pt_30876976|Sinto um frio de doença súbita na alma
common_voice_pt_30876984|Piranguinho
common_voice_pt_30876996|Sua garganta foi drenada.
common_voice_pt_30877021|Pombos
common_voice_pt_30877027|Mas barreiras também são encontradas em nossos computadores, infra-estruturas também são softwares.
common_voice_pt_30877054|Esmeralda
common_voice_pt_30877081|A velha raposa não precisa ensiná-lo a roubar galinhas.
common_voice_pt_30877104|Fartura
common_voice_pt_30877107|Felizmente, há lugares.
common_voice_pt_30877114|Utopia ou distopia?
common_voice_pt_30877115|Torrinha
common_voice_pt_30877116|Santo Antônio do Jardim
common_voice_pt_30877151|Itaobim
common_voice_pt_30877197|Você sabe o que
common_voice_pt_30877202|Boquim
common_voice_pt_31320088|O celeiro sacudido caiu com uma pompa alta.
common_voice_pt_31320093|São Bonifácio
common_voice_pt_31320095|Cerro Branco
common_voice_pt_31320096|Você não aderiu à água desleixada, que corre a jusante.
common_voice_pt_31320097|Quantas quer mandar buscar?
common_voice_pt_31320103|Ibipeba
common_voice_pt_31320114|Formosa do Oeste
common_voice_pt_31320115|Oh, o que é estranho?
common_voice_pt_31320116|Propor e realizar ações para ampliar o conhecimento do catalão ao Departamento.
common_voice_pt_31320117|Com defeito por natureza, deixa até as aparências da força.
common_voice_pt_31320120|Onde dói, nós levamos lá.
common_voice_pt_31320131|Flora Rica
common_voice_pt_31378508|Vai ser melhor que antes.
common_voice_pt_31378509|Você já viu o novo pavimento da caminhada?
common_voice_pt_31378510|Se você não pode mover um vizinho ruim, ele sai sozinho.
common_voice_pt_31378511|O chá de um jarro marrom é saboroso.
common_voice_pt_31378517|Pedra Branca do Amapari
common_voice_pt_31378518|Por que você não veio para a festa?
common_voice_pt_31459913|Vila Nova do Sul
common_voice_pt_31459929|Quem fica chateado tem dois empregos: ficar chateado e se ofender.
common_voice_pt_31459930|Há tantos restos demais.
common_voice_pt_31459931|Lua rochosa, chuva ou vento.
common_voice_pt_31459932|A saliva engoliu em seco.
common_voice_pt_31459933|Até a lua de abril não passou, não dê o mês para completar.
common_voice_pt_31459949|Santo Antônio do Aracanguá
common_voice_pt_31459950|Esta tendência é muito negativa
common_voice_pt_31459951|A doença era mortal.
common_voice_pt_31459952|Medeiros
common_voice_pt_31459953|Santa Rita do Trivelato
common_voice_pt_31459954|Porteirinha
common_voice_pt_31459955|Nem sempre ia naquele passo vagaroso e rígido.
common_voice_pt_31459956|Amparo da Serra
common_voice_pt_31459982|Entre eles, alguns serão pouco definidos e responderão a interesses diversos.
common_voice_pt_31459983|O que acontece com eles?
common_voice_pt_31459986|Santa Maria Madalena
common_voice_pt_31459989|Infante é um título de nobreza, abaixo de príncipe
common_voice_pt_31459991|Santo Antônio do Tauá
common_voice_pt_31459992|André da Rocha
common_voice_pt_31459993|Rancho Queimado
common_voice_pt_31459994|Piraquê
common_voice_pt_31459995|Riachão do Jacuípe
common_voice_pt_31459996|Olho pequeno e inchado, homem corajoso e ousado.
common_voice_pt_31460002|Santa Rita de Caldas
common_voice_pt_31460003|toda a minha atenção analítica não consegue definir.
common_voice_pt_31460004|A máquina apara e apara qualquer madeira.
common_voice_pt_31460054|Sidrolândia
common_voice_pt_31460055|Quatro crianças saem para comprar coisas
common_voice_pt_31460056|Às sextas eu gosto de fazer um vinil.
common_voice_pt_31460057|Injustamente adquirido não chega a outro joelho.
common_voice_pt_31460058|Aceitou finalmente, daí a dias, e foi uma desilusão para Maria Luísa.
common_voice_pt_31460059|Escala de administração especial, subescala técnica, classe técnica auxiliar, grupo C.
common_voice_pt_31460060|Sim, mas por que há alguma palha?
common_voice_pt_31460061|Anchieta
common_voice_pt_31460062|Umirim
common_voice_pt_31460063|Compre em casa, volte para casa e você fará uma casa.
common_voice_pt_31460065|A Festa junina tem comidas típicas do interior
common_voice_pt_31460069|Caiçara
common_voice_pt_31460073|Congonhas
common_voice_pt_31460077|Ibitirama
common_voice_pt_31460078|Presidente Tancredo Neves
common_voice_pt_31460080|Quadrinhos humorísticos
common_voice_pt_31460083|Santa Fé
common_voice_pt_31460085|Porteirão
common_voice_pt_31460087|Uso louça velha e mobília velha.
common_voice_pt_31460088|A criança quase machucou um cachorro pequeno.
common_voice_pt_31460089|São Roberto
common_voice_pt_31460090|Faro
common_voice_pt_31460091|Santa Mônica
common_voice_pt_31460292|O pré-registro deve ser feito antes do décimo sexto dia.
common_voice_pt_31460293|Itanhandu
common_voice_pt_31460294|Porecatu
common_voice_pt_31460295|Campo Redondo
common_voice_pt_31460296|Em março e abril, milhares de pessoas fazem mil.
common_voice_pt_31460297|São Miguel da Boa Vista
common_voice_pt_31460298|Dificilmente pode ser feito sem a ajuda pertinente das administrações públicas.
common_voice_pt_31460299|Quem tem bom vinho, bebe e não dá ao seu vizinho.
common_voice_pt_31460300|Ruína dos titãs
common_voice_pt_31460301|Dias d'Ávila
common_voice_pt_31460302|Você tem que dominá-lo em todos os momentos.
common_voice_pt_31460303|Armazém
common_voice_pt_31460304|São Miguel do Aleixo
common_voice_pt_31460305|Ecoporanga
common_voice_pt_31460306|Chapadão do Lageado
common_voice_pt_31460307|Palmeirópolis
common_voice_pt_32700235|Cotegipe
common_voice_pt_32700246|Nós também tomamos duas caixas de cerveja.
common_voice_pt_32700250|Você acha que pode comer pizza hoje à noite?
common_voice_pt_32700253|O que eu te disse?
common_voice_pt_32700267|Você sabe quem ele é?
common_voice_pt_32700272|Bom vinho é bom latim.
common_voice_pt_32700276|Aprovisionamento de chip
common_voice_pt_32700282|E por que dizemos isso?
common_voice_pt_32700283|Mariluz
common_voice_pt_32700295|Até hoje.
common_voice_pt_32700305|Primavera
common_voice_pt_32700311|Santa Cruz da Conceição
common_voice_pt_32700718|Lagoa do Carro
common_voice_pt_32700719|Guiratinga
common_voice_pt_32700726|Como usar a vírgula
common_voice_pt_32700733|Não importa o que acho, importa o que sei
common_voice_pt_32700734|Cachoeira Paulista
common_voice_pt_32700735|Mirassolândia
common_voice_pt_32700741|Alto Paraíso de Goiás
common_voice_pt_32700750|Encontrariam em suas andanças pelas redondezas
common_voice_pt_32700758|Santa Clara d'Oeste
common_voice_pt_32700761|Uarini
common_voice_pt_32700767|Temos que escrutinar este caso.
common_voice_pt_32700768|Nazário
common_voice_pt_32700781|Os custos da documentação e sua entrega serão responsáveis pelas candidaturas.
common_voice_pt_32700785|Joaçaba
common_voice_pt_32700786|Ufanismo sorrateiro
common_voice_pt_32700787|Lontras
common_voice_pt_32700788|Há quatro carros estacionados na frente da loja.
common_voice_pt_32700799|O trabalho está em algum lugar na França para que ela possa aprender francês.
common_voice_pt_32700805|Jucás
common_voice_pt_32700812|Eu usei este lápis o tempo todo, por isso foi mais curto.
common_voice_pt_32700813|Tambaú
common_voice_pt_33216818|Mente curta tem uma questão de língua.
common_voice_pt_33216819|Baixa Grande
common_voice_pt_33216820|Fazendo o reconhecimento de perímetro
common_voice_pt_33216821|Cotiporã
common_voice_pt_33216822|Era uma vez uma verdade, mas agitava sua ferrugem.
common_voice_pt_33216823|As festas de carnaval incendeiam as ruas da cidade.
common_voice_pt_33216824|Cláudio
common_voice_pt_33216825|Os olhos estão procurando o que o coração gosta.
common_voice_pt_33216826|Autossuficiente na produção de alimentos
common_voice_pt_33216827|Rio dos Cedros
common_voice_pt_33216828|Aspirador de pó
common_voice_pt_33216834|Pelo menos, verifique suas cartas antes de enviá-las.
common_voice_pt_33216835|Janeiro, nem ovelha nem cordeiro.
common_voice_pt_33216841|Vendê-los-ei amanhã na feira de comércio
common_voice_pt_34949417|Na casa ao lado, eles comem frango.
common_voice_pt_34949418|Malhada dos Bois
common_voice_pt_34949428|Aguiarnópolis
common_voice_pt_34949430|Senador Guiomard
common_voice_pt_34949431|Santa Terezinha de Itaipu
common_voice_pt_34949432|Apague esta candeia
common_voice_pt_34949433|Almas
common_voice_pt_34949434|Punição por desacato a servidor público
common_voice_pt_34949439|Coronel Pacheco
common_voice_pt_34949440|Salto da Divisa
common_voice_pt_34949441|Capela
common_voice_pt_34949446|Agora está cortado, parece que há obras.
common_voice_pt_34949448|Canguaretama
common_voice_pt_34949454|Brigas de marido, da mesa à cama.
common_voice_pt_34949455|Figueirão
common_voice_pt_34949456|Igrejinha
common_voice_pt_34949457|Depois de cometer um erro fatal no trabalho, João foi tachado de incompetente.
common_voice_pt_34949458|Lamim
common_voice_pt_34949459|Fênix
common_voice_pt_34949460|Ainda procurando a porta novamente
common_voice_pt_34949466|Caetanos
common_voice_pt_34949472|Ansiou pelo porvir, embora estivesse sem nenhum vintém
common_voice_pt_34949473|Poço de petróleo
common_voice_pt_34949485|Marmeleiro
common_voice_pt_34949486|Mosquito zumbindo, música de violino pequena.
common_voice_pt_34949487|O processo de bolha é exatamente o mesmo.
common_voice_pt_34949498|Juatuba
common_voice_pt_34949499|Olímpio Noronha
common_voice_pt_34949500|Timbó Grande
common_voice_pt_34949501|Nem a casa do Senhor sabe respeito.
common_voice_pt_34949507|Santa Fé de Minas
common_voice_pt_34949508|Resgate de vidas passadas
common_voice_pt_34949509|O velho erro tem mais amigos do que uma nova verdade.
common_voice_pt_34949510|Itacurubi
common_voice_pt_34949511|Papagaios
common_voice_pt_34949512|Acusou o sistema eleitoral de fraude sem demonstrar prova alguma
common_voice_pt_37146333|escrita
common_voice_pt_37146334|Nos casos previstos em lei ou diante de peculiaridades da causa relacionadas à impossibilidade
common_voice_pt_37146335|mandrake, conectiva
common_voice_pt_37146337|pertinentes
common_voice_pt_37146338|Rico de verdade não trabalha, rico vive do trabalho alheio.
common_voice_pt_37146339|Chrome, Safari
common_voice_pt_37146340|às
common_voice_pt_37146341|feito, flagrante delito, impróprio, presumido, apontado, próprio ofendido, presumir, culpabilidade
common_voice_pt_37146342|plágio, plebiscito, constituinte, derivado, constituído, originário
common_voice_pt_37146343|abdominal, insuficiência renal, distúrbio eletrolítico, queimaduras, cíclico
common_voice_pt_37146344|ruinosa, abusiva, desperdiçam, dilapidam, lesar, ilicitude, subtrai, locupletando-se, abusivamente
common_voice_pt_37146345|Frases políticas enriquecem o reconhecimento de voz
common_voice_pt_37146346|mandados
common_voice_pt_37146347|confissão
common_voice_pt_37146348|aplicações financeiras em banco oficial
common_voice_pt_37146349|A imprensa russa Sputnik foi censurada do YouTube, por decisão do governo americano
common_voice_pt_37146350|expedição
common_voice_pt_37146351|serviços
common_voice_pt_37146352|Anti-comunismo, aniquilamento
common_voice_pt_37526505|Faz esse favor pra mim
common_voice_pt_37526506|certificará
common_voice_pt_37526507|oposição, boa-fé, presume, requerer, transcrição, registro de imóveis
common_voice_pt_37526508|limites
common_voice_pt_37526510|Persas, Ciro, Eufrates, acadianos
common_voice_pt_37526512|maria louca, mariquinha, marmotista, marrudo, massa, mato
common_voice_pt_37526518|Revolucionária
common_voice_pt_37526519|instrução-máquina, microcontroladores, mnemônicos, mnemônicas
common_voice_pt_37526520|Tem um cara me seguindo
common_voice_pt_37526521|Ele carregava drogas, fazia o transporte como aviãozinho
common_voice_pt_37526522|sensibilização, dessensibilização, tolerância, pós-sináptico, pré-sináptico
common_voice_pt_37526523|Ele queria matar sua namorada
common_voice_pt_37526524|Ele atirava com um fuzil, rifle, carabina, garrucha, submetralhadora, metralhadora e sniper
common_voice_pt_37526525|Ele sacrificou um bode no altar
common_voice_pt_37526527|irrecorrível
common_voice_pt_37526533|Hebreus, hebreu, pictograma, fonéticos, suméria, migratórios
common_voice_pt_37526534|categorias
common_voice_pt_37526537|absoluta
common_voice_pt_37526541|ruptura, ignição, detonador, detonadores, arrastamento, detonação, incendiários
common_voice_pt_37526542|direito indisponível
common_voice_pt_37526545|Ela preferia cigarro de menta ou mentolado
common_voice_pt_38031051|reformar
common_voice_pt_38031095|Exames necroscópicos como a autópsia, tanatologia, toxicologia são importantes
common_voice_pt_38031096|documentalmente
common_voice_pt_38031132|irreversibilidade
common_voice_pt_38031133|Companhia Industrial de Laticínios do Acre
common_voice_pt_38031134|Bing, Yahoo, Yandex, Baidu
common_voice_pt_38031135|ônus da prova, onus probandi
common_voice_pt_38031137|Boicote, tergiversação, liquidar
common_voice_pt_38031139|Ele tomava bala, doce, anfetaminas, metanfetamina e estava em surto psicótico, tendo muitas alucinações
common_voice_pt_38031140|haveres
common_voice_pt_38031141|Iniciativas de código aberto, como esse projeto, se aproximam do comunismo
common_voice_pt_38031142|Estão me perseguindo! Socorro!
common_voice_pt_38031143|isótopos, hexafluoreto, urânio, reagentes químicos
