common_voice_pt_25186415|Eu fui a sua casa uma centena de vezes.
common_voice_pt_25186416|Parecia um desesperado que finalmente encontrou seus meios de salvação.
common_voice_pt_25186417|Quando me formei no ensino médio
common_voice_pt_25186418|Alexsandro, Jordana, Janderson, Jeovana e Higor
common_voice_pt_25186419|Uma mulher está falando no celular dela lá fora
common_voice_pt_25186440|quantas vezes teremos que repetir as mesmas frases para as aprenderes correctamente
common_voice_pt_25186441|Esse é o senso de honra
common_voice_pt_25186443|Ele é advogado do comando vermelho.
common_voice_pt_25186446|A mulher assina acima em uma tabela durante uma reunião da sociedade do chapéu.
common_voice_pt_25186448|Pedro fechou sua conta do Bradesco.
common_voice_pt_25186463|O Pedro e a Betânia se conheceram no carnaval de Salvador.
common_voice_pt_25186464|Codó
common_voice_pt_25186466|O maquinista prendeu uma mulher que havia evitado a passagem.
common_voice_pt_25186469|Não havia absolutamente nenhuma razão para ela anunciar para toda a empresa.
common_voice_pt_25186471|Luiz pegou a senha do Marcos.
common_voice_pt_25186481|Carmelio Braga Bandeira
common_voice_pt_25186482|Confirme também o ônibus
common_voice_pt_25186483|Eles são gêmeos ou apenas irmãos normais?
common_voice_pt_25186484|Auricelio Soares da Silva
common_voice_pt_25186493|Layla, Rafaeli, Gabrielli, Kauana e Laisla
common_voice_pt_25186495|Aurea Soares de Oliveira
common_voice_pt_25186498|Quantos quilos?
common_voice_pt_25186500|Antônio Romario Souza do Vale
common_voice_pt_25186502|Sua carteira estava cheia de dólares
common_voice_pt_25186511|A caixa foi jogada ao lado do caminhão estacionado.
common_voice_pt_25186512|O santo se chamava Antônio José de Souza.
common_voice_pt_25186513|Pessoa com dois bastões de esqui que esquiam abaixo uma colina nevada
common_voice_pt_25186514|Não achei isso em nenhum site
common_voice_pt_25186519|Zuleide da Silva Nogueira
common_voice_pt_25186521|Participar ativamente de reuniões de bairro
common_voice_pt_25186523|Este robô substitui o antigo e aumenta os benefícios.
common_voice_pt_25186524|Bruno Gomes da Silva
common_voice_pt_25186525|Ela vai perder a cabeça quando descobrir.
common_voice_pt_25186528|Alecio Barreto da Silva
common_voice_pt_25186529|Itaquaquecetuba
common_voice_pt_25186534|Você conhece alguém aqui que cura as doenças das pessoas?, Perguntou o garoto.
common_voice_pt_25186536|Benedito Caetano dos Santos
common_voice_pt_25186538|O Fábio usou milhas da Gol.
common_voice_pt_25186544|Agora ele era um homem
common_voice_pt_25186545|O perito entregou seu laudo em uma semana.
common_voice_pt_25186547|Apenas chorando
common_voice_pt_25186548|Eles não são meus filhos.
common_voice_pt_25186549|O Francisco voou com pontos da American Airlines.
common_voice_pt_25186554|Alzenira Araújo da Silva
common_voice_pt_25186555|O eixo norte estava congestionado.
common_voice_pt_25186556|Atualmente em arbitragem
common_voice_pt_25186557|Alda dos Santos Lira
common_voice_pt_25186558|Entenda o passado e tente não repetir erros no presente e no futuro.
common_voice_pt_25186565|Carmen Almeida da Silva
common_voice_pt_25186566|Carlos Pinto
common_voice_pt_25186568|Enzo Gabriel e Larissa
common_voice_pt_25186569|Como pode haver uma pessoa tão preguiçosa?
common_voice_pt_25186570|Ele grita
common_voice_pt_25186579|Antônio Rodrigues Braz Machado
common_voice_pt_25186580|Terrivel.
common_voice_pt_25186581|Sacramento, em Calafornia, provavelmente terá conexão de alta velocidade em breve.
common_voice_pt_25186582|Como eles conseguiram improvisar em tão pouco tempo? ela nunca saberá.
common_voice_pt_25186584|Agradeço a sua boa vontade.
common_voice_pt_25186590|Você fez as alterações que eu mandei?
common_voice_pt_25186591|Então eles podem economizar um aluguel
common_voice_pt_25186592|Uma criança usando um aspirador de pó no chão da cozinha.
common_voice_pt_25186593|O curso de alemão foi adiado
common_voice_pt_25186594|Elvis, Larissa, Cristian, Enzo, Daniele e Nícolas
common_voice_pt_25186596|Voleibol de praia do jogo de três mulheres.
common_voice_pt_25186597|Mas? mais importante? ele foi capaz todos os dias de viver o seu sonho.
common_voice_pt_25186598|Passos
common_voice_pt_25186599|É isso justamente o que honra a nossa lavoura.
common_voice_pt_25186600|Spotted dick é um clássico pudim britânico.
common_voice_pt_25186614|Mas um deles agarrou o menino e puxou-o para fora do buraco.
common_voice_pt_25186615|Seja generoso quando se trata de remover as folhas das alcachofras.
common_voice_pt_25186616|Por favor,? seja humilde.
common_voice_pt_25186617|O perito legista examinou a criança após a denúncia de estupro.
common_voice_pt_25186618|Você sabia que Muhammad era tão bom no tênis?
common_voice_pt_25186625|Vá agora e volte depois.
common_voice_pt_25186626|Antônio Rozildo Nunes de Souza
common_voice_pt_25186627|Tutóia
common_voice_pt_25186628|O Átila nunca pediu demissão da Via Engenharia.
common_voice_pt_25186629|Alfredo Bezerra da Silva
common_voice_pt_25186633|Uma nota para ser mantida durante todo o seu comprimento.
common_voice_pt_25186634|Mais acessados
common_voice_pt_25186635|Antônio Pinheiro Nery
common_voice_pt_25186637|Como você acha?
common_voice_pt_25186645|A União Europeia tem sido frequentemente criticada pelos seus regulamentos.
common_voice_pt_25186646|Atair Paulo Goncalves
common_voice_pt_25186647|Joguei bola até os dezoito anos
common_voice_pt_25186648|Maria Clara e Rafael
common_voice_pt_25186649|O garoto ofereceu sua garrafa, esperando que o velho o deixasse em paz.
common_voice_pt_25186653|O menino também ficou entristecido porque seu amigo estava em busca de seu destino.
common_voice_pt_25186654|Alzerina Verissimo dos Santos
common_voice_pt_25186655|Mulheres com cabelo longo encaracolado, trabalhando em um computador mac.
common_voice_pt_25186656|Antônio de Souza Ribeiro
common_voice_pt_25186664|Antônio Mesquita Assis
common_voice_pt_25186665|Quanto custa esse notebook?
common_voice_pt_25186666|Apenas encontrando turbulência
common_voice_pt_25186667|Já viajou com a companhia Azul?
common_voice_pt_25186670|Trazendo materiais e tecnologia
common_voice_pt_25186671|Carlos Mendes da Silva
common_voice_pt_25186672|Hoje amanheceu com Sol.
common_voice_pt_25186673|Um homem e uma mulher mostrando uma criança pequena como usar uma arma.
common_voice_pt_25186674|Na alquimia? é chamado a alma do mundo.
common_voice_pt_25186675|Birigui
common_voice_pt_25186676|Eu de repente me tornei muito importante.
common_voice_pt_25186677|O chefe da milícia foi interrogado
common_voice_pt_25186678|disse-lhe que era imprudente
common_voice_pt_25186679|Portel
common_voice_pt_25186682|Um tolo em um vestido não é o mais sábio.
common_voice_pt_25186683|Eu acho que a tradução automática vai melhorar com o tempo.
common_voice_pt_25186684|Antônio da Costa Assis
common_voice_pt_25186685|Calebe de Oliveira Lisboa
common_voice_pt_25186686|A rodovia estava congestionada
common_voice_pt_25186692|Por que você não vai para casa?
common_voice_pt_25186693|Antônio de Souza
common_voice_pt_25186694|Em breve maduro? logo apodrece
common_voice_pt_25186696|Antônio do Rego Fortes
common_voice_pt_25186697|Você pode ler tudo sobre isso nos jornais de lá.
common_voice_pt_25186701|Alan Johnny Freitas de Assis
common_voice_pt_25186702|Pára com isso!
common_voice_pt_25186703|Dois funcionários foram afastados
common_voice_pt_25186704|E Jesus disse, chamarás isto de bolacha e não de biscoito!
common_voice_pt_25186706|Quais são as característivas dessa pintura.
common_voice_pt_25186707|Quem buscou?
common_voice_pt_25186708|Antônio Henrique
common_voice_pt_25186710|Ele tem apoio de uns milicianos.
common_voice_pt_25186711|Aurenilda Freitas de Albuquerque
common_voice_pt_25186712|Dê-me a lista de filmes exibidos à noite no Great Escape Theatres.
common_voice_pt_25186714|Não faça isso!
common_voice_pt_25186715|Andrea, Diogo, Ramon, Vinícius e Nina
common_voice_pt_25186716|Eu peguei o ônibus para a estação.
common_voice_pt_25186717|Vamos ver alguns exemplos fictícios.
common_voice_pt_25186718|Itaguaí
common_voice_pt_25186721|Desde que é uma cidade irmã
common_voice_pt_25186722|Muito bem! Esse é o verdadeiro princípio.
common_voice_pt_25186723|Nós precisamos da sua ajuda!
common_voice_pt_25186724|Joaquim e Rebeca
common_voice_pt_25186725|Retire o hotel e almoce
common_voice_pt_25186727|Antônio José Moura de Melo
common_voice_pt_25186729|Mas há uma guerra tribal? o garoto reiterou.
common_voice_pt_25186730|Antônio Jedean de Amorim Brasil
common_voice_pt_25186731|O asfalto dificulta o escoamento da água.
common_voice_pt_25186732|Henderson estava aceitando.
common_voice_pt_25186734|Uma mulher em uma camisa roxa andando.
common_voice_pt_25186735|a forma de ocultar-se os detalhes
common_voice_pt_25186736|São Sebastião do Paraíso
common_voice_pt_25186737|Antônio Jairo Monteiro da Silva
common_voice_pt_25186738|Santa Isabel do Pará
common_voice_pt_25186744|Indo para a casa do meu tio
common_voice_pt_25186745|homem carregando mochila usa telefone público ao lado do homem sem-teto dormindo.
common_voice_pt_25186746|Ezequiel, Luciana, Lucas, Nara e Clarisse
common_voice_pt_25186747|John e Thomas estavam na mesma sala de aula.
common_voice_pt_25186748|Minha gata está soltando muitos pêlos.
common_voice_pt_25186751|Eu não entendo o que você está falando sobre?, disse o deserto.
common_voice_pt_25186752|Achei que ele fosse traficante.
common_voice_pt_25186753|Cartão pré-pago é uma opção em viagens
common_voice_pt_25186754|Acho que você está certo.
common_voice_pt_25186755|Um cão esverdeado corre através da água por várias pedras grandes.
common_voice_pt_25186758|O valor de Taiwan não está acontecendo em Taiwan.
common_voice_pt_25186759|O coração quer o que o coração quer.
common_voice_pt_25186760|Alderlene dos Santos Souza Vilanova
common_voice_pt_25186761|Inclui fornecimento e instalação de ancoragens, suportes de cabos.
common_voice_pt_25186762|Nova Lima
common_voice_pt_25186763|Acenderam fogos de artifício no ano novo.
common_voice_pt_25186764|Antônio Ponciano da Silva
common_voice_pt_25186765|Há também vinícolas nas proximidades.
common_voice_pt_25186766|Vamos fazer uma selfie juntos?
common_voice_pt_25186767|Ele se interessou por pintar? desenhando? e fotografia antes de encontrar sua verdadeira paixão.
common_voice_pt_25186768|O blog do jornalista é um dos mais acessados
common_voice_pt_25186769|Uma criança senta-se em frente a um prato de melancia e morangos.
common_voice_pt_25186770|Sua conexão com a internet era muito lenta.
common_voice_pt_25186771|Disseram que ele é um corno.
common_voice_pt_25186772|Arleide Andrade da Silva
common_voice_pt_25186778|O trem é provavelmente a melhor maneira de chegar lá.
common_voice_pt_25186779|E quanto mais breve melhor.
common_voice_pt_25186780|Guaratinguetá
common_voice_pt_25186781|Três homens desfrutando de álcool e comida.
common_voice_pt_25186782|Raqueli, Kamily, Naeli, Kaun e Kailaine
common_voice_pt_28646484|Para o desempenho e avaliação deste teste, o Tribunal terá consultores especializados.
common_voice_pt_28646485|Um agricultor esperto dedica seu melhor grão para semear.
common_voice_pt_28646486|É um quadro de rinite associado a sinusite
common_voice_pt_28646487|Somos uma das entidades aderidas à iniciativa e colaboramos em sua divulgação.
common_voice_pt_28646488|Óleo de coco tem propriedades fungicidas e bactericidas
common_voice_pt_28646502|Se você tem medo de toda besta, deve ter cuidado com o ser humano.
common_voice_pt_28646503|Você quer se encontrar em janeiro? Olhe para a amendoeira.
common_voice_pt_28646504|Em outubro a brisa, o frio, o tempo ensolarado de janeiro.
common_voice_pt_28646505|As vidas humanas decorrem da mesma íntima inconsciência que as vidas dos animais.
common_voice_pt_28646506|Taxonomia e sistemática
common_voice_pt_28646513|Lajeado Grande
common_voice_pt_28646515|São auxiliares no tratamento quimioterápico
common_voice_pt_28646516|Se a neblina da grama, a chuva com certeza.
common_voice_pt_28646517|O rodaque de chita, veste caseira e leve, parecia nele uma casaca de cerimônia.
common_voice_pt_33641891|visando à formação de uma comunidade latino-americana de nações.
common_voice_pt_33641894|não haverá juízo ou tribunal de exceção;
common_voice_pt_33641896|O exercício do candidato será anulado se for excluído.
common_voice_pt_33641911|a soberania dos veredictos;
common_voice_pt_33641912|Vai ouvir uma ação bonita.
common_voice_pt_33641914|a lei penal não retroagirá, salvo para beneficiar o réu;
common_voice_pt_33641923|Quem ama o casamento antes do casamento não tem mais nada para a lei.
common_voice_pt_33641931|O técnico da seleção já foi escolhido
common_voice_pt_33641932|cooperação entre os povos para o progresso da humanidade;
common_voice_pt_33641933|Quando é a hora do almoço em sua casa de interesse?
common_voice_pt_33641935|Para a pena e a canção você conhecerá o burro.
common_voice_pt_33641946|O inglês era a língua materna porque a mãe não sabia falar a língua.
common_voice_pt_33641947|Todo brasileiro em situação de vulnerabilidade social terá direito a uma renda básica familiar
common_voice_pt_33641950|todos podem reunir-se pacificamente, sem armas, em locais abertos ao público
common_voice_pt_33641956|fundo de garantia do tempo de serviço;
common_voice_pt_33641957|Se escrevo o que sinto é porque assim diminuo a febre de sentir.
common_voice_pt_33641958|cuidar da saúde e assistência pública, da proteção e garantia das pessoas com deficiência
common_voice_pt_33641959|Esteve ligado a organizações paramilitares
common_voice_pt_33641960|era obra modesta, mas exigia documentos e datas
common_voice_pt_33641966|Abaixe ambos quando eles emitem números.
common_voice_pt_33641967|é assegurado aos presos o respeito à integridade física e moral;
common_voice_pt_33641968|A leitura promove o enriquecimento vocabular
common_voice_pt_33641969|Primeira consideração
common_voice_pt_33641970|Você é um visitante e vamos tratá-lo bem.
common_voice_pt_33641976|Dói o remédio no nome.
common_voice_pt_33641979|reunidos em Assembleia Nacional Constituinte para instituir um Estado Democrático
common_voice_pt_33641981|Deixará de existir por causa do escravo ou do mestre.
common_voice_pt_33641991|formada pela união indissolúvel dos Estados e Municípios e do Distrito Federal
common_voice_pt_33642001|garantindo-se aos brasileiros e aos estrangeiros residentes no país a inviolabilidade do direito
common_voice_pt_33642002|Ela não comeu sem trabalho.
common_voice_pt_33642003|A jogadora surpreendeu a torcida na comemoração
common_voice_pt_33642004|A inveja é a punição mais severa da inveja.
common_voice_pt_33642005|não há crime sem lei anterior que o defina, nem pena sem cominação legal
common_voice_pt_33642008|suporte para alunos que apresentam necessidades educacionais especiais
common_voice_pt_33642009|O conceito de tempo geológico é uma ideia norteadora em todo o núcleo.
common_voice_pt_33642010|Em janeiro, casamentos de gatos e marrameus nos telhados.
common_voice_pt_33642011|Bons exemplos e testemunhos
common_voice_pt_33642012|sistema monetário e de medidas, títulos e garantias dos metais;
common_voice_pt_33642013|Teste específico para demonstrar conhecimento de idioma.
common_voice_pt_33642014|Denunciada por um suposto caso de espionagem industrial
common_voice_pt_33642015|O código é usado quando os segredos são enviados.
common_voice_pt_33642021|Da experiência deriva o contraste
common_voice_pt_33642022|Eram líderes navegantes
common_voice_pt_33642025|As conversações de paz começam esta semana.
common_voice_pt_33642026|Abreviação de marcação para hipertexto
common_voice_pt_33642027|Me diga uma coisa, quem foi o primeiro, Extremadura ou o Brasil?
common_voice_pt_33642029|ninguém será obrigado a fazer alguma coisa senão em virtude de lei
common_voice_pt_33642036|ninguém poderá ser compelido a associar-se ou a permanecer associado
common_voice_pt_33642040|Sistema de posicionamento global
common_voice_pt_33642046|Só que há um por cento contra isso, a invenção é descartada.
common_voice_pt_33642047|Fogaréu é uma festa tradicional de Goiás
common_voice_pt_33642048|Comissão decide de maneira unânime pela cassação
common_voice_pt_33642050|Ansiavam por um novo governo que não desvalorizasse a vida humana
common_voice_pt_33642051|Governo aberto, transparência e dados abertos no Conselho Municipal de El Prat.
common_voice_pt_33642052|O advogado tem que pagar.
common_voice_pt_33642054|autodeterminação dos povos; não-intervenção; repúdio ao terrorismo e ao racismo;
common_voice_pt_33642055|Melcior correspondia a esse desdém com profunda antipatia.
common_voice_pt_33642066|Todos são iguais perante a lei, sem distinção de qualquer natureza
common_voice_pt_33642067|Presidente Vargas
common_voice_pt_33642068|Sua fruta, tendo uma grande competição no verão, não tem aceitação.
common_voice_pt_33642069|a lei punirá qualquer discriminação atentatória dos direitos e liberdades fundamentais;
common_voice_pt_33642072|todos os dias me conhecem com o convívio e a fala
common_voice_pt_33642073|Recebeu um presente de grego
common_voice_pt_33642075|Inquérito Populacional Activo.
common_voice_pt_33642086|Nomeação municipal é orientação profissional
common_voice_pt_33642087|Deixe o local de trabalho sem justa causa, mesmo que por pouco tempo.
common_voice_pt_33642089|O pescador perfeito, em setembro, pega sua alça e lança seu artete.
common_voice_pt_33642096|ninguém será privado de direitos por motivo de crença religiosa
common_voice_pt_33642099|Em abril, conservatórios profissionais vão publicar a chamada para testes nos quadros de avisos.
common_voice_pt_33642105|é inviolável a liberdade de consciência e de crença
common_voice_pt_33642122|Pense no excesso de tangerinas e laranjas grossas com carne fria e assada.
common_voice_pt_33642123|Tece sinergias entre os atores envolvidos.
common_voice_pt_33642124|No entanto, é avisado que ambos os recursos não podem ser interpostos simultaneamente.
common_voice_pt_33642125|salvo por ordem judicial, nas hipóteses e na forma que a lei estabelecer
common_voice_pt_33642133|Participou do reforço escolar
common_voice_pt_33642135|Escutara o clamor da base eleitoral
common_voice_pt_33642136|Obter uma codificação correta do computador da geminada ela.
common_voice_pt_33642139|Outrora e outrossim
common_voice_pt_33642142|Ostentando gasolina e gás
common_voice_pt_33642145|Trouxe o gabinete paralelo de volta ao foco
common_voice_pt_33642146|é assegurado o direito de resposta, proporcional ao agravo
common_voice_pt_33642148|O material é de alta qualidade e francamente recomendado.
common_voice_pt_33642149|Viciada em perder
common_voice_pt_33642150|Eu perdi o comando dos últimos quatro.
common_voice_pt_33642151|E, além disso, esse é um recurso que não é facilmente imitado pela concorrência.
common_voice_pt_33642152|Escoteiros em uma reunião estão com educação ruim.
common_voice_pt_33642153|Selecionou o zagueiro, o atacante e o goleiro
common_voice_pt_33642154|Todos os dias, empresas e profissionais prestam serviços e realizam desenvolvimentos graças a ele.
common_voice_pt_33642161|O Brasil se submete à jurisdição do Tribunal Penal Internacional
common_voice_pt_33642164|Campo de extração de carvão mineral
common_voice_pt_33642165|A autoridade motora passa e eu nunca os vi perturbados por aquela vegetação luxuosa.
common_voice_pt_33642171|Marcadores definitivos das incongruências simplórias
common_voice_pt_33642175|Curvas de velocidade e curvas de intensidade de velocidade.
common_voice_pt_33642181|Os candidatos fornecerão as ferramentas necessárias para o desenvolvimento do teste.
common_voice_pt_33642184|O preço de venda é de vinte euros e inclui os custos de envio.
common_voice_pt_33642185|As calças cujos bolsos estão furados precisam ser consertadas.
common_voice_pt_33642191|Já incorporamos centenas de palavras sugeridas dessa maneira, previamente filtradas e verificadas.
common_voice_pt_33642194|Tesouro de um sobrinho, ele é carregado pela torre ou queimado pelo fogo.
common_voice_pt_33642201|O inverno ruim, da primavera faz governo.
common_voice_pt_33642202|ninguém será submetido a tortura nem a tratamento desumano ou degradante;
common_voice_pt_33642203|A tabela mostra algumas realidades importantes.
common_voice_pt_33642204|A boca inflama o fogo, mas, se você preferir, desliga.
common_voice_pt_33642211|Lorotas foram ditas na comissão
common_voice_pt_33642212|Às vezes eles se identificam com seus próprios interesses, bem pode ser.
common_voice_pt_33642213|Segundo a visão, o preço.
common_voice_pt_33642214|é assegurado a todos o acesso à informação e resguardado o sigilo da fonte
common_voice_pt_33642221|Quem é para cuidar de outra pessoa, ele tem o suficiente para lidar.
common_voice_pt_33642223|toda atividade nuclear em território nacional somente será admitida para fins pacíficos
common_voice_pt_33642225|Também é importante conter espécies ameaçadas de flora nos Pireneus catalães.
common_voice_pt_33642227|a pequena propriedade rural, desde que trabalhada pela família
common_voice_pt_33642228|Igrejas vazias de guerra e cemitérios completos.
common_voice_pt_33642229|constitui-se em Estado Democrático de Direito
common_voice_pt_33642230|O bilhete da temporada corresponde ao do Natal durante o mês de dezembro.
common_voice_pt_33642232|A Academia tem um laboratório chave nacional para a engenharia marinha.
common_voice_pt_33642233|direito tributário, financeiro, penitenciário, econômico e urbanístico;
common_voice_pt_33642234|Investimento direto estrangeiro
common_voice_pt_33642235|têm acesso aos diferentes conteúdos curriculares
common_voice_pt_33642238|mediante justa e prévia indenização em dinheiro
common_voice_pt_33642239|Aqui vivemos uma explosão de burguesia com aspirações.
common_voice_pt_33642240|desde que não frustrem outra reunião anteriormente convocada para o mesmo local
common_voice_pt_33642246|A verdade não precisa de muitas palavras, nunca é suficiente para uma mentira.
common_voice_pt_33642249|O projeto planeja instalar um sistema de bombeamento na cidade de Rabós.
common_voice_pt_33642305|Discutiu e foi desaforada na frente do promotor
common_voice_pt_33642306|Restauração de sessões.
common_voice_pt_33642307|A produção industrial encontra-se estagnada
common_voice_pt_33642308|Eles também precisam experimentar o nível sanguíneo até oito vezes por dia.
common_voice_pt_33642309|a casa é asilo inviolável do indivíduo, ninguém nela podendo penetrar sem consentimento
common_voice_pt_33642315|O que, basicamente, é um problema político, e a tecnologia também está envolvida aqui.
common_voice_pt_33642316|Há também casos que demonstram medos e relutância gerados pela colaboração dos cidadãos.
common_voice_pt_33642317|A modificação proposta não implica uma modificação significativa do planejamento atual.
common_voice_pt_33642318|E outros, de natureza semelhante, que podem ser atribuídos a ele.
common_voice_pt_33642319|A polícia agiu com truculência
common_voice_pt_33642327|Cartões ruins devido ao usuário não darão direito a troca ou compensação.
common_voice_pt_33642328|Todo o poder emana do povo, que o exerce por meio de representantes eleitos
common_voice_pt_33642329|Verás que um filho teu não foge à luta
common_voice_pt_33642331|Igreja, mar ou casa real, se você quer riqueza.
common_voice_pt_33642332|O tribunal pode manter uma conversa em catalão.
common_voice_pt_33642333|Esses impactos são temporários e terminam quando a fase de trabalho termina.
common_voice_pt_33642334|Não permitiremos vossos regressos
common_voice_pt_33642350|Adota-se o ensino fragmentado ou o ensino por projetos?
common_voice_pt_33642351|O proletariado se revoltará contra a burguesia
common_voice_pt_33642358|prevalência dos direitos humanos;
common_voice_pt_33642359|Tendemos a ignorar este aspecto
common_voice_pt_33642360|O olhar para o aluno é individualizado?
common_voice_pt_33642361|A astúcia artificial deste gerador de paráfrase é tão sofisticada
common_voice_pt_33642362|É a única maneira de usá-lo com o Word.
common_voice_pt_33642363|A água silenciosa das encostas.
common_voice_pt_33642364|a plenitude de defesa;
common_voice_pt_33642365|Margens de escavação, você não definiu nada sobre ele.
common_voice_pt_33642366|Ciências biológicas e biomédicas
common_voice_pt_33642367|Exercícios que beneficiam cada grupo muscular e articulam aqueles que compõem a coluna.
common_voice_pt_33642373|sistemas de poupança, captação e garantia da poupança popular;
common_voice_pt_33642374|Para os pulmões e a doença lateral, você tem uma nádega coberta.
common_voice_pt_33642376|seguro-desemprego, em caso de desemprego involuntário;
common_voice_pt_33642377|o direito de fiscalização do aproveitamento econômico das obras que criarem
common_voice_pt_33642390|Engajada nas causas e lutas sociais
common_voice_pt_33642391|O papel de Santa Teresa também será um fator determinante na arquitetura carmelita.
common_voice_pt_33642392|O novo modelo estrutural aqui preconizado
common_voice_pt_33642393|Foi sorteado para viajar ao espaço
common_voice_pt_33642394|Tuas observações me intrigam
common_voice_pt_33642395|Há também um gemido, que representa a relação dessa população com a ferrovia.
common_voice_pt_33642396|Pactos infringem leis.
common_voice_pt_33642397|Atualmente, facilita as soluções de controle de controle de código com sucesso notável.
common_voice_pt_33642400|Agora, nada pode prever tal revolução, nenhum sinal anuncia.
common_voice_pt_33642402|nenhuma pena passará da pessoa do condenado
common_voice_pt_33642403|Governa apenas para os empresários e a classe política
common_voice_pt_33642406|O camping pode ser realizado nas áreas de lazer que aceitam esse uso.
common_voice_pt_33642407|que parece não ser mais que um instinto em formação
common_voice_pt_33642408|Parece ser relativamente lotado nos dias de semana.
common_voice_pt_33642409|Aos portugueses com residência permanente no país serão atribuídos os direitos inerentes ao brasileiro
common_voice_pt_33642410|Se quiser dar o golpe, terá que dar sozinho
common_voice_pt_33642411|O alicate fica ao lado do gelo.
common_voice_pt_33642412|Elaborar o sistema de auditoria do modelo de acreditação.
common_voice_pt_33642413|É livre a associação profissional ou sindical
common_voice_pt_33642414|No entanto, a vida é escolaridade, o tempo corre.
common_voice_pt_33642415|Expectativas com a saída da chanceler alemã
common_voice_pt_33642417|Ontem fui chamado para uma conversa à parte com minha chefe.
common_voice_pt_33642423|Da mesma forma, as escavações arqueológicas são consideradas pesquisas arqueológicas.
common_voice_pt_33642424|Proselitismo religioso
common_voice_pt_33642425|Já verificou sua situação eleitoral?
common_voice_pt_33642426|Foi classificada para a mostra de talentos
common_voice_pt_33642428|E penso se a minha voz não encarna a substância de milhares de vozes
common_voice_pt_33642429|garantir o desenvolvimento nacional;
common_voice_pt_33642430|Nossas armas curtas não têm pompa no mundo.
common_voice_pt_33642431|O trabalho está voltando.
common_voice_pt_33642432|Afirmo que um movimento perceptível é visivelmente visível.
common_voice_pt_33642433|É aqui que começa a segunda declaração, a das intenções.
common_voice_pt_33642434|Desarmou o revólver
common_voice_pt_33642435|não amparado por "habeas-corpus" ou "habeas-data"
common_voice_pt_33642436|Na residência, os Tites sempre montaram muitos atos com pouca repercussão.
common_voice_pt_33642438|Estimamos o recurso interposto pelo senhor José Velasco Santamaría.
common_voice_pt_33642439|Violência me tranquiliza.
common_voice_pt_33642440|Quem com a espada mata, morre da espada.
common_voice_pt_33642441|Treinamento de voz e técnicas robóticas
common_voice_pt_33642443|A decisão de arbitragem não está sujeita a recurso posterior.
common_voice_pt_33642448|Data de resolução: quinze de quinze de dois mil e seis.
common_voice_pt_33642449|não será concedida extradição de estrangeiro por crime político ou de opinião;
common_voice_pt_33642450|A mesma política e a indústria não aguentam.
common_voice_pt_33642451|Não cumprirei ordem ilegal
common_voice_pt_33642452|Traduzirão invariavelmente todas as objeções
common_voice_pt_33642453|De agora em diante não há desculpa para não escrever corretamente.
common_voice_pt_33642454|A fita vermelha rodeava a comida de contrabando.
common_voice_pt_33642455|Outros que queriam esvaziar a Albufera transformando a água em campos!
common_voice_pt_33642456|José Dias deixou-se estar calado, suspirou e acabou confessando que não era médico.
common_voice_pt_33642459|E nem adianta explicar para o digníssimo.
common_voice_pt_33642460|Pintura terapêutica
common_voice_pt_33642463|O que é o clima do tempo?
common_voice_pt_33642465|Independentemente da nossa idade, todos podemos precisar do apoio da família em algum momento.
common_voice_pt_33642466|A redução da maioridade penal não conduziu à redução da violência
common_voice_pt_33642467|Misericórdia. Se não sabe escrever em português, não submeta sentenças.
common_voice_pt_33642468|Visitantes, usuários e usos dos principais serviços são oferecidos atualmente, como o tradutor.
common_voice_pt_33642469|salvo se as invocar para eximir-se de obrigação legal a todos imposta
common_voice_pt_33642470|Programar e executar, quando apropriado, as tarefas de conservação de edifícios e instalações.
common_voice_pt_33642471|A resolução pode ser contestada da maneira determinada na base oito.
common_voice_pt_33642472|As motivações dos programadores de software livre são muito diversas.
common_voice_pt_33642473|Suspenso, enquanto dura a situação de suspensão de funções.
common_voice_pt_33642474|Você não precisa enviar as publicações mencionadas no modelo de currículo.
common_voice_pt_33642475|Notemos, contudo, que não trata da harmonia na linha dos tratados históricos tradicionais.
common_voice_pt_33642476|Exemplificando atitudes de abnegação
common_voice_pt_33642477|Ela é agora um cidadão australiano.
common_voice_pt_33642486|Bem comovente esta interpretação
common_voice_pt_33642487|A lista de finalistas detalhada será anunciada no dia da cerimônia de premiação.
common_voice_pt_33642488|Amostragem estatística
common_voice_pt_33642489|Descanse na norma mais básica de equilíbrio entre natureza e tempo equinocial.
common_voice_pt_33642491|Para demiurgo, o universo sensível tem a textura de uma teia molhada.
common_voice_pt_33642492|De vez em quando eu sentia lágrimas de infância: embriaguez, nervosismo e malícia.
common_voice_pt_33642502|Inclui todos os elementos fornecidos pelo fabricante para a instalação correta.
common_voice_pt_33642504|Um ambiente silencioso é mais propício para os estudos.
common_voice_pt_33642507|Sotaques e regionalismos característicos
common_voice_pt_33642511|ou de convicção filosófica ou política
common_voice_pt_33642512|Tenho fome da extensão do tempo, e quero ser eu sem condições.
common_voice_pt_33642518|Eu não posso clonar este repositório git.
common_voice_pt_33642520|Os alunos implicaram com a professora nova.
common_voice_pt_33642521|Aries assustou as crianças da escola.
common_voice_pt_33642522|Imediatamente sentiu que fez um grande desserviço.
common_voice_pt_33642528|A era do capitalismo de vigilância
common_voice_pt_33642529|Havia alguns agravantes na apreciação do mérito
common_voice_pt_33642530|Como esperado, com todos esses números, o estoque habitacional, especialmente no país valenciano, disparou.
common_voice_pt_33642531|Nem teme, quem te adora, à própria morte
common_voice_pt_33642532|Tratou-se de uma ocorrência deveras inusitada
common_voice_pt_33642533|Você está hoje ou aqui para eu vir comigo por cinco minutos?
common_voice_pt_33642534|Prestaram socorro àquela pessoa imediatamente.
common_voice_pt_33642536|Coisas que pessoas deprimidas fazem
common_voice_pt_33642537|A Softcatalà está traduzindo suas páginas para o nosso idioma.
common_voice_pt_33642543|Onde isso poderia ser meu cachimbo?
common_voice_pt_33642544|Para que serve a suplementação com iodo e iodeto?
common_voice_pt_33642545|Se você não ganhou dinheiro por quarenta anos, nos anos sessenta não fará nada.
common_voice_pt_33642546|A comoção crescia de minuto a minuto.
common_voice_pt_33642547|Quem quer servir dois amigos, com um ou outro não será capaz de cumprir.
common_voice_pt_33642549|De um povo heroico o brado retumbante
common_voice_pt_33642550|A guerra traz um tesouro e os faz cem vezes na miséria.
common_voice_pt_33642552|o civilmente identificado não será submetido a identificação criminal
common_voice_pt_33642553|Paz no futuro e glória no passado
common_voice_pt_33642565|Quem está aprovando sentenças gramaticalmente incorretas ao Common Voice, está fazendo errado.
common_voice_pt_33642566|Os cogumelos que carregam a vagem, quando trabalham, vão funcionar.
common_voice_pt_33642567|Para que prossigamos com a análise das comorbidades
common_voice_pt_33642573|Ouça, o que é esse dispositivo?
common_voice_pt_33642575|Temos que examinar cuidadosamente este caso.
common_voice_pt_33642576|Dos crimes contra a administração pública.
common_voice_pt_33642577|O telhado sob os alpendres repelia e expandia as vozes dos compradores.
common_voice_pt_33642589|O prejuízo causado aos brasileiros é inestimável
common_voice_pt_33642590|Eles também devem suportar os desconfortos que podem ocorrer durante a colocação das placas.
common_voice_pt_33642591|Quando você empurra a flecha para a verdade, ela mergulha sua ponta no mel.
common_voice_pt_33642603|O tempo que temos que viver reduz muitos problemas à simplificação.
common_voice_pt_33642605|a propriedade atenderá a sua função social
common_voice_pt_33642606|Outras tarefas para desenvolvimento fora da sala de aula que reforçam o aprendizado.
common_voice_pt_33642613|Na medida em que sofrem mais com as oscilações de temperatura a cada estação
common_voice_pt_33642614|Novo Acordo Ortográfico da Língua Portuguesa
common_voice_pt_33642616|Incluem essas transformações ou reformas que ajudam a evitar obstáculos e facilitam a mobilidade.
common_voice_pt_33642618|A poesia é, em princípio, a arte de escrever em versos.
common_voice_pt_33642633|Para estancar a sangria
common_voice_pt_33642634|Os brasileiros foram feitos de cobaias um par de vezes
common_voice_pt_33642635|É necessário distinguir bem entre esses tipos de idéias.
common_voice_pt_33642642|Borrife um pouco do perfume em seu pulso
common_voice_pt_33642643|Ações de prevenção ao suicídio e cuidado com a saúde mental
common_voice_pt_33642644|O estádio é agora o lar da Associação Nacional de basquetebol.
common_voice_pt_33642645|Geladeira, frigorífico ou freezer
common_voice_pt_33642646|Morreu por asfixia acidental
common_voice_pt_33642653|Fatores psicológicos que afetam o estado físico.
common_voice_pt_33642655|Para escolher os representantes, basta pagar um imposto.
common_voice_pt_33642656|Ele continuou até o fim, apoiando seu braço por seus discípulos.
common_voice_pt_33642659|Os hóspedes virão para casa de nós.
common_voice_pt_33642663|É um termo que não está devidamente dicionarizado
common_voice_pt_33642669|Inclinando-se para fora da janela, ele tirava fotos.
common_voice_pt_33642670|Assistência a reuniões do conselho escolar de professores e professores que ainda são membros.
common_voice_pt_33642671|Cometeu suicídio político
common_voice_pt_33642672|Traríamos menos do que o que fora insuficiente
common_voice_pt_33642673|Ouse educar para um viés questionador
common_voice_pt_35623739|imediatamente aos processos em curso, respeitados os atos processuais
common_voice_pt_35623740|cláusula de eleição de foro exclusivo
common_voice_pt_35623741|A Questão Camponesa em França e na Alemanha
common_voice_pt_35623742|o agregado, o colono e o assalariado, todos sofrem cada vez mais
common_voice_pt_35623743|polícia militar, do exército, da marinha, da aeronáutica
common_voice_pt_35623745|as terríveis dificuldades da luta pela libertação
common_voice_pt_35623746|não induz litispendência e não obsta a que a autoridade judiciária brasileira
common_voice_pt_35623752|transição pacífica ao socialismo
common_voice_pt_35623754|o pedido de auxílio direto passivo
common_voice_pt_35623774|Glosas Marginais ao Manual de Economia Política
common_voice_pt_35623777|a composição da sociedade dedicada à produção de valores materiais
common_voice_pt_35623780|todas as frações dos revolucionários para a conquista da liberdade política
common_voice_pt_35623782|O interesse do autor pode limitar-se à declaração:
common_voice_pt_35623783|estará, antes de tudo, a serviço dos interesses da burguesia
common_voice_pt_35623789|O Golpe de Estado da Contra-Revolução
common_voice_pt_35623790|às formas industriais da exploração do trabalho
common_voice_pt_35623791|particularmente o monopólio da terra
common_voice_pt_35623795|juízes
common_voice_pt_35623804|Notícias de São Petersburgo
common_voice_pt_35623806|A Nacionalização da Terra
common_voice_pt_35623807|monopólios norte-americanos
common_voice_pt_35623808|Socialismo Continental
common_voice_pt_35623824|Que cor estranha pra um cérebro.
common_voice_pt_35623825|ressalvadas as disposições específicas previstas
common_voice_pt_35623826|torrente naturalista
common_voice_pt_35623827|a atual guerra econômica dispersa dos operários
common_voice_pt_35623828|a fase superior de desenvolvimento do capitalismo, a grande indústria mecânica
common_voice_pt_35623839|dadas as relações de produção existentes, o único resultado de todos estes progressos
common_voice_pt_35623841|uma opinião abstrata e um tanto vaga
common_voice_pt_35623848|Renuncio formalmente a meus cargos no Partido
common_voice_pt_35623853|envolvem a agricultura e a indústria extrativa
common_voice_pt_35623855|Conhecimento do Terreno
common_voice_pt_35623858|Luiz Carlos Prestes
common_voice_pt_35623859|instalar pequenas fábricas que exigem muitos trabalhadores
common_voice_pt_35623860|também disponível no formato ePub
common_voice_pt_35623871|grande submissão do país
common_voice_pt_35623874|A Logística do Guerrilheiro Urbano
common_voice_pt_35623876|com cisões e traições que se repetem, com divisões e subdivisões
common_voice_pt_35623884|fazer avançar realmente toda a massa
common_voice_pt_35623886|A pendência de causa perante a jurisdição
common_voice_pt_35623889|Para a História da Liga dos Comunistas
common_voice_pt_35623891|entre todos os povos policiados
common_voice_pt_35623893|ainda que tenha ocorrido a violação do direito.
common_voice_pt_35623894|não lhes permite unir-se
common_voice_pt_35623896|postular em juízo é necessário ter interesse e legitimidade.
common_voice_pt_35623897|Salário, preço e lucro
common_voice_pt_35623898|pseudo-democratas, ex-oposicionistas
common_voice_pt_35623907|à exigência de conceder todos os direitos civis aos camponeses
common_voice_pt_35623909|oprime
common_voice_pt_35623917|substituição processual, o substituído poderá intervir
common_voice_pt_35623920|ressalvadas as disposições em contrário
common_voice_pt_35623921|Carlos Marighella
common_voice_pt_35623922|A dialética permite resgatar o que é bom e desprezar aquilo que é ruim
common_voice_pt_35623923|devolução aos camponeses da terra que lhes havia sido arrebatada
common_voice_pt_35623930|As guerras camponesas na Alemanha
common_voice_pt_35623931|Entesouramento
common_voice_pt_35623934|demagogia
common_voice_pt_35623945|ambígua
common_voice_pt_35623946|a reestruturação está consolidada internamente?
common_voice_pt_35623948|decisão de mérito justa e efetiva.
common_voice_pt_35623949|sobre processos administrativos ou jurisdicionais findos ou em curso;
common_voice_pt_35623955|os restos da independência nacional
common_voice_pt_35623957|Suas concepções sobre o Direito Natural
common_voice_pt_35623958|A Burguesia e a Contra-Revolução
common_voice_pt_35623959|enquanto à multidão esfomeada falta o necessário
common_voice_pt_35623971|O processo começa por iniciativa da parte e se desenvolve por impulso oficial
common_voice_pt_35623972|negociatas
common_voice_pt_35623973|o julgamento de recursos repetitivos ou de
common_voice_pt_35623974|A produção da mais-valia absoluta
common_voice_pt_35623985|anticomunismo
common_voice_pt_35623986|ditadura de senhores de terras, grandes industriais
common_voice_pt_35623988|a mercadoria surgiu-nos como algo biface: valor de uso e valor de troca
common_voice_pt_35623989|defensores da ordem atual de coisas não podem impedir que o pensamento
common_voice_pt_35624001|uma sólida tradição materialista
common_voice_pt_35624002|qualquer outra medida judicial ou extrajudicial não proibida pela lei brasileira.
common_voice_pt_35624003|deve estar atento, sobretudo, às realidades particulares
common_voice_pt_35624004|A Futura Revolução Italiana e o Partido Socialista
common_voice_pt_35624015|tiver sua sentença ou acórdão anulado
common_voice_pt_35624016|Os dois pólos da expressão de valor: forma-valor relativa e forma de equivalente
common_voice_pt_35624018|Estados da Federação
common_voice_pt_35624023|falta de direitos dos camponeses como causa da expropriação e exploração destes
common_voice_pt_35624039|Resgate de Feridos
common_voice_pt_35624040|todos os marxistas
common_voice_pt_35624042|continuarem a receber as migalhas que o imperialismo norte-americano lhes lança da festa
common_voice_pt_35624043|Terrorismo
common_voice_pt_35624049|preconceitos teóricos estabelecidos
common_voice_pt_35624050|Gorbachev
common_voice_pt_35624054|e defende a volta ao estado natural, sob novas formas
common_voice_pt_35624058|se nesta última reina e governa o capitalista
common_voice_pt_35624062|Aplica-se à hipótese do caput o
common_voice_pt_35624074|às hipóteses de tutela da evidência previstas no
common_voice_pt_35624075|expropriação dos expropriadores
common_voice_pt_35624076|ou de improcedência liminar do pedido
common_voice_pt_35624078|pelos representantes das velhas ideias, assustados ante o crescimento do marxismo
common_voice_pt_35624097|tanto os governantes pessedistas como os udenistas
common_voice_pt_35624100|se deixaram tranquilamente levar pelas ilusões reformistas
common_voice_pt_35624102|O camarada Trótski disse já tudo o que é essencial
common_voice_pt_35624104|A Contra-Revolução em Berlim
common_voice_pt_35624125|Princípios Básicos do Comunismo
common_voice_pt_35624127|Eles ocultam o antagonismo das modernas relações econômico-sociais
common_voice_pt_35624129|Se não dais crédito a essas frases ribombantes
common_voice_pt_35624141|contra o absolutismo, o regime de castas e a burocracia
common_voice_pt_35624142|velha doutrina do particularismo russo
common_voice_pt_35624143|A Crise Ministerial
common_voice_pt_35624145|Carta a Engels
common_voice_pt_35624146|sobreproduto
common_voice_pt_35624158|A Questão Judaica
common_voice_pt_35624159|que são capazes de derrotar o capitalismo
common_voice_pt_35624161|Cara, ela não tem nada a ver com essa história.
common_voice_pt_35624179|ameaça estratégica
common_voice_pt_35624180|de conclusão para proferir sentença ou acórdão
common_voice_pt_35624182|Conversão das leis de propriedade da produção de mercadorias em leis da apropriação capitalista
common_voice_pt_35624198|da linha comunista chinesa
common_voice_pt_35624199|Carta ao Parlamento do Trabalho
common_voice_pt_35624200|única medida capaz de esfacelar definitivamente a nobreza latifundiária
common_voice_pt_35624201|Expropriação do povo do campo da terra
common_voice_pt_35624205|além dos limites desta solidariedade começava o mais agudo antagonismo
common_voice_pt_35624213|à efervescência que existe nesta região do mundo
common_voice_pt_35624214|juntem-se a luta agora
common_voice_pt_35624215|com grande desigualdade de desenvolvimento econômico
common_voice_pt_35624216|o forçado congelamento de salários
common_voice_pt_35624219|Nossos radicais e liberais não só negam este fato
common_voice_pt_35624239|não teriam senão que florescer com maior rapidez e amplitude
common_voice_pt_35624240|os países de moeda não arbitrável da área da libra esterlina e batem-se
common_voice_pt_35624241|Divisão do trabalho
common_voice_pt_35624242|em consequência da desvalorização da moeda, dos impostos indiretos
common_voice_pt_35624243|Objetivos das Ações de Guerrilha Urbana
common_voice_pt_35624254|clandestina
common_voice_pt_35624256|leninismo
common_voice_pt_35624259|que adianta explicar aos operários a forma do valor, a essência do regime burguês
common_voice_pt_35624260|competência internacional exclusiva
common_voice_pt_35624261|como Ministro da Indústria cubano
common_voice_pt_35624267|suicidar
common_voice_pt_35624268|homologação e cumprimento de decisão;
common_voice_pt_35624270|serviçais
common_voice_pt_35624271|por trás do liberalismo se ocultava a plutocracia
common_voice_pt_35624283|liquida a indústria nacional, impede o progresso do país
common_voice_pt_35624285|a teoria dos marxistas sobre a natureza pequeno-burguesa
common_voice_pt_35624365|serão aplicadas supletiva e subsidiariamente.
common_voice_pt_35624366|A forma-equivalente particular
common_voice_pt_35624367|A acusação de "violência" ou "terrorismo" sem demora tem um significado negativo
common_voice_pt_35624368|aviltaram, pisaram e emporcalharam de tal modo estas teorias
common_voice_pt_35624369|basta esclarecer-lhe simplesmente sua situação
common_voice_pt_35624381|a viúva da figura da revolução argelina
common_voice_pt_35624384|Vitória da Contra-Revolução em Viena
common_voice_pt_35624385|Marx e Engels
common_voice_pt_35624398|da guerra de guerrilha
common_voice_pt_35624399|jurisdição contenciosa
common_voice_pt_35624400|um papel como vanguarda da classe verdadeiramente vital
common_voice_pt_35624401|Ordem do Gabinete sobre a Imprensa Diária
common_voice_pt_35624422|problema sino-soviético
common_voice_pt_35624423|deve comportar-se de acordo com a boa-fé
common_voice_pt_35624424|espoliado
common_voice_pt_35624427|incidente de resolução de demandas repetitivas
common_voice_pt_35624443|a espontaneidade na transmissão de informações
common_voice_pt_35624445|buscar caminhos que conduzam ao comunismo à margem do capitalismo e do proletariado
common_voice_pt_35624446|da crise caribenha
common_voice_pt_35624448|Greves e Interrupções de Trabalho
common_voice_pt_35624449|reservados
common_voice_pt_35624467|cooperação jurídica internacional
common_voice_pt_35624469|após elaboração de lista própria, respeitar-se-á a ordem
common_voice_pt_35624471|confirmação de testamento particular e ao inventário
common_voice_pt_35624472|Discurso Diante do Tumulo de Karl Marx
common_voice_pt_35624490|reaccionarismo
common_voice_pt_35624491|das dificuldades de transporte, da falta de crédito e suas consequências
common_voice_pt_35624492|revolucionário engajado na luta armada contra a vergonhosa ditadura militar e suas atrocidades.
common_voice_pt_35624493|beneplácito
common_voice_pt_35624494|com a disparidade crescente entre os preços em continuado aumento
common_voice_pt_35624514|Forma-valor simples, singular ou acidental
common_voice_pt_35624516|o tom é dado por uma caterva de arrivistas e mercenários da burguesia
common_voice_pt_35624517|desmoralizadoras
common_voice_pt_35624518|Capítulo
common_voice_pt_35624528|na esteira da dominação política
common_voice_pt_35624530|Conferência de Genebra
common_voice_pt_35624532|o julgamento de agravo interno;
common_voice_pt_35624536|Ela tá pirando legal.
common_voice_pt_35624538|resguardando e promovendo a dignidade da pessoa humana e observando a proporcionalidade
common_voice_pt_35624550|a cassação dos mandatos dos representantes comunistas
common_voice_pt_35624551|venal
common_voice_pt_35624553|enorme importância que tem para os operários a luta contra as instituições feudais
common_voice_pt_35624554|o espírito revolucionário do meu povo
common_voice_pt_35624575|Instruções para os Delegados do Conselho Geral Provisório. As Diferentes Questões
common_voice_pt_35624576|ou de explosões como a havida ainda
common_voice_pt_35624577|conheça da mesma causa e das que lhe são conexas
common_voice_pt_35624578|o direito de propriedade e a inviolabilidade do domicílio
common_voice_pt_35624579|marxismo
common_voice_pt_35624590|a ruína do povo, para a miséria, o desemprego e a fome das massas
common_voice_pt_35624592|cria as condições materiais e as forças sociais necessárias para essa luta
common_voice_pt_35624593|com espírito de lucro mútuo
common_voice_pt_35624596|Sobre a Comuna
common_voice_pt_35624617|e estabelecer relações de confiança
common_voice_pt_35624621|o governo da Venezuela não é um governo esquerdista
common_voice_pt_35624622|procuradores
common_voice_pt_35624623|salvo quando suprimirem órgão judiciário ou alterarem a competência absoluta.
common_voice_pt_35624624|Libertação de Prisioneiros
common_voice_pt_35624635|admitir a teoria econômica de Marx, com sua conclusão sobre o papel revolucionário
common_voice_pt_35624638|sem mercado interno capaz de absorver uma produção industrial em crescimento
common_voice_pt_35624639|o papel revolucionário do proletariado como organizador do comunismo mediante o capitalismo
common_voice_pt_35624641|vêm desorientando os socialistas russos
common_voice_pt_35624653|A Origem da Família, da Propriedade Privada e do Estado
common_voice_pt_35624654|Emboscada
common_voice_pt_35624656|método subjetivo em sociologia
common_voice_pt_35836560|Os operários devem saber que sem derrubar estes pilares da reação
common_voice_pt_35836561|a organização do partido socialista operário
common_voice_pt_35836562|entram em um impasse
common_voice_pt_35836563|Centro Novo do Maranhão
common_voice_pt_35836564|Pode ser rico, feliz - difícil.
common_voice_pt_35836565|progressos medíocres
common_voice_pt_35836566|Dez ordens foram feitas.
common_voice_pt_35836568|abolir plenamente todos os privilégios da nobreza
common_voice_pt_35836602|planos de expansão
common_voice_pt_35836604|Nova Gazeta Renana
common_voice_pt_35836605|por mais diversos que sejam os processos que empregam para enganar as massas
common_voice_pt_35836606|a sentença que cassou o registro eleitoral do
common_voice_pt_35836627|Abraço-te com todo o meu fervor revolucionário.
common_voice_pt_35836629|escravos ideológicos da burguesia
common_voice_pt_35836630|Capital constante e capital variável
common_voice_pt_35836631|à disposição para consulta pública em cartório e na rede mundial de computadores
common_voice_pt_35836660|como observou um marxista, deixaram de ser enfadonhas.
common_voice_pt_35836662|Transcrição autorizada
common_voice_pt_35836664|contratos com empresas multinacionais para obter novas tecnologias
common_voice_pt_35836665|É um governo opressor. É criminoso. Assassinou os patriotas
common_voice_pt_35836688|Santo Antônio da Patrulha
common_voice_pt_35836692|segundo os autores da censura, sua teoria econômica é admitida por todos os socialistas
common_voice_pt_35836699|imensa acumulação de mercadorias
common_voice_pt_35836701|os ideólogos da burguesia também estão a favor da liberdade política
common_voice_pt_35836702|epub
common_voice_pt_35836759|seria uma traição ao nosso povo
common_voice_pt_35836760|Notícias da Alemanha
common_voice_pt_35836762|desenvolvimento econômico-social
common_voice_pt_35836764|A Guerra Anglo-Persa
common_voice_pt_35836809|esclarecer o regime político-econômico desse sistema que o oprime
common_voice_pt_35836820|O Programa Agrário dos Cartistas
common_voice_pt_35836828|defensor intransigente dos interesses dos maiores industriais paulistas
common_voice_pt_35836831|uma luta desesperada dos próprios trabalhadores por sua libertação
common_voice_pt_35836834|degenerando num ecletismo lamentável
common_voice_pt_35836839|Perseguição de Estrangeiros em Bruxelas
common_voice_pt_35836840|exceto quando implicar a reabertura da instrução ou a conversão
common_voice_pt_35836841|O Papel da Violência na História
common_voice_pt_35836842|acompanhados de tradução para a língua oficial do Estado requerido.
common_voice_pt_35836843|Sobre a solução da abolição do Estado e os “amigos da anarquia” alemães
common_voice_pt_35836868|seres encerrados numa colônia de trabalho forçado
common_voice_pt_35836869|Resolução da Conferência de Varsóvia
common_voice_pt_35836870|sistema burguês
common_voice_pt_35836871|A conciliação, a mediação e outros métodos de solução consensual de conflitos
common_voice_pt_35836872|acordos bilaterais
common_voice_pt_35836906|O imperador pode se tornar um mendigo, se apenas o povo o eleger.
common_voice_pt_35836907|e isto a par do aumento da riqueza social
common_voice_pt_35836910|ainda que o titular seja de nacionalidade estrangeira
common_voice_pt_35836913|as próprias instituições constitucionais
common_voice_pt_35836955|O Fetichismo da Mercadoria e o Seu Segredo
common_voice_pt_35836959|A terra preta faz bom trigo, e a branca, metade falhou.
common_voice_pt_35836960|Os Resultados Eventuais da Dominação Britânica na India
common_voice_pt_35836961|da socialização do trabalho pelo capitalismo
common_voice_pt_35836962|partidos comunistas ou marxistas-leninistas
common_voice_pt_35836973|A Dialética da Natureza
common_voice_pt_35836974|As causas cíveis serão processadas e decididas
common_voice_pt_35836976|coincide com a nacionalização da terra, nada tem de socialista
common_voice_pt_35836978|Partido Cubano da Revolução Socialista
common_voice_pt_35836979|Seqüestros
common_voice_pt_35837005|o regime da servidão oprimia todos
common_voice_pt_35837006|trabalhistas ou administrativos, as disposições deste Código lhes
common_voice_pt_35837007|Nossa Senhora do Livramento
common_voice_pt_35837008|partidários do materialismo consequente e militante
common_voice_pt_35837009|golpeadas
common_voice_pt_35837037|nosso capitalismo foi introduzido artificialmente pelo governo
common_voice_pt_35837042|a extirpação de preconceitos e mitos de todo tipo
common_voice_pt_35837045|ao juiz zelar pelo efetivo contraditório
common_voice_pt_35837046|entrega a Nação à exploração total dos grandes bancos, trustes e monopólios
common_voice_pt_35837048|o credor tiver domicílio ou residência no Brasil;
common_voice_pt_35837065|A norma processual não retroagirá e será aplicável
common_voice_pt_35837066|o juiz atenderá aos fins sociais e às exigências do bem comum
common_voice_pt_35837067|moral pequeno-burguesa
common_voice_pt_35837068|terra dos camponeses
common_voice_pt_35837100|acintosamente
common_voice_pt_35837103|submeter por completo nossa Pátria aos banqueiros de Wall Street
common_voice_pt_35837104|e de seus patrões norte-americanos
common_voice_pt_35837105|o inimigo principal dos trabalhadores: o capital
common_voice_pt_35837168|ligados à grande propriedade da terra e ao comércio de exportação
common_voice_pt_35837169|à tutela provisória de urgência
common_voice_pt_35837171|São reacionários ao apresentar nosso Estado como algo situado acima das classes
common_voice_pt_35837176|a favor das massas trabalhadoras e das forças democráticas
common_voice_pt_35837179|aos bravos camaradas
common_voice_pt_35837210|as ingênuas ilusões de um socialismo pequeno-burguês
common_voice_pt_35837211|Forma-valor geral
common_voice_pt_35837213|Corrupção nas Eleições
common_voice_pt_35837217|A Lavagem do Bonfim celebra o sincretismo baiano
common_voice_pt_35837219|Índice bibliográfico
common_voice_pt_35837297|A degeneração do populismo na teoria mais vulgar do radicalismo pequeno-burguês
common_voice_pt_35837300|quando o desenvolvimento econômico avançou tanto
common_voice_pt_35837304|Divisão do texto nas edições francesa e inglesa
common_voice_pt_35837307|são tão ridículas como o afã dos economistas pequeno-burgueses de assustar nossa burguesia
common_voice_pt_35837309|no sistema geral de relações capitalistas
common_voice_pt_35837323|países comunistas
common_voice_pt_35837327|servilismo
common_voice_pt_35837332|Os trabalhadores rurais, desde o médio e pequeno sitiante até o arrendatário
common_voice_pt_35837333|é vedada a revisão do mérito do pronunciamento judicial
common_voice_pt_35837334|Luta de Classes e Luta Política
common_voice_pt_35837366|entravando o desenvolvimento do pensamento político em todas as categorias
common_voice_pt_35837367|ademarista
common_voice_pt_35837371|Entender mais sobre a nossa situação será surpreendido.
common_voice_pt_35837376|ditadura das classes dominantes de um país semi-feudal e semi-colonial
common_voice_pt_35837380|Estes socialistas colocam sua teoria em contradição com a prática
common_voice_pt_35837429|Determinidade quantitativa da forma-valor relativa
common_voice_pt_35837430|à destruição do regime social baseado na opressão do trabalhador
common_voice_pt_35837432|é livre a locomoção no território nacional em tempo de paz
common_voice_pt_35837434|empossados
common_voice_pt_35837437|que um imbecil conduza um homem sábio
common_voice_pt_35837472|Na ausência de normas que regulem processos eleitorais
common_voice_pt_35837473|são lacaios do imperialismo
common_voice_pt_35837475|a burguesia nacional
common_voice_pt_35837477|sacrificar seu democratismo e a aliar-se aos reacionários para reprimir os operários
common_voice_pt_35837479|assaltantes policiais armados de gases e metralhadoras contra os jornais do povo
common_voice_pt_35837499|Batidas
common_voice_pt_35837502|O Ministério de Ação
common_voice_pt_35837505|as preferências legais e as metas estabelecidas
common_voice_pt_35837507|relações desta natureza seria útil ou proveitoso
common_voice_pt_35837521|Em prol da sua reeleição fadada ao fracasso
common_voice_pt_35837523|Cooperação
common_voice_pt_35837525|propaganda
common_voice_pt_35837527|muitas vezes as famílias não encontram escolas organizadas para receber a todos
common_voice_pt_35837529|População, Crime e Pauperismo
common_voice_pt_35837555|Compete à autoridade judiciária brasileira processar e julgar as ações em que:
common_voice_pt_35837556|A Abolição da Propriedade Fundiária
common_voice_pt_35837653|Desta condução deriva uma rede apertada de valas de distribuição para as parcelas.
common_voice_pt_35837688|Lamartine e Comunismo
common_voice_pt_35837689|Plano de reconstrução econômica
common_voice_pt_35837690|recebo a perturbação da sua ocasião em que lhe não agrado
common_voice_pt_35837691|envio de lucros para fora do país
common_voice_pt_35837692|Forma-dinheiro
common_voice_pt_35837723|é contra a classe burguesa que ele deve lutar
common_voice_pt_35837725|Nem experiência, nem intuição.
common_voice_pt_35837728|Grandes poderes implicam grandes responsabilidades.
common_voice_pt_35837738|Neste tipo de depilação
common_voice_pt_35837745|dependentes do capital financeiro e bancário
common_voice_pt_35837768|brutalidades policiais, do assassínio em praça pública, com o fito de atemorizar
common_voice_pt_35837771|a preparar novas agressões contra ela
common_voice_pt_35837777|o conteúdo ideológico das tendência filosóficas em moda
common_voice_pt_35837779|Vigésimo segundo capítulo. Transformação de mais-valia em capital
common_voice_pt_35837794|exclui o caráter democrático de seu programa
common_voice_pt_35837800|O salário à peça
common_voice_pt_35837803|A penitenciária está quase concluída
common_voice_pt_35837807|instituições estatais
common_voice_pt_35837808|hemisfério
common_voice_pt_35837829|Jesuítas
common_voice_pt_35837831|é uma humilhação para os camponeses
common_voice_pt_35837836|Efetivamente, há ainda muito oportunismo
common_voice_pt_35837838|A lei geral da acumulação capitalista
common_voice_pt_35837839|satisfeita e pacífica, alheia a quimeras de toda espécie
common_voice_pt_35837859|pela desvalorização do cruzeiro
common_voice_pt_35837860|os países independentes também correm o risco
common_voice_pt_35837861|vacilam
common_voice_pt_35837863|Acostuma-te à lama que te aguarda
common_voice_pt_35837892|apaziguá-lo
common_voice_pt_35837907|em matéria de sucessão hereditária, proceder à
common_voice_pt_35837909|prognosticar
common_voice_pt_35837912|e seguros, exploração de riquezas naturais, fábricas, usinas
common_voice_pt_35837924|partidos políticos e demais agremiações conservadoras e reacionárias de latifundiários
common_voice_pt_35837925|as bancadas majoritárias comunistas
common_voice_pt_35837938|Covardes não falam História.
common_voice_pt_35907790|Demonstrou ser abnegada perante os colegas
common_voice_pt_35907792|Sim senhor, foi uma infâmia; Tais pessoas ingratas não mereciam nada.
common_voice_pt_35907793|E diga o verde-louro dessa flâmula
common_voice_pt_35907794|Proposta eleitoreira
common_voice_pt_35907795|Historicidade e regimental
common_voice_pt_35907817|A ganância comeu o bolo inteiro.
common_voice_pt_35907818|É necessário, então, cativá-lo todos os dias.
common_voice_pt_35907819|Traga uma vela de sete dias para o exu e outra para a pombajira
common_voice_pt_35907820|Os beneficiários podem criar contas, grupos ou organizações pessoais.
common_voice_pt_35907821|Os movimentos de greve
common_voice_pt_35907850|Ele dirigiu-se em um navio chamado Bibavica.
common_voice_pt_35907851|Acusada de cumplicidade com o nazismo foge em dia de julgamento
common_voice_pt_35907852|Amizade de um lado e interesse do outro.
common_voice_pt_35907853|será recusado se configurar manifesta ofensa à ordem pública.
common_voice_pt_35907854|A outorga econômica da opção é de duzentos e cinquenta mil euros.
common_voice_pt_35907872|vacilações
common_voice_pt_35907874|A cor do escritório era um tom aborrecido.
common_voice_pt_35907876|A estagflação corresponde ao pior dos cenários
common_voice_pt_35907882|Esse quebra-cabeça está muito confuso e quem o começou terá que terminá-lo
common_voice_pt_35907883|Viagens exigem cuidados para se evitar o contágio
common_voice_pt_35907884|A solicitação de auxílio direto será encaminhada
common_voice_pt_35907885|mais acertado, porém, é dizer que foram os remédios indicados nos livros.
common_voice_pt_35907886|Triangulando com as convidadas
common_voice_pt_35907912|Mas barreiras também são encontradas em nossos computadores, infra-estruturas também são softwares.
common_voice_pt_35907913|Cordilheira Alta
common_voice_pt_35907914|a política econômico-financeira
common_voice_pt_35907915|Em seu discurso, culpou a Otan pela guerra
common_voice_pt_35907916|As duas empresas se uniram para atingir interesses afins
common_voice_pt_35907928|Encantamento da lua
common_voice_pt_35907929|Tentativa de silenciamento com a imprensa
common_voice_pt_35907930|A averiguação demonstrou que a causa da morte foi suicídio
common_voice_pt_35907931|Mas o mesmo trote do cavalo veio agravar-lhe a comoção.
common_voice_pt_35907947|Propor e realizar ações para ampliar o conhecimento do catalão ao Departamento.
common_voice_pt_35907948|Quanto tempo o último ônibus sai?
common_voice_pt_35907950|Qualquer falsificação nos dados registrados no aplicativo implicará a exclusão do candidato.
common_voice_pt_35907951|Delta
common_voice_pt_35907967|Você pode oferecer mais recursos.
common_voice_pt_35907969|A luminosidade adentrou os cômodos vagarosamente
common_voice_pt_35907970|Pombos
common_voice_pt_35907971|houver necessidade de realização de diligência ou de complementação da instrução
common_voice_pt_35907984|Revolta da Cerveja na Bavária
common_voice_pt_35907985|Filhos de gatos, gatinhos.
common_voice_pt_35907986|Obrigado por seu interesse em nossa empresa.
common_voice_pt_35907987|A política do pão e circo
common_voice_pt_35907988|Várzea da Palma
common_voice_pt_35908007|Seja o eco de uma afronta o sinal do ressurgir
common_voice_pt_35908008|Sonetos foi uma de suas obras primas
common_voice_pt_35908009|Mostrei que esta ação é quase zero em países democráticos.
common_voice_pt_35908011|De trás do armário da cozinha.
common_voice_pt_35908015|Um acidente também pode ser uma ponte no caminho para a felicidade.
common_voice_pt_35908027|Com duas pessoas dá para dançar tango.
common_voice_pt_35908029|Inclui, para orientação, as categorias listadas no anexo a este documento.
common_voice_pt_35908031|Espero que algumas das oportunidades também façam você sorrir.
common_voice_pt_35908033|Essas obras são conhecidas por um grande número de leitores.
common_voice_pt_35908034|Tem certeza de que algo aconteceu?
common_voice_pt_35908052|Óleo diesel e gás natural
common_voice_pt_35908053|deveria inibir-me até de dar começo.
common_voice_pt_35908054|Nada remete ao mesmo significado
common_voice_pt_35908055|Dificilmente pode ser feito sem a ajuda pertinente das administrações públicas.
common_voice_pt_35908056|Cravolândia
common_voice_pt_35908068|Abril que vem chovendo, maio ri.
common_voice_pt_35908069|Chuvisca
common_voice_pt_35908070|Deixou cinco filhos, dois deles adotados
common_voice_pt_35908071|Ela é vinte e cinco minutos depois de uma.
common_voice_pt_35908077|Características da Técnica das Guerrilhas
common_voice_pt_35908078|expropriação crescente dos produtores
common_voice_pt_35908079|A mulher dobrada e o pote de descanso.
common_voice_pt_35908080|Porto Mauá
common_voice_pt_35908081|Especialmente não use em ambientes de produção ou em documentos importantes.
common_voice_pt_35908082|Urânia
common_voice_pt_35908083|e não o fez sem estudar muito e muito;
common_voice_pt_35908084|O que você fez
common_voice_pt_35908085|Ele não estava com medo, digno de Deus! Como devo ter isso?
common_voice_pt_35908086|Sinto muito, senhorita; muito bom
common_voice_pt_35908095|Sua filha, sem vaidade e sem prado doce de cabra, está contente.
common_voice_pt_35908097|Juara
common_voice_pt_35908098|O lado sombrio da arte
common_voice_pt_35908108|O gerente administrativo somente pode estabelecer, dentro de sua demarcação colegiada, uma filial.
common_voice_pt_35908109|o abandono da política de exportar a revolução para a América Latina
common_voice_pt_35908110|grande, jamaica, encerramento, pimenta, crucificação, mulher, loucura, vaca
common_voice_pt_35908111|Serra do Mel
common_voice_pt_35908112|Joaquim Pires
common_voice_pt_35908119|Kruschov
common_voice_pt_35908120|Cardoso
common_voice_pt_35908121|Não muito se você cruzar com o número de pessoas conectadas à rede.
common_voice_pt_35908125|Niquelândia
common_voice_pt_35908126|Os dois principais partidos espanhóis insistem em convocar em Bruxelas o chamado eixo central.
common_voice_pt_35908127|Há em olhos humanos, ainda que litográficos, uma coisa terrível
common_voice_pt_35908128|Serranópolis do Iguaçu
common_voice_pt_35908129|Lunardelli
common_voice_pt_35908135|Líderes mundiais buscam acabar com desmatamento e reduzir emissões de metano
common_voice_pt_35908141|os partidários do socialismo utópico
common_voice_pt_35908144|Advocacia-Geral da União
common_voice_pt_35908160|Onde não há fogo, não pode queimar.
common_voice_pt_35908161|Ipubi
common_voice_pt_35908164|Areiópolis
common_voice_pt_35908165|Lua nova cercada, trinta dias úmidos.
common_voice_pt_35908166|Santa Maria das Barreiras
common_voice_pt_35908167|Cerro Branco
common_voice_pt_35908168|Mas o futebol não é jogado em papel.
common_voice_pt_35908169|Jaboatão dos Guararapes
common_voice_pt_35908170|A lei que você procura está na última seção do regulamento.
common_voice_pt_35908171|É uma mentira
common_voice_pt_35908172|Pão não é um pequeno risco de tomar banho.
common_voice_pt_35908173|a Arte que alivia da vida sem aliviar de viver
common_voice_pt_35908174|Traga as lápides
common_voice_pt_35908180|Satuba
common_voice_pt_35908181|Bravo! Formidável!
common_voice_pt_35908182|O orçamento cobre todo o contrato.
common_voice_pt_35908183|Papel absorvente
common_voice_pt_35908184|São João do Itaperiú
common_voice_pt_35908194|Castanheiras
common_voice_pt_35908196|Baturité
common_voice_pt_35908197|A enorme altura dos inimigos foi a única impressão que sobreviveu na memória.
common_voice_pt_35908371|Por outro lado, a própria faca.
common_voice_pt_35908375|Cardoso Moreira
common_voice_pt_35908377|Esplanada
common_voice_pt_35908379|Carbonita
common_voice_pt_35908390|Paula e Célio formam um belo casal, pena que moram longe.
common_voice_pt_35908391|Água Nova
common_voice_pt_35908394|O sapateiro é o calçado mais pobre.
common_voice_pt_35908456|Nós viemos de Sucaina.
common_voice_pt_35908459|Brejinho de Nazaré
common_voice_pt_35908460|O plugue usado está aceso, a água parada cambaleia.
common_voice_pt_35908623|Então a dor é insuportável para decidir voltar
common_voice_pt_35908624|Carmo do Rio Verde
common_voice_pt_35908625|Santa Filomena
common_voice_pt_35908626|Tio Hugo
common_voice_pt_35908627|Campinápolis
common_voice_pt_35923387|Juruaia
common_voice_pt_35923388|O diabo vai para casa.
common_voice_pt_35923390|O cuidado em identificar pontos críticos no comprometimento entre as equipes prepara-nos
common_voice_pt_35923391|Carlinda
common_voice_pt_35923400|Nova Tebas
common_voice_pt_35923401|Existem defensores e detratores para todos os gostos.
common_voice_pt_35923402|Quem tem bom vinho, bebe e não dá ao seu vizinho.
common_voice_pt_35923403|Os espinhos, quando nascem, já são picos.
common_voice_pt_35923404|Não há pior pessoa cega que não queira ver.
common_voice_pt_35923411|Não é o que os fatos mostram
common_voice_pt_35923412|insidiosa
common_voice_pt_35923413|me prendia à revolução cubaname prendia à revolução cubana
common_voice_pt_35923414|Piraquê
common_voice_pt_35923415|Ensine os macacos a usar dinheiro
common_voice_pt_35923423|De ingrato, está cheio de inferno.
common_voice_pt_35923424|Bom pagamento faz mãos rápidas.
common_voice_pt_35923425|Rancho Queimado
common_voice_pt_35923426|Vargem Grande do Sul
common_voice_pt_35923428|Quatro horas da manhã e nenhum sinal.
common_voice_pt_35923433|Simolândia
common_voice_pt_35923435|Ele lhe dá o direito político de comandar.
common_voice_pt_35923437|São Bernardino
common_voice_pt_35923443|Dores de Campos
common_voice_pt_35923444|Ah não?
common_voice_pt_35923445|As crianças, do coração, aparecem e no coração retornam.
common_voice_pt_35923446|Somos todos de barriga e não somos de um "templo".
common_voice_pt_35923447|Queimadas
common_voice_pt_35923453|Teixeiras
common_voice_pt_35923459|Nós viemos de Millena.
common_voice_pt_35923461|Pedra do Indaiá
common_voice_pt_35923462|Cristiano Otoni
common_voice_pt_35923463|O novo jarro faz a água fresca.
common_voice_pt_35923465|Indiaroba
common_voice_pt_35923466|Tratada conforme planejado
common_voice_pt_35923467|Soledade
common_voice_pt_35923468|Animal voador, para a panela.
common_voice_pt_35923469|É um crack.
common_voice_pt_35923476|Ribeirão
common_voice_pt_35923477|Quem tem más notícias é traído.
common_voice_pt_35923478|Teutônia
common_voice_pt_35923479|Como decorar seu lar para a primavera
common_voice_pt_35923492|Assim como o sino, é a batalha.
common_voice_pt_35923493|Teus comandos me cansam
common_voice_pt_35923495|Agosto e setembro não duram para sempre.
common_voice_pt_35923497|Atenção extrema com os protestos
common_voice_pt_35923512|Paraíba do Sul
common_voice_pt_35923513|Eu faço a minha vida prevendo o futuro para as pessoas
common_voice_pt_35923514|pergunto-lhe de novo aquilo a que ele já me respondeu
common_voice_pt_35923515|Carneiros
common_voice_pt_35923516|Criação, modificação e exclusão de arquivos que contenham dados pessoais.
common_voice_pt_35923526|Malhada de Pedras
common_voice_pt_35923527|Esperando
common_voice_pt_35923528|Rima de vozes
common_voice_pt_35923529|Ostras, quão sério, não podemos ir à cerimônia.
common_voice_pt_35923530|Lagoa Nova
common_voice_pt_35923542|Este não é um assunto para crianças
common_voice_pt_35923544|Morto ou vendido, tudo quebra.
common_voice_pt_35923545|Porangaba
common_voice_pt_35923547|O país valenciano, no entanto, não desfruta precisamente dessas características "virgens".
common_voice_pt_35923549|Juti
common_voice_pt_35923558|Itapiratins
common_voice_pt_35923559|Quem brinca com o fogo vai para a cama.
common_voice_pt_35923560|De volta com os planos, reboavam-lhe na alma as palavras da cartomante.
common_voice_pt_35923561|A casa abre as janelas e o sol se espalha.
common_voice_pt_35923562|Mendes
common_voice_pt_35923572|ele veio também, e teve o seu quarto ao fundo da chácara.
common_voice_pt_35923573|Lagoa Formosa
common_voice_pt_35923574|Rio das Ostras
common_voice_pt_35923575|Rio do Oeste
common_voice_pt_35923576|Dezessete carrega significado político no Brasil
common_voice_pt_35923585|Você quer dizer que não seria melhor ir para outra praia?
common_voice_pt_35923586|O que acontece com eles?
common_voice_pt_35923587|Descoberta nova maracutaia
common_voice_pt_35923588|O furacão se transformou em tempestade tropical
common_voice_pt_35923589|Iati
common_voice_pt_35923595|prenúncios claros de um embate de titãs
common_voice_pt_35923596|Está bem consertado, né?
common_voice_pt_35923597|Por quê?
common_voice_pt_35923598|Barra Longa
common_voice_pt_35923599|Quero dizer, não.
common_voice_pt_35925312|crítica consciente das religiões
common_voice_pt_35925313|Não há religião que não lance invisível contra o jejum e o luxo.
common_voice_pt_35925314|Ele costumava levantar cedo, agora dorme até tarde.
common_voice_pt_35925315|os processos criminais, nos órgãos jurisdicionais
common_voice_pt_35925316|Avisei à Marina sobre sua ausência na aula passada
common_voice_pt_35925322|A informação foi atualizada no banco de dados.
common_voice_pt_35925323|Greve no Banco Central é panela de pressão para o governo
common_voice_pt_35925324|Eu vou tentar ser mais feliz hoje porque é sexta-feira.
common_voice_pt_35925325|Uma opção que certamente faz você tremer mais de um.
common_voice_pt_35925326|Resgatar a concessão antes de sua expiração, se justificado por circunstâncias de interesse público.
common_voice_pt_35925327|Escala de administração especial, subescala técnica, classe técnica auxiliar, grupo C.
common_voice_pt_35925328|Pulverize com uma corrente de óleo.
common_voice_pt_35925329|até tomar a forma de um X
common_voice_pt_35925330|Quadrinhos humorísticos
common_voice_pt_35925331|Países sem forças armadas ou com força militar limitada
common_voice_pt_35925333|Acirramento das relações laborais
common_voice_pt_35925334|É o rádio da avó.
common_voice_pt_35925335|que afastou das câmaras municipais
common_voice_pt_35925336|As despesas de viagem podem ser passagens aéreas, de trem ou de trem.
common_voice_pt_35925337|Foi convocada uma sessão extraordinária no congresso para esta semana
common_voice_pt_35925338|Se as partes forem ao escritório público do notário, você precisará do seguinte:
common_voice_pt_35925339|Ele monitora a renda final de outras administrações no campo de uma política setorial.
common_voice_pt_35925340|Quem fazer e por qual quantidade e periodicidade.
common_voice_pt_35925342|Estão excluídos da regra do caput
common_voice_pt_35925343|A água de escoamento não aciona as rodas do moinho.
common_voice_pt_35925344|Optou pelo crediário
common_voice_pt_35925345|Mais uma proeza do mandatário incompetente
common_voice_pt_35925357|Analisando os balanços e balancetes
common_voice_pt_35925358|Adicione a cebola e, quando estiver vermelha, cenoura e cochilo.
common_voice_pt_35925359|dessa que andou sempre viajando sonolentamente entre o que sente e o que vê.
common_voice_pt_35925360|O interruptor não funciona, que pimentas fazem!
common_voice_pt_35925361|Vice-presidência: quem exerce a direção da Seção de Extensão Esportiva.
common_voice_pt_35925363|Fatores que modificam a toxicidade.
common_voice_pt_35925364|Declaração de imposto de renda da pessoa física ou jurídica
common_voice_pt_35925365|Qual é a medida dos seguintes recursos como blocos?
common_voice_pt_35925366|particularmente no terreno do comércio e do intercâmbio
common_voice_pt_35925367|as aparências liberais do governo Milton Campos
common_voice_pt_35925368|Eles suspeitam que a garota traiu o grupo com um cara da oposição.
common_voice_pt_35925369|Alavancando os estudos com a técnica pomodoro
common_voice_pt_35925370|Revolução na China e na Europa
common_voice_pt_35925371|quando não havia discordâncias, decadências, depressão e apatia
common_voice_pt_35925372|Isso resulta em uma mutabilidade única na legislação.
common_voice_pt_35925373|A unidade da Espanha é um conceito recorrente.
common_voice_pt_35925374|Leitura, discussão e votação sobre as questões e opiniões que aparecem na agenda.
common_voice_pt_35925375|O mercador riu-se do disparate enquanto embrulhava o artigo
common_voice_pt_35925376|Sob eles, organizados hierarquicamente, outros ativos mais específicos podem ser distinguidos.
common_voice_pt_35925377|O documento inclui fotografias da área.
common_voice_pt_35925378|Vertente do Lério
common_voice_pt_35925379|relação de emprego protegida contra despedida arbitrária ou sem justa causa
common_voice_pt_35925381|autoridade central para recepção e transmissão dos pedidos
common_voice_pt_35925382|O pré-registro deve ser feito antes do décimo sexto dia.
common_voice_pt_35925383|Desabilitar manualmente a ferramenta
common_voice_pt_35925384|A tatuadora identificou-se
common_voice_pt_35925385|O aluguel de equipamentos, máquinas e móveis, se não os seus próprios.
common_voice_pt_35925386|Pegamos os bisturis para a cirurgia de apendicite
common_voice_pt_35925397|O álbum foi lançado um mês após o acidente.
common_voice_pt_35925398|cenário geográfico
common_voice_pt_35925399|órgão estrangeiro interessado
common_voice_pt_35925400|Maratona de técnicos e analistas
common_voice_pt_35925403|No site do Fedora, há uma lista completa de alterações.
common_voice_pt_35925407|Sendo esta uma regra de ouro, temos muitas referências pictóricas que caminham nessa tendência.
common_voice_pt_35925408|Rejeitaremos as duplicidades nos pagamentos
common_voice_pt_35925409|Das posturas dos órgãos dirigentes com relação às suas atribuições.
common_voice_pt_35925411|Este facto dificulta a possível divulgação da mensagem valenciana.
common_voice_pt_35925414|não vê de forma aguda as contradições existentes na sociedade americana
common_voice_pt_35925417|Cotas raciais e para pessoas com deficiência
common_voice_pt_35925418|O requerimento deve ser apresentado pelo responsável legal ou pelo responsável do estudante.
common_voice_pt_35925419|Isto é o que geraria o grande peso das posições "espanholas".
common_voice_pt_35925420|Propôs uma moeda única para o Mercosul
common_voice_pt_35925421|Afeta positivamente a correta previsão do orçamento setorial.
common_voice_pt_35925422|Querência do Norte
common_voice_pt_35925423|esclarecer a necessidade e a inevitabilidade do antagonismo de classe sob esse sistema
common_voice_pt_35925424|Pedidos de auxílio-desemprego sobem no trimestre
common_voice_pt_35925425|O ácido respira fortemente na pele.
common_voice_pt_35925426|se manifesta no país a contradição anglo-americana
common_voice_pt_35925432|adquirido no tempo em que andara a tirar o curso superior por correspondência
common_voice_pt_35925433|Os elementos da estrutura não apresentarão nenhum sinal de dano.
common_voice_pt_35925434|Duplo quântico e propósito
common_voice_pt_35925435|Outro mecanismo ou estrutura mental usada pelo espanholismo é a metonímia idêntica.
common_voice_pt_35925436|a homeopatia é a verdade, e, para servir à verdade, menti;
common_voice_pt_35925442|Sobre o Direito de Herança, em Face dos Contratos e da Propriedade Privada
common_voice_pt_35925443|Ela habilmente destruiu o brinquedo.
common_voice_pt_35925444|meninas e adolescentes que apresentam necessidades educacionais especiais, vinculadas ou não a deficiências.
common_voice_pt_35925445|A adaga é um orvalho, ela está batendo no cabelo.
common_voice_pt_35925446|Algumas palavras aparecem no Sul Africano por causa da relação entre gramática.
common_voice_pt_35925452|Em busca de um estágio remunerado
common_voice_pt_35925453|Quanto à resolução definitiva da nomeação, ela será publicada no Diário Oficial da União.
common_voice_pt_35925454|O estado de conservação da espécie foi classificado como não perigoso.
common_voice_pt_35925455|Processe as sugestões e reclamações que afetam seus próprios assuntos.
common_voice_pt_35925456|muitos desempregados
common_voice_pt_35925461|O novo colaborador já se implicou em fofocas e confusões.
common_voice_pt_35925463|Gestão de conflitos
common_voice_pt_35925466|Jogou a gaze no lixo após a cesariana
common_voice_pt_35925470|A pontuação atribuída ao registro acadêmico coincidirá com a nota média ponderada.
common_voice_pt_35925471|Valor-de-Uso e Valor-de-Troca ou Valor Propriamente Dito
common_voice_pt_35925489|Reuniões ordinárias serão realizadas a cada quatro meses.
common_voice_pt_35925490|tanto do idealista como do materialista
common_voice_pt_35925491|O exercício será pontuado de zero a quatro pontos, mas não será eliminatório.
common_voice_pt_35925492|Disfunções das glândulas exócrinas que envolvem compromisso com a função policial.
common_voice_pt_35925493|Ele foi enterrado em um cemitério especial no cemitério central de Viena.
common_voice_pt_35925504|Ele quer entrar no gregal, que faz sociedades desagradáveis com o vento leste.
common_voice_pt_35925505|Criacionismo iorubá
common_voice_pt_35925506|Cada licitante só pode enviar uma proposta.
common_voice_pt_35925507|As casas dos países de clima temperado precisam ser construídas com mais cuidado
common_voice_pt_35925508|Internet, tecnologia da liberdade, produzida livremente por seus próprios usuários.
common_voice_pt_35925524|Bruno Bauer e o Início do Cristianismo
common_voice_pt_35925525|Conflito de interesses entre o relator e a empresa indiciada
common_voice_pt_35925526|Quem recompra os títulos no resgate antecipado
common_voice_pt_35925527|Classificação do agente penitenciário
common_voice_pt_35925534|Relembrava os atos dele, graves e leves, achava a mesma explicação para todos.
common_voice_pt_35925535|Este acordo não atribui um direito de exclusividade a nenhum dos dois signatários.
common_voice_pt_35925536|Hidrelétricas e barragens sendo construídas
common_voice_pt_35925537|Como é o fazer-pedagógico cotidiano?
common_voice_pt_35925538|Caso não seja feita, a aprovação inicial será finalizada.
common_voice_pt_35966528|Há economias que cobrem as toalhas de mesa.
common_voice_pt_35966529|Nova Ipixuna
common_voice_pt_35966531|Minduri
common_voice_pt_35966532|Cardeal da Silva
common_voice_pt_35966533|Bozano
common_voice_pt_35966534|Cambuquira
common_voice_pt_35966535|Sagres
common_voice_pt_35966536|Venturosa
common_voice_pt_35966537|Meruoca
common_voice_pt_35966538|Itá
common_voice_pt_35966539|Mombaça
common_voice_pt_35966540|Umbuzeiro
common_voice_pt_35966541|Arvorezinha
common_voice_pt_35966542|Goianira
common_voice_pt_35966547|Poço das Trincheiras
common_voice_pt_35966548|Iracemápolis
common_voice_pt_35966549|Arapuá
common_voice_pt_35966550|Execuções
common_voice_pt_35966553|Reriutaba
common_voice_pt_35966555|Altamira do Paraná
common_voice_pt_35966558|São Brás
common_voice_pt_35966561|Barão do Triunfo
common_voice_pt_35966562|Guerra de Troia
common_voice_pt_35966563|Irapuru
common_voice_pt_35966564|Nova Andradina
common_voice_pt_35966565|Alto Alegre do Pindaré
common_voice_pt_35966566|Guarantã do Norte
common_voice_pt_35966567|Vila Nova dos Martírios
common_voice_pt_35966568|Indaiabira
common_voice_pt_35966569|Preparando as hortaliças que serão consumidas
common_voice_pt_35966570|Itatinga
common_voice_pt_35966571|Salesópolis
common_voice_pt_35966577|Seberi
common_voice_pt_35966578|Couto de Magalhães de Minas
common_voice_pt_35966579|Marataízes
common_voice_pt_35966580|Quissamã
common_voice_pt_35966581|Imaculada
common_voice_pt_35966582|Nova Olímpia
common_voice_pt_35966583|Delmiro Gouveia
common_voice_pt_35966584|Campestre de Goiás
common_voice_pt_35966585|Buriti dos Lopes
common_voice_pt_35966586|Olá, Siôn está aqui.
common_voice_pt_35966587|Quanta zombaria
common_voice_pt_35966588|Cajari
common_voice_pt_35966589|Itatuba
common_voice_pt_35966590|Limeira do Oeste
common_voice_pt_35966591|Xangri-lá
common_voice_pt_35966592|Itambé
common_voice_pt_35966593|Já foi dito que em minha terra tudo progride do casamento político levítico.
common_voice_pt_35966594|Regeneração
common_voice_pt_35966595|Santa Ernestina
common_voice_pt_35966596|Nipoã
common_voice_pt_35966597|Brejões
common_voice_pt_35966598|São Julião
common_voice_pt_35966600|Baixio
common_voice_pt_35966601|Pedralva
common_voice_pt_35966602|Curaçá
common_voice_pt_35966603|Governador Edison Lobão
common_voice_pt_35966604|Umarizal
common_voice_pt_35966605|Itaporã do Tocantins
common_voice_pt_35966606|Miravânia
common_voice_pt_35966607|Dom Viçoso
common_voice_pt_35966608|Itanhandu
common_voice_pt_35966609|A mutilação feminina é uma prática lamentável
common_voice_pt_35966610|Indiara
common_voice_pt_35966611|Palmeirante
common_voice_pt_35966612|Estado de sítio é ejaculação precoce?
common_voice_pt_35966613|Mesópolis
common_voice_pt_35966615|Pontalina
common_voice_pt_35966616|Buenópolis
common_voice_pt_35966617|Dessalinização é uma solução para a escassez hídrica
common_voice_pt_35966618|Bastos
common_voice_pt_35966619|Santo Antônio do Itambé
common_voice_pt_35966620|São Gonçalo do Abaeté
common_voice_pt_35966621|Tijucas
common_voice_pt_35966622|Paty do Alferes
common_voice_pt_35966623|Mocajuba
common_voice_pt_35966624|Cabrobó
common_voice_pt_35966625|Piraí do Norte
common_voice_pt_35966626|Baependi
common_voice_pt_35966627|Aroazes
common_voice_pt_35966629|Palmeirais
common_voice_pt_35966630|Codajás
common_voice_pt_35966631|Rachadinhas entram no rol dos tipos de corrupção?
common_voice_pt_35966632|Sabinópolis
common_voice_pt_35966633|Guariba
common_voice_pt_35966634|Pilar de Goiás
common_voice_pt_35966635|A charge foi publicada na Folha de São Paulo
common_voice_pt_35966636|Tanque do Piauí
common_voice_pt_35966637|Problema de matemática com frações, potências e radiação
common_voice_pt_35966643|Quem tem juncos faz flautas.
common_voice_pt_35966644|Bujari
common_voice_pt_35966645|Sumé
common_voice_pt_35966646|Guaraciaba do Norte
common_voice_pt_35966647|Jataizinho
common_voice_pt_35966648|Dianópolis
common_voice_pt_35966649|São João da Canabrava
common_voice_pt_35966650|São Vicente Férrer
common_voice_pt_35966651|Alvarenga
common_voice_pt_35966652|Caiçara do Norte
common_voice_pt_35966657|Jaguaripe
common_voice_pt_35966659|Cuité
common_voice_pt_35966660|Eirunepé
common_voice_pt_35966661|Jaraguá
common_voice_pt_35966662|Bertópolis
common_voice_pt_35966664|Comendador Levy Gasparian
common_voice_pt_35966665|Ubiretama
common_voice_pt_35966666|Curral Velho
common_voice_pt_35966667|Venda Nova do Imigrante
common_voice_pt_35966668|São João d'Aliança
common_voice_pt_35966669|Ipaporanga
common_voice_pt_35966671|Mulungu do Morro
common_voice_pt_35966675|Manoel Vitorino
common_voice_pt_35966677|Nilo Peçanha
common_voice_pt_35966678|Doutor Ulysses
common_voice_pt_35966680|Chuva de agosto, boa para pomares.
common_voice_pt_35966681|Canápolis
common_voice_pt_35966682|da inexistência de uma profunda dissenção entre as ideias
common_voice_pt_35966688|Torixoréu
common_voice_pt_35966689|Edealina
common_voice_pt_35966690|Tocantinópolis
common_voice_pt_35966691|Pontalinda
common_voice_pt_35966692|Luisburgo
common_voice_pt_35966698|Anajás
common_voice_pt_35966699|Sobrália
common_voice_pt_35966700|Aurora
common_voice_pt_35966701|Trizidela do Vale
common_voice_pt_35966702|Cipotânea
common_voice_pt_35966708|Eles representam bolotas na diagonal e galhos com folhas.
common_voice_pt_35966709|E introduz o arquivo administrativo para reparar danos, independentemente do procedimento sancionatório.
common_voice_pt_35966710|Tome um banho com folhas de guiné do pescoço para baixo
common_voice_pt_35966711|Canaã dos Carajás
common_voice_pt_35966712|Fernando Falcão
common_voice_pt_35966713|Nada de novo acontecendo em Pindorama
common_voice_pt_35966714|Lua nova deitada, quarenta dias encharcada.
common_voice_pt_35966716|Como é que tem um iluminação tão boa só com velas e um candelabro?
common_voice_pt_35966717|Apiacás
common_voice_pt_35966718|Ipanguaçu
common_voice_pt_35966719|Jaqueira
common_voice_pt_35966720|Cerro Corá
common_voice_pt_35966721|Quatis
common_voice_pt_35966722|Muitos Capões
common_voice_pt_35966723|Bossoroca
common_voice_pt_35966724|Imbé de Minas
common_voice_pt_35966725|Itabaianinha
common_voice_pt_35966726|Dom Cavati
common_voice_pt_35966727|Cacimba de Dentro
common_voice_pt_35966728|desmascaramento
common_voice_pt_35966729|Maragogipe
common_voice_pt_35966730|Iguape
common_voice_pt_35966731|Vitória do Jari
common_voice_pt_35966732|Ceará-Mirim
common_voice_pt_35966733|Chorrochó
common_voice_pt_35966734|Rosário do Ivaí
common_voice_pt_35966735|Buritirama
common_voice_pt_35966736|Itaguari
common_voice_pt_35966737|Lizarda
common_voice_pt_35966738|Buerarema
common_voice_pt_35966739|São Raimundo Nonato
common_voice_pt_35966740|Guamaré
common_voice_pt_35966741|Ibicoara
common_voice_pt_35966742|Leme do Prado
common_voice_pt_35966743|Cajuru
common_voice_pt_35966744|Altair
common_voice_pt_35966745|Catiguá
common_voice_pt_35966746|Corupá
common_voice_pt_35966747|Você já esteve em Cingapura?
common_voice_pt_35966748|Naviraí
common_voice_pt_35966749|Ilha de Itamaracá
common_voice_pt_35966750|Frutuoso Gomes
common_voice_pt_35966751|Parazinho
common_voice_pt_35966752|Equador
common_voice_pt_35966753|Arneiroz
common_voice_pt_35966755|Pedro Avelino
common_voice_pt_35966756|Marcolândia
common_voice_pt_35966757|Romelândia
common_voice_pt_35966758|Mari
common_voice_pt_35966759|Itabirinha
common_voice_pt_35966760|Aratuba
common_voice_pt_35966761|Charqueadas
common_voice_pt_35966763|Fósseis dos gigantes da megafauna
common_voice_pt_35966764|Cruzmaltina
common_voice_pt_35966765|Salto de Pirapora
common_voice_pt_35966766|Itatira
common_voice_pt_35966767|Marcionílio Souza
common_voice_pt_35966768|Crisópolis
common_voice_pt_35966769|Lajedo
common_voice_pt_35966770|Rio Bonito do Iguaçu
common_voice_pt_35966771|Auriflama
common_voice_pt_35966772|Ervália
common_voice_pt_35966773|Piçarra
common_voice_pt_35966775|Capoeiras
common_voice_pt_35966776|O cassino só será usado em jogos naipes que estejam em perfeitas condições.
common_voice_pt_35966777|Jaguariaíva
common_voice_pt_35966778|Bacurituba
common_voice_pt_35966779|Ela é paleontóloga
common_voice_pt_35966780|Carangola
common_voice_pt_35966781|Jussiape
common_voice_pt_35966782|Maripá de Minas
common_voice_pt_35966783|Araçaí
common_voice_pt_35966784|Carmolândia
common_voice_pt_35966785|Chapada
common_voice_pt_35966786|Agrestina
common_voice_pt_35966787|Itanhém
common_voice_pt_35966788|Uruçuca
common_voice_pt_35966789|Patrocínio do Muriaé
common_voice_pt_35966790|Flórida
common_voice_pt_35966791|Bocaiuva
common_voice_pt_35966792|Marinópolis
common_voice_pt_35966794|Diorama
common_voice_pt_35966795|Lindoeste
common_voice_pt_35966796|Xaxim
common_voice_pt_35966797|Mirinzal
common_voice_pt_35966798|Arraial
common_voice_pt_35966799|Romaria
common_voice_pt_35966801|Desterro do Melo
common_voice_pt_35966802|Nuporanga
common_voice_pt_35966803|Nova Guarita
common_voice_pt_35966805|Serra da Raiz
common_voice_pt_35966806|Vigia
common_voice_pt_35966807|Canavieira
common_voice_pt_35966808|Gurinhém
common_voice_pt_35966809|Barão de Antonina
common_voice_pt_35966810|Pantano Grande
common_voice_pt_35966811|Vitória do Xingu
common_voice_pt_35966812|Nós viemos da Juncosa.
common_voice_pt_35966813|Wanderley
common_voice_pt_35966814|gota, suco, núcleo, pantanoso, esquelético, animais selvagens, arcos
common_voice_pt_35966815|Eu te parabenizo
common_voice_pt_35966816|Ibatiba
common_voice_pt_35966819|Guaiçara
common_voice_pt_35966820|Pedi comida ao balconista.
common_voice_pt_35966822|Solonópole
common_voice_pt_35966823|Pedrinópolis
common_voice_pt_35966824|Cidade Gaúcha
common_voice_pt_35966825|Nova Aliança do Ivaí
common_voice_pt_35966826|Campo Erê
common_voice_pt_35966827|Importei eletrônicos manufaturados em Xinjiang
common_voice_pt_35966829|Baía Formosa
common_voice_pt_35966830|Nova Ibiá
common_voice_pt_35966831|Gurupá
common_voice_pt_35966832|Gilbués
common_voice_pt_35966833|Marialva
common_voice_pt_35966834|Cunha
common_voice_pt_35966835|Atalaia do Norte
common_voice_pt_35966836|Belágua
common_voice_pt_35966837|Catolândia
common_voice_pt_35966843|Serranos
common_voice_pt_35966844|Rabanetes e espinafre, em setembro plantados.
common_voice_pt_35966845|Maraã
common_voice_pt_35966846|Serraria
common_voice_pt_35966847|Ijaci
common_voice_pt_35966853|Aragoiânia
common_voice_pt_35966858|Ponto dos Volantes
common_voice_pt_35966861|Uruana de Minas
common_voice_pt_35966862|Jakob olhou para ela sombrio e sério.
common_voice_pt_35966863|Pinhal de São Bento
common_voice_pt_35966864|Pedregulho
common_voice_pt_35966867|Maranhãozinho
common_voice_pt_35966871|Camutanga
common_voice_pt_35966872|Jeceaba
common_voice_pt_35966878|Monjolos
common_voice_pt_35966879|Francinópolis
common_voice_pt_35966880|Era este que alguns homens conduziam, escada acima, ensangüentado.
common_voice_pt_35966882|Brunópolis
common_voice_pt_35966893|Guaíra
common_voice_pt_35966894|A marca F é usada para mulheres.
common_voice_pt_35966896|Alagoinha do Piauí
common_voice_pt_35966899|Espiões Prussianos em Londres
common_voice_pt_35966902|Sítio Novo
common_voice_pt_35966908|Ele usava um terno desgastado.
common_voice_pt_35966909|Morava na rua de D. Manoel.
common_voice_pt_35966910|O volante Lamborghini é feito de couro de pantera.
common_voice_pt_35966911|São João Nepomuceno
common_voice_pt_35966912|Japoatã
common_voice_pt_35966918|São Sebastião do Passé
common_voice_pt_35966919|Os arredores do Ebro são fantásticos!
common_voice_pt_35966920|Palmeirina
common_voice_pt_35966921|Paiva
common_voice_pt_35966922|Gavião
common_voice_pt_35966928|Aripuanã
common_voice_pt_35966933|Brejo
common_voice_pt_35966935|São Pedro do Suaçuí
common_voice_pt_35966936|Santópolis do Aguapeí
common_voice_pt_35966937|Triunfo Potiguar
common_voice_pt_35966943|Iraí de Minas
common_voice_pt_35966945|Araquari
common_voice_pt_35966950|Nova Trento
common_voice_pt_35966951|Jenipapo de Minas
common_voice_pt_35966957|Alto Caparaó
common_voice_pt_35966958|Manoel Emídio
common_voice_pt_35966959|Albertina
common_voice_pt_35966964|Itapirapuã
common_voice_pt_35966966|Angical
common_voice_pt_35966967|Anamã
common_voice_pt_35966968|Tamboril do Piauí
common_voice_pt_35966969|Matias Barbosa
common_voice_pt_35966970|Boa Vista do Gurupi
common_voice_pt_35966971|Itueta
common_voice_pt_35966972|Brasilândia do Sul
common_voice_pt_35966973|Ipiguá
common_voice_pt_35966974|Passa-e-Fica
common_voice_pt_35966975|São João do Pau-d'Alho
common_voice_pt_35966976|Anitápolis
common_voice_pt_35966977|Solânea
common_voice_pt_35966978|Candeal
common_voice_pt_35966979|Simões
common_voice_pt_35966980|Itanhangá
common_voice_pt_35966981|Salete
common_voice_pt_35966982|Pitangui
common_voice_pt_35966988|Cedro de São João
common_voice_pt_35966989|Dobrada
common_voice_pt_35966990|Capivari
common_voice_pt_35966991|Cerrito
common_voice_pt_35966992|Guapiara
common_voice_pt_35966998|Guaraciama
common_voice_pt_35967000|Nova Luzitânia
common_voice_pt_35967001|Ibaté
common_voice_pt_35967002|Nova Bassano
common_voice_pt_35967003|Laranjal
common_voice_pt_35967004|Passabém
common_voice_pt_35967005|Ventania
common_voice_pt_35967006|Aquidauana
common_voice_pt_35967007|Muzambinho
common_voice_pt_36013110|Pilõezinhos
common_voice_pt_36013111|Piúma
common_voice_pt_36013112|Angelina
common_voice_pt_36013113|Mãe, sogra, cocaína.
common_voice_pt_36013114|Em julho, com pouco fogo ferver o perol.
common_voice_pt_36013115|Sobrado
common_voice_pt_36013116|Westfália
common_voice_pt_36013117|Sericita
common_voice_pt_36013118|Bilac
common_voice_pt_36013119|Riolândia
common_voice_pt_36013120|Eva quer o cabelo dela.
common_voice_pt_36013121|Dom Basílio
common_voice_pt_36013122|no Prefácio, são brilhantes
common_voice_pt_36013123|Faxinal
common_voice_pt_36013124|Coroados
common_voice_pt_36013125|Atitude corrompida ou corruptível
common_voice_pt_36013126|Divinésia
common_voice_pt_36013127|A vagina é um canal do órgão sexual feminino dos mamíferos
common_voice_pt_36013128|Itambacuri
common_voice_pt_36013129|As chamadas anuais correspondentes determinarão o montante desta ajuda.
common_voice_pt_36013131|Nuvens, leves já com bagagem, voavam com pressa para se perder.
common_voice_pt_36013132|Duvido que a filigrana possa agora ser feita cortando uma fatia do dia anterior.
common_voice_pt_36013133|Sentirão sensações de leveza durante a meditação
common_voice_pt_36013134|o trabalhador da indústria rural e a domicílio e o pequeno artesão
common_voice_pt_36013135|Biblioteca do Congresso dos Estados Unidos
common_voice_pt_36013137|Coito interrompido é um dos possíveis métodos contraceptivos
common_voice_pt_36013138|Boqueirão
common_voice_pt_36013139|união estável, proceder à partilha de bens
common_voice_pt_36013140|Fazer cessar ou extinguir aquilo que causara o sofrimento
common_voice_pt_36013141|assistente litisconsorcial.
common_voice_pt_36013143|Ele é muito superior em civilização, na indústria e no poder.
common_voice_pt_36013144|De que forma poderia ela agora preparar as horríveis poções?
common_voice_pt_36013145|qualquer funcionário ignorante e despótico pode dispor
common_voice_pt_36013146|A alternativa técnica formulada inclui projeto de urbanização.
common_voice_pt_36013147|Deslocamentos do Centro de Gravidade Mundial
common_voice_pt_36013150|Reações após sorteio da copa do mundo
common_voice_pt_36013151|Coordenação de experiência com pediatria, especificamente com doenças alérgicas.
common_voice_pt_36013152|nas conferências internacionais e pan-americanas
common_voice_pt_36013153|Participar na mudança das condições financeiras e administrativas exigidas.
common_voice_pt_36013154|assistência jurídica internacional;
common_voice_pt_36013156|Expuseram opiniões divergentes
common_voice_pt_36013157|Nosso carro acontece que agora existe algo em volta, se puder ajudar.
common_voice_pt_36013158|O papel deve ser destinado ao usuário final.
common_voice_pt_36013159|Aceitarão voluntariamente as irmandades às quais são propostos.
common_voice_pt_36013160|zelar pela guarda da Constituição, das leis e das instituições democráticas
common_voice_pt_36013162|Congratulações e júbilo
common_voice_pt_36013163|pela aquisição de fábricas nacionais pelo capital norte-americano
common_voice_pt_36013165|Joca Claudino
common_voice_pt_36013166|Ministério Público
common_voice_pt_36013168|Muniz Ferreira
common_voice_pt_36013169|Gramado dos Loureiros
common_voice_pt_36013170|Da Carta Rogatória
common_voice_pt_36013171|O secretário da Câmara Municipal de Cabrils ou o pessoal que substitui.
common_voice_pt_36013172|Cumprindo uma obrigação no terreiro
common_voice_pt_36013174|No sol quente, uma estrada estreita foi pavimentada.
common_voice_pt_36013175|situação de homem oprimido e esmagado
common_voice_pt_36013176|Anajatuba
common_voice_pt_36013177|a atitude dos social-democratas frente ao absolutismo e frente à liberdade política
common_voice_pt_36013178|empresas altamente mecanizadas
common_voice_pt_36013179|Desenvolver a psicografia
common_voice_pt_36013180|escassez de terras
common_voice_pt_36013181|Mensagem Inaugural da Associação Internacional dos Trabalhadores
common_voice_pt_36013182|Calor para dezembro, calor para janeiro, frio forte em fevereiro.
common_voice_pt_36013183|Rio Pardo de Minas
common_voice_pt_36013184|produção agrária nacional, particularmente daqueles artigos de consumo interno
common_voice_pt_36013186|na ausência de designação específica.
common_voice_pt_36013189|a inspeção das Nações Unidas ou a inspeção da Organização dos Estados Americanos
common_voice_pt_36013191|É impossível estacionar no centro de Calafell.
common_voice_pt_36013193|A Situação Política na Europa
common_voice_pt_36013199|minúsculas explorações agrícolas
common_voice_pt_36013200|O mercado de rua será realizado todas as manhãs de terça-feira do ano.
common_voice_pt_36013201|Satisfez suas necessidades
common_voice_pt_36013202|Um amigo em perigo é um verdadeiro amigo.
common_voice_pt_36013203|a necessidade da exploração e da expropriação
common_voice_pt_36013211|concessão de bases militares e à ocupação de nosso solo
common_voice_pt_36013217|é absolutamente incapaz de compreender que
common_voice_pt_36013224|Havia uma mulher desaparecida!
common_voice_pt_36013225|Uma velhaca, dona de partido fisiológico, se finge de vítima para esconder sua picaretagem
common_voice_pt_36013227|Maquinaria e Trabalho Vivo
common_voice_pt_36013234|Defende a urna eletrônica e critica apoiadores
common_voice_pt_36013235|Quatro horas trabalhadas e nos confrontaram.
common_voice_pt_36013237|Agitação Cartista
common_voice_pt_36013239|Novo Horizonte do Norte
common_voice_pt_36013249|Para que a empresa se recupere da crise, é preciso que a administração aja
common_voice_pt_36013251|Laboratório de análise ou centro leiteiro, quando aplicável, a que pertencem.
common_voice_pt_36013253|o caráter antagônico de nossas relações sociais
common_voice_pt_36013254|Anatomia, botânica, citologia e embriologia
common_voice_pt_36013274|o Plano Truman de uniformização de armamento e de sujeição de nossas
common_voice_pt_36013275|Quando o ouro fala, a palavra não é mais verdadeira.
common_voice_pt_36013278|Parece que eles sabem alguma coisa aqui, dentro dos pulmões.
common_voice_pt_36013289|chorar o retorno aqueles tempos de solidariedade, enquanto que a realidade exige a luta
common_voice_pt_36013290|Isso é hora de estar de pé em um dia de semana? Está tarde!
common_voice_pt_36013291|A proximidade da Feira de Julho preocupava a família.
common_voice_pt_36013292|muitos países já procederam a nacionalizações muito extensas
common_voice_pt_36013293|Neste contexto, um primeiro elemento chave é o nível de empreendedorismo.
common_voice_pt_36013305|materialismo, único método científico que exige que todo programa seja uma formulação exata
common_voice_pt_36013306|Rodando uma instância de rede
common_voice_pt_36013307|A descoberta de fontes termais levou à conclusão
common_voice_pt_36013308|Venho, por meio desta carta, solicitar uma reunião.
common_voice_pt_36013314|a lei estabelecerá o procedimento para desapropriação por necessidade ou utilidade pública
common_voice_pt_36013315|Afirmou estar sentindo-se pressionada
common_voice_pt_36013316|O calor vai aumentando à medida que o verão se aproxima.
common_voice_pt_36013317|Apenas configure um escritório de serviço
common_voice_pt_36013318|visando barrar o processo da democratização em que nos encontramos
common_voice_pt_36013320|A via navegável é ramificada através da planície.
common_voice_pt_36013321|e de sócios nas suas empresas mistas ou de investimento conjunto
common_voice_pt_36013322|Vidas Secas, do romancista brasileiro Graciliano Ramos
common_voice_pt_36013323|Função: facilita a transferência de assento para o controle deslizante na mesa.
common_voice_pt_36013421|Todas essas chapas de aço causaram frio e raiva.
common_voice_pt_36013423|A situação da Europa - O estado financeiro da França
common_voice_pt_36013425|Aceito seus termos, com um senão: preciso de um prazo maior.
common_voice_pt_36013427|a escassez de terras, os tributos exorbitantes e o jugo da administração
common_voice_pt_36013429|Neves Paulista
common_voice_pt_36013430|Carinhanha
common_voice_pt_36013431|Ao chegar em outubro, o inverno e o verão estão desmoronando.
common_voice_pt_36013432|Cosmorama
common_voice_pt_36013433|Eles serão contribuintes do excedente correspondente de exploração.
common_voice_pt_36013436|Destino de um Traidor
common_voice_pt_36013438|Cor: apresentam tons rosados e podem ter reflexos de framboesa, morango, groselha ou salmão.
common_voice_pt_36013440|Reagindo aos conselhos financeiros da Alexa
common_voice_pt_36013443|Quem quer muito pouco tem.
common_voice_pt_36013465|incitamento à reorganização de grupos fascistas, restos do integralismo
common_voice_pt_36013466|Mas Sangonera voltou a encolher para o barco sem obedecer ao mandato.
common_voice_pt_36013468|Ministério da Agricultura confirma casos de vaca louca
common_voice_pt_36013470|Higienize a ferida e coloque um curativo
common_voice_pt_36013472|Sanharó
common_voice_pt_36013475|União Soviética e a China
common_voice_pt_36013476|Símon Bolívar
common_voice_pt_36013477|Bugre
common_voice_pt_36013479|Afogados da Ingazeira
common_voice_pt_36013480|Uma xícara de açúcar faz café doce.
common_voice_pt_36013481|Para evitar a computação traiçoeira, precisamos de um grande número de cidadãos organizados.
common_voice_pt_36013482|Fabricante e boiardo
common_voice_pt_36013483|Riacho Frio
common_voice_pt_36013484|Missão Velha
common_voice_pt_36013490|Nova Granada
common_voice_pt_36013491|Você deve ouvir o concerto de louvor que sempre te rodeia!
common_voice_pt_36013492|Morto.
common_voice_pt_36013493|Almino Afonso
common_voice_pt_36013494|Apiúna
common_voice_pt_36013505|Qual o significado de bucéfalo?
common_voice_pt_36013506|Considero-me idealista, e tenho propósitos firmes que me instam a contribuir
common_voice_pt_36013507|Natércia
common_voice_pt_36013508|Ipiranga de Goiás
common_voice_pt_36013509|Sombrio
common_voice_pt_36013515|Bom Jesus dos Perdões
common_voice_pt_36013516|Hoje, a temperatura será maior entre noventa e quatro e onze graus Celsius.
common_voice_pt_36013517|Vila Propício
common_voice_pt_36013518|e o corpo fazia-se-me planta
common_voice_pt_36013519|Sapeaçu
common_voice_pt_36013950|A duração da autorização será de dois anos, extensível a cinco.
common_voice_pt_36013952|Chama-se tia de Calella porque se pensava que hoje era meu aniversário.
common_voice_pt_36013953|Estas ingênuas pretensões de envergonhar a intelectualidade burguesa por seu caráter burguês
common_voice_pt_36013962|Nesse sentido é bem elucidativo, para não falar nas cisões e recomposições do
common_voice_pt_36013963|todo despertar do pensamento rebelde do proletariado
common_voice_pt_36013964|Confira as últimas notícias e análises
common_voice_pt_36013965|O produto já perdeu sua validade
common_voice_pt_36014024|Diário do Centro do Mundo
common_voice_pt_36014025|Voarei contigo para o Zimbábue
common_voice_pt_36014031|Servidor interno autogerado
common_voice_pt_36014042|citação, intimação e notificação judicial e extrajudicial;
common_voice_pt_36014043|Colunista de política afirmou se tratar de um crime de ódio
common_voice_pt_36014044|Âncora enrolada em posição de âncora.
common_voice_pt_36014045|Tratamento para calvície
common_voice_pt_36014056|Sigefredo Pacheco
common_voice_pt_36014057|Balneário Rincão
common_voice_pt_36014058|Liberou um grande número de agrotóxicos
common_voice_pt_36014059|Gostaria de saber o porquê dessa algazarra.
common_voice_pt_36014060|O viúvo já se encontrava moribundo
common_voice_pt_36014061|Medicação antidepressiva foi administrada durante a terapia
common_voice_pt_36014062|Não, esta azeitona é preta.
common_voice_pt_36014082|Organograma ou fluxograma
common_voice_pt_36014083|Descalvado
common_voice_pt_36014084|Precisa que a imigração aumenta.
common_voice_pt_36014085|O policial foi truculento em sua abordagem
common_voice_pt_36014086|O Secretário permanente terá seu domicílio no mesmo da Comissão mista.
common_voice_pt_36014092|Estudante mineira descobre asteroide em projeto da Nasa
common_voice_pt_36014104|Silencioso
common_voice_pt_36014120|Tenho muita fé nos cáusticos, dizia ele.
common_voice_pt_36014121|A vida de uma estagiária
common_voice_pt_36014122|Precisamos falar sobre abuso sexual
common_voice_pt_36014123|A historiadora redigiu um ensaio
common_voice_pt_36014124|Mas no apocalipse geral, a fragrância da flor do arbusto sai delicada e delicadamente.
common_voice_pt_36014143|Adicione Roda Viva de Chico Buarque à minha playlist
common_voice_pt_36014144|Será pedido um hemograma completo das pacientes
common_voice_pt_36014186|Princesas da Disney nunca estão cansadas.
common_voice_pt_36014187|O gotejamento flui para o mar e continua vivo.
common_voice_pt_36014188|Não faça troça de todo este genocídio
common_voice_pt_36014189|Eldorado
common_voice_pt_36014190|Sons da floresta à noite
common_voice_pt_36014196|A bananeira produziu bem desta vez
common_voice_pt_36014197|Convergindo para um mesmo ponto
common_voice_pt_36014198|Inúbia Paulista
common_voice_pt_36014199|Rosa Maria Vendrell Gual, que atuará como membro.
common_voice_pt_36014200|Remove a maquiagem e tonifica a pele da face
common_voice_pt_36014206|Para fevereiro, sete gárgulas para um galgo.
common_voice_pt_36014207|O quadrinho estava politicamente incorreto.
common_voice_pt_36014208|Uma seção da estrada de ferro quebrou
common_voice_pt_36014209|Mogi Mirim
common_voice_pt_36014210|Nova página de complementos.
common_voice_pt_36014211|Talvez a narração me desse a ilusão
common_voice_pt_36014212|A congada é uma celebração religiosa brasileira
common_voice_pt_36014213|Bandeirantes
common_voice_pt_36014214|O fósforo não é meio tradutor.
common_voice_pt_36014215|Chute o traseiro dele até que se arrependa pelo que fez e disse
common_voice_pt_36014221|Quem mora em regiões onde acontecem tsunamis fica em perigo iminente após um terremoto.
common_voice_pt_36014222|empenhando-se em demonstrar sua imoralidade, em condenar, fulminar, envergonhar... e aniquilar
common_voice_pt_36014223|Quer que deixe o anonimato para depor sobre dossiê
common_voice_pt_36014224|Foi consultar o livro de feitiços
common_voice_pt_36014225|Função: Descreve o conteúdo da tela por síntese de voz.
common_voice_pt_36014232|Hei de providenciar
common_voice_pt_36014233|Poço de petróleo
common_voice_pt_36014234|Localizador uniforme de recursos
common_voice_pt_36014235|Os setores que estão no estabelecimento devem ser anotados e justificados.
common_voice_pt_36014236|embora soviético
common_voice_pt_36014237|Folia de reis
common_voice_pt_36014238|oportunisticamente
common_voice_pt_36014239|Igrejinha
common_voice_pt_36014240|Há uma caravana saindo hoje para o deserto.
common_voice_pt_36014242|Assistência técnica e assessoria metodológica para o desenvolvimento das ações contempladas no projeto.
common_voice_pt_36014243|Para obter a documentação, foi um processo bem burocrático
common_voice_pt_36014244|Carnaval e Quinta-feira Santa sem lua nunca serão vistos.
common_voice_pt_36014245|Deixe ver o pulso.
common_voice_pt_36014246|Todo recém-nascido é lindo, todo noivo é bom, cada falecido é um santo.
common_voice_pt_36014256|A asa traseira é em forma de leque.
common_voice_pt_36014257|variabilidade de vocabulário
common_voice_pt_36014258|Nossa galáxia, a Via Láctea, aparentemente contém matéria escura.
common_voice_pt_36014259|Ansiedade, tensão e esgotamento
common_voice_pt_36014260|Assumindo sua homossexualidade ou bissexualidade
common_voice_pt_36014267|Medianeira
common_voice_pt_36014268|Sobre abóboras
common_voice_pt_36014269|Moscovo
common_voice_pt_36014281|Acidente aéreo em Piedade de Caratinga, Minas Gerais
common_voice_pt_36014282|política externa expansionista, inspirada e guiada pela reação americana
common_voice_pt_36014283|Na parte centro-sul da atual província de Hainan.
common_voice_pt_36014284|Chopinzinho
common_voice_pt_36014285|Tem uma área de cinquenta e oito metros, oitenta e sete decímetros quadrados.
common_voice_pt_36014309|Pretensão de prejuízo ao erário
common_voice_pt_36014310|Espantou-se com o vislumbre daquela situação miraculosa
common_voice_pt_36014311|O youtuber foi desmonetizado
common_voice_pt_36014312|parte do aparelho reprodutor, que se estende do colo do útero à vulva
common_voice_pt_36014314|Isto é, atualmente o multilinguismo é a norma mais comum.
common_voice_pt_36014357|Quem compra a comida, todo mundo olha para o prato.
common_voice_pt_36014358|Senador Modestino Gonçalves
common_voice_pt_36014360|Novo Alegre
common_voice_pt_36014361|Japaratuba
common_voice_pt_36014368|Camamu
common_voice_pt_36014370|Nhandeara
common_voice_pt_36052785|Os Lusíadas também é uma obra famosa no Brasil
common_voice_pt_36052787|Tive outras muitas, melhores, e piores, mas aquela nunca se me apagou do espírito.
common_voice_pt_36052789|Vinhedo na beira da estrada e janela mulher estão em mau estado.
common_voice_pt_36052797|Se ponho o caldeirão a fazer de vaso, onde cozinho eu depois?
common_voice_pt_36052800|Certa noite de verão, um fazendeiro voltou para casa depois de um dia gordo.
common_voice_pt_36052856|Preenchendo o interruptor com silício
common_voice_pt_36052857|Lingua de carne com sabor
common_voice_pt_36052864|Quatro horas da tarde e nada de notícias.
common_voice_pt_36052867|Foz do Jordão
common_voice_pt_36052870|Pediu uma pizza à napolitana
common_voice_pt_36052944|Identifica e atualiza, de acordo com o organograma, as unidades administrativas do organismo.
common_voice_pt_36052947|Tratou de uma predileção afável
common_voice_pt_36052962|Não chore, mãe diz que você tem que compartilhar.
common_voice_pt_36052969|Santo Amaro da Imperatriz
common_voice_pt_36052972|Reserva do Iguaçu
common_voice_pt_36053036|Não tenha um rei ou rocha ou uma espingarda que queime fogo.
common_voice_pt_36053038|Com uns pés de sardinheiras ficava bem bonito.
common_voice_pt_36053045|Desmonte das políticas de bem estar social
common_voice_pt_36053047|Para quem não tem sementes, agosto é março.
common_voice_pt_36053049|teria os seus cinqüenta e cinco anos.
common_voice_pt_36053082|Chegamos na estação do parque olímpico
common_voice_pt_36053088|Em vez disso, vamos para a Nova Zelândia.
common_voice_pt_36053090|As vilãs das telenovelas
common_voice_pt_36053091|Floreal
common_voice_pt_36053093|Condor
common_voice_pt_36053153|A noiva está usando véu e grinalda
common_voice_pt_36053156|Exercícios para a mandíbula
common_voice_pt_36053157|Você sempre ri assim?
common_voice_pt_36053159|Extrato da conta corrente
common_voice_pt_36053161|É um sítio bem frequentado
common_voice_pt_36053214|Suspensão ou advertência?
common_voice_pt_36053215|É um espécime macho e viril
common_voice_pt_36053216|Dionísio
common_voice_pt_36053219|Se ele disse ao surdo, ele não disse o perecível.
common_voice_pt_36053221|Tudo o que vi foi um aglomerado de pessoas.
common_voice_pt_36053259|Capitólio
common_voice_pt_36053264|Presidente Juscelino
common_voice_pt_36053267|Tinta de pequena cerveja amarela.
common_voice_pt_36053269|Colete a seiva enquanto escorre
common_voice_pt_36053325|Cada sino não queima o granizo.
common_voice_pt_36053327|São Martinho
common_voice_pt_36053328|A costureira consentiu com essas carícias.
common_voice_pt_36053329|Engenheiro Beltrão
common_voice_pt_36053330|Vacine-se contra meningite
common_voice_pt_36053370|Peresa é a mãe da pobreza.
common_voice_pt_36053375|Muitas pessoas gritaram e gritaram.
common_voice_pt_36053378|Quarto Centenário
common_voice_pt_36053380|Um site interessante está aqui.
common_voice_pt_36053454|Oratórios
common_voice_pt_36053455|E de pé, com o dedo indicador, tocou-lhe na testa.
common_voice_pt_36053457|Nova Santa Bárbara
common_voice_pt_36053460|Cultivo de uma pequena horta na varanda
common_voice_pt_36053461|Ilha das Flores
common_voice_pt_36053573|Jericó
common_voice_pt_36053579|Ladário
common_voice_pt_36053581|Tupi Paulista
common_voice_pt_36053584|Vermelho Novo
common_voice_pt_36053586|A nevasca que acometeu o sul do Brasil na noite passada
common_voice_pt_36053666|Lastro
common_voice_pt_36053670|Aqui vende roupinhas para capivaras?
common_voice_pt_36053673|Adicione uma conta de loja na parte de trás.
common_voice_pt_36053677|Para a Ascensão, a ave não amamenta.
common_voice_pt_36053680|Beleza puxa mais de dez volumes.
common_voice_pt_36053763|Os usos proibidos são os residenciais.
common_voice_pt_36053765|Entrevista exclusiva
common_voice_pt_36053767|O final da boca é muito longo e fresco.
common_voice_pt_36053768|Reforma do sindicato patronal
common_voice_pt_36053769|Custódia
common_voice_pt_36053880|Rasgue o preço do bloco amarelo.
common_voice_pt_36053888|A menina abraçou seu gatinho.
common_voice_pt_36053892|O sol continua a aquecer a atmosfera.
common_voice_pt_36053909|Alto mar sem vento, não prometa tempo seguro.
common_voice_pt_36053915|A doença é pega no cavalo e vai a pé.
common_voice_pt_36053961|Ele tentou coletar estrume da rua e vendê-los, mas ele não saiu.
common_voice_pt_36053963|Cheguei ao dinheiro da minha pensão, por favor?
common_voice_pt_36053965|Deus é o único ser que governa, sem ter que existir.
common_voice_pt_36053968|A atitude do superior e do inferior não é bem guardada.
common_voice_pt_36053969|Protestou contra a fome em frente à mansão
common_voice_pt_36054035|Doar cobertores para a população em situação de rua
common_voice_pt_36054037|Os setores emergentes que poderiam ser relevantes.
common_voice_pt_36054039|Se portar diante da câmera
common_voice_pt_36054042|Havia então um andaço de febres;
common_voice_pt_36054046|Tecendo e filmando, a vida está acontecendo.
common_voice_pt_36054080|Eu segui ele.
common_voice_pt_36054081|Alimente o rato branco com algumas sementes.
common_voice_pt_36054082|O número de combinações possíveis e consequentes utilizações parece ilimitado.
common_voice_pt_36054084|Carteira do inscrito
common_voice_pt_36054085|Datas
common_voice_pt_36054160|Conchas
common_voice_pt_36054162|Torres
common_voice_pt_36054164|A velocidade máxima é essa.
common_voice_pt_36054166|Aquele que avisa não é um traidor.
common_voice_pt_36054171|Estes progressos devem acelerar inevitavelmente a extinção das velhas
common_voice_pt_36054548|O dinheiro ou a circulação de mercadorias
common_voice_pt_36054550|Retratando uma garota rural
common_voice_pt_36054553|Adicione uma pitada de açúcar e outra de sal.
common_voice_pt_36054570|O volume é, se não o fizer, semelhante.
common_voice_pt_36054572|À vista ou parcelado?
common_voice_pt_36054615|Rosto largo e olhos grandes, cara de coruja.
common_voice_pt_36054621|No final, adicione os bigodes claros.
common_voice_pt_36054623|Envolver se tornou um sucesso nos principais streamings de músicas
common_voice_pt_36054625|Se o inverno é alto, a safra é boa.
common_voice_pt_36054671|Ocupa uma área construída de aproximadamente dezessete metros, oitenta e dois centímetros quadrados.
common_voice_pt_36054674|Entre a primeira perna, almoço, cafés e o retorno os cinco foram feitos.
common_voice_pt_36054676|Sob o cobertor não há preto ou branco.
common_voice_pt_36054677|Tenderá a ter sonhos lúcidos
common_voice_pt_36054678|Modelos de bonecos infláveis
common_voice_pt_36054713|Dom Feliciano
common_voice_pt_36054718|A dívida total reclamada é no valor de mil oitocentos e oitenta euros.
common_voice_pt_36054721|Não é difícil formular tudo isso como um polinômio.
common_voice_pt_36054723|Coma, beba e não acredite.
common_voice_pt_36054724|de nossos pequenos produtores
common_voice_pt_36054798|A pior moto sempre puxa mais.
common_voice_pt_36054803|Salgado
common_voice_pt_36054823|Urussanga
common_voice_pt_36054834|A piscina costumava ser estufas tropicais.
common_voice_pt_36054934|Informática descomplicada
common_voice_pt_36054940|Desde quando os japoneses começaram a comer arroz branco?
common_voice_pt_36054942|Garibaldi
common_voice_pt_36054945|Fiz tatuagens em meus ombros
common_voice_pt_36054946|Essa festa virou um enterro
common_voice_pt_36055036|Adoro esse estilo de arquitetura.
common_voice_pt_36055041|na fase dos monopólios, do capital financeiro e do imperialismo
common_voice_pt_36055042|Sustentando a desinformação de que existe tratamento precoce para coronavírus
common_voice_pt_36055044|Com instrumentos de cordas.
common_voice_pt_36055109|Prateleiras de caça ninguém fica rico
common_voice_pt_36055110|A cadela ficou famosa por acenar para os clientes do supermercado
common_voice_pt_36055112|Foi acusado de ser o receptador
common_voice_pt_36055186|O ministério adquiriu picanhas e leite condensado para os militares
common_voice_pt_36055187|Você tem uma amostra da capa nesta imagem.
common_voice_pt_36055188|Na segunda-feira, apague as luzes.
common_voice_pt_36055192|Nunca discuta com pão e manteiga.
common_voice_pt_36055196|Filadélfia
common_voice_pt_36055274|Eu não sabia se você estava em uma emergência ou não.
common_voice_pt_36055277|A carroça estava se movendo em rodas bem lubrificadas.
common_voice_pt_36055282|Qual é a pontuação?
common_voice_pt_36055285|De acordo com a receita, precisamos de mostarda.
common_voice_pt_36055288|Palestras familiares de além-túmulo
common_voice_pt_36067522|O jogador foi xingado de viado.
common_voice_pt_36067524|Amigo zangado, inimigo torto.
common_voice_pt_36067525|Começa a Revolução Bolchevique
common_voice_pt_36067526|Lidera a corrida para o senado
common_voice_pt_36067527|livre concorrência
common_voice_pt_36067533|A marinha foi atacada pelo grande silo.
common_voice_pt_36067534|Engenheiro Coelho
common_voice_pt_36067536|Os valores a serem reembolsados serão considerados como receita de direito público.
common_voice_pt_36067537|Comandante Guevara, em seu discurso na Assembleia Geral
common_voice_pt_36067543|Um ácer brilhante torna o ambiente inflado.
common_voice_pt_36067544|Bonde da insegurança acadêmica
common_voice_pt_36067545|Partido Socialista cubano
common_voice_pt_36067546|Assim, encontramos no mesmo código uma lei que proíbe o uso do tabaco.
common_voice_pt_36067548|O velho touro, novo esqueleto.
common_voice_pt_36067549|A marca M é usada para homens.
common_voice_pt_36067550|Charqueada
common_voice_pt_36067551|Faxinalzinho
common_voice_pt_36067552|Porque ele tem graça, eu decido atirar neles.
common_voice_pt_36067553|Perdeu milhões em uma pirâmide financeira
common_voice_pt_36067554|Fazemos isso em ordem cronológica.
common_voice_pt_36067555|Embora nós comemos muito devagar
common_voice_pt_36067556|Leite e dois açucares, por favor.
common_voice_pt_36067557|A velha vassoura conhece todos os cantos.
common_voice_pt_36067558|Carteira de Identidade ou Registro Geral
common_voice_pt_36067559|Sacerdote tetraplégico
common_voice_pt_36067560|Forno, fogão, cooktop
common_voice_pt_36067561|Porto Esperidião
common_voice_pt_36067562|Simbiose industrial que promove a eficiência dos recursos materiais além da água.
common_voice_pt_36067563|Será a lei, será o prazer ridicularizar a terceira pessoa?
common_voice_pt_36067564|Quanto tempo o próximo ônibus passará?
common_voice_pt_36067565|Palmitinho
common_voice_pt_36067566|Morro da Fumaça
common_voice_pt_36067567|Betânia do Piauí
common_voice_pt_36067568|Uma coincidência vulgar
common_voice_pt_36067569|Quando você volta para a escola porque não estou ansioso.
common_voice_pt_36067571|Vertentes
common_voice_pt_36067572|Os locais fornecidos são cobertos por meio de promoção interna.
common_voice_pt_36067573|Em abril, duas horas de sono é dormir.
common_voice_pt_36067574|O que não foi visto em resumos, as costuras fazem de você pragas.
common_voice_pt_36067575|Fonte de textos originais de domínio público.
common_voice_pt_36067576|O melhor santo é San Juan.
common_voice_pt_36067577|São Jorge do Patrocínio
common_voice_pt_36067578|negocistas
common_voice_pt_36067579|Tabuleiro
common_voice_pt_36067580|pedantismo
common_voice_pt_36067581|A tradução para o catalão da interface do LibreOffice seis está completa.
common_voice_pt_36067582|Eles geralmente simulam rochas, arbustos, corrimões e assim por diante.
common_voice_pt_36067583|Resplendor
common_voice_pt_36067584|Zulenir Prudencio da Silva
common_voice_pt_36067585|O termostato é programado artificialmente sempre que a temperatura exterior cai
common_voice_pt_36067586|O processo de bolha é exatamente o mesmo.
common_voice_pt_36067587|Desterro
common_voice_pt_36067588|Sentinela do Sul
common_voice_pt_36067589|mil horas de dados de voz
common_voice_pt_36067595|Fronteira dos Vales
common_voice_pt_36067596|Imprima os boletos em braille
common_voice_pt_36067597|Hoje, a nova namorada foi demitida.
common_voice_pt_36067598|Estilo de vida sedentário
common_voice_pt_36067599|Compartilhá-los será impossível, pelo menos usando os arquivos autorizados obtidos dessas empresas.
common_voice_pt_36067600|displicência
common_voice_pt_36067601|Não há ninguém mais do que nós e eles têm o barco mimado.
common_voice_pt_36067602|Venda seu presente para um cliente com lucro.
common_voice_pt_36067603|Sara sabe como assediar sua irmã.
common_voice_pt_36067604|Pentecoste
common_voice_pt_36067605|Supervisionar os relatórios solicitados pelos tribunais.
common_voice_pt_36067606|O cãozinho foi imunizado contra raiva
common_voice_pt_36067608|Em algum momento esta aparente contradição deve ser explicada.
common_voice_pt_36067609|Faça grandes lucros
common_voice_pt_36067610|Vai ver o palco
common_voice_pt_36067611|Pode ser afundado na água e ainda mais fácil no vinho.
common_voice_pt_36067612|Comercinho
common_voice_pt_36067613|Apague esta candeia
common_voice_pt_36067614|Ele rastreia despesas menores e controla bancos e dinheiro.
common_voice_pt_36067615|Uma pequena menina deslizando de cabeça para baixo em um slide vermelho brilhante.
common_voice_pt_36067617|Eu continuo com o trabalho sem tirar férias no Natal.
common_voice_pt_36067618|Quem brinca com fogo está queimando.
common_voice_pt_36067619|Olho d'Água do Borges
common_voice_pt_36067620|Essa forma específica de codificação requer um mecanismo de cruzamento especializado.
common_voice_pt_36067621|Fofoqueiro contumaz
common_voice_pt_36067622|Entre as causas das desgraças humanas estão o orgulho e o egoísmo
common_voice_pt_36067624|Mathias Lobato
common_voice_pt_36067625|Meu nome está nos jornais.
common_voice_pt_36067626|O cilindro rolou montanha abaixo
common_voice_pt_36067627|A inteligência artificial poderá erradicar a miséria
common_voice_pt_36067628|Incêndios de fumaça não têm chama e calor.
common_voice_pt_36067629|A porta estava aberta.
common_voice_pt_36067630|Doutor Camargo
common_voice_pt_36067631|As litologias encontradas correspondem a rochas sedimentares consolidadas como calcário e calcário.
common_voice_pt_36067632|Ele cozinhou o inimigo.
common_voice_pt_36067633|milhões de rublos dos lucros extorquidos
common_voice_pt_36067634|Por favor, leia cuidadosamente as informações a seguir.
common_voice_pt_36067635|Gália
common_voice_pt_36067636|acentuar o caráter monopolista e cada vez mais impiedoso e voraz
common_voice_pt_36067637|De acordo com a placa, o estacionamento está fechado hoje
common_voice_pt_36067638|É ineficaz para atropelar um canudo vazio.
common_voice_pt_36067639|Quem está muito tempo na casa, eles batem na porta depois dos saltos.
common_voice_pt_36067641|Ela vai ser na terça-feira?
common_voice_pt_36067642|Qual é uma das crenças centrais no serviço?
common_voice_pt_36067643|Qual é o nome dado a alimentos como pão, cereais e batatas?
common_voice_pt_36067644|Explanou vagarosamente e pausadamente
common_voice_pt_36067645|A amizade inchada raramente se torna um todo.
common_voice_pt_36067646|Centralizar reflexões e avaliações
common_voice_pt_36067647|A sala cujas paredes estão manchadas.
common_voice_pt_36067648|Os brotos não quebram a madeira macia.
common_voice_pt_36067649|É urgente
common_voice_pt_36067650|Os prêmios consistirão em uma distinção comemorativa do Dia das Crianças.
common_voice_pt_36067651|Malhador
common_voice_pt_36067652|Humberto de Campos
common_voice_pt_36067653|Diamante
common_voice_pt_36067698|Palhaços andando pela rua, aparentemente em um desfile com um Porta Potty no fundo
common_voice_pt_36067699|Preciso tomar café todo dia pela manhã ou não acordo.
common_voice_pt_36067700|Placas solares para captação
common_voice_pt_36067701|Whey protein é um bom suplemento alimentar
common_voice_pt_36067702|Unidade de bomba de hélice.
common_voice_pt_36067703|Havia sangue por toda parte.
common_voice_pt_36067704|O júri descriminou o réu após um julgamento que durou meses.
common_voice_pt_36067705|Nós, portanto, o máximo que podemos aspirar no campo dos encantamentos é produzir curandeiros.
common_voice_pt_36067706|Madalena
common_voice_pt_36067707|Reflexões acerca das atribulações socioeconômicas
common_voice_pt_36067708|Nas áreas principais, o número de alunos por grupo será de trinta.
common_voice_pt_36067709|Qual é o melhor uso para construir uma ponte?
common_voice_pt_36067712|Compre um chinelo tropical
common_voice_pt_36067713|não para salvar a vida, como comemos e dormimos
common_voice_pt_36067714|Pio Décimo-Segundo
common_voice_pt_36067715|Reducionismo e revisionismo histórico
common_voice_pt_36067716|É claro que a competitividade nas transações comerciais acarreta um processo de reformulação
common_voice_pt_36067717|vou tratar de metê-lo no seminário quanto antes.
common_voice_pt_36067718|Será de plástico retangular, com o número gravado na cor preta.
common_voice_pt_36067719|Renda Básica Universal
common_voice_pt_36067720|Você consegue ver o farol no topo da turbina eólica?
common_voice_pt_36067721|como todos os documentos falsos
common_voice_pt_36067722|Telêmaco Borba
common_voice_pt_36067728|Preocupa-se tanto assim com sua autoimagem?
common_voice_pt_36067729|e veio para o Rio de Janeiro com a família
common_voice_pt_36067730|Você poderia manter uma mesa para quatro, por favor?
common_voice_pt_36067731|Gato velho, não diga a ele para misturar.
common_voice_pt_36067732|Essa idéia era nada menos que a invenção de um medicamento
common_voice_pt_36067733|Eu fui a Tóquio há alguns anos atrás.
common_voice_pt_36067734|Mas não apenas o software livre é prejudicado.
common_voice_pt_36067735|O comboio da vergonha levou o coronavírus até a Assembleia Geral
common_voice_pt_36067736|Este é o ônibus para Bangor?
common_voice_pt_36067738|Casamento entre parentes, filhos carinhosos e maus.
common_voice_pt_36067743|Ela é colombiana
common_voice_pt_36067744|Morreu de susto
common_voice_pt_36067745|Esteja informada dos recentes ataques
common_voice_pt_36067746|Esse filme é um dos que menos chamaram a atenção no Oscar.
common_voice_pt_36067747|Vai lidar com o problema da locomotiva
common_voice_pt_36067748|Galileia
common_voice_pt_36067749|Panorama
common_voice_pt_36067750|Se o Natal cair na quinta-feira, dobre o arado e venda os touros.
common_voice_pt_36067752|Estágio Universitário de Experiência de Trabalho Juvenil
common_voice_pt_36067763|Ladainha
common_voice_pt_36067764|Essa loira é fofa.
common_voice_pt_36067765|Ele tem um cabelo curto e curto.
common_voice_pt_36067766|Olivera plantou em novembro, nunca mentindo.
common_voice_pt_36067767|É o que acontece com esse tipo de óculos montado no ar.
common_voice_pt_36067768|Sertaneja
common_voice_pt_36067769|Guia Lopes da Laguna
common_voice_pt_36067770|Correntes
common_voice_pt_36067771|Somente pessoas podem viver na água.
common_voice_pt_36067772|Ela se sentou no chão tomando seu café.
common_voice_pt_36067773|Santos
common_voice_pt_36067774|Quem quer que corte o lugar, deixe o cachorro latir.
common_voice_pt_36067775|Na segunda saída
common_voice_pt_36067776|Neste procedimento, a intervenção de um advogado e solicitador é obrigatória.
common_voice_pt_36067777|Pagamento de horas extras
common_voice_pt_36067778|Cada vez mais filhos cortam laços com os pais por sua saúde mental
common_voice_pt_36067779|Música estridente me alegra no período da manhã.
common_voice_pt_36067780|Flores florescem no jardim.
common_voice_pt_36067781|Nós viemos das cabanas.
common_voice_pt_36067782|Na chuva, a árvore floresce, não dá frutos.
common_voice_pt_36067784|Já comprou os ingressos para nós.
common_voice_pt_36067785|Peixe que corta, peixe pescado.
common_voice_pt_36067786|O ácido láurico é encontrado no óleo de coco
common_voice_pt_36067787|Tu orientas conforme repassado pelo mestre catedrático?
common_voice_pt_36067788|Papo com a gestora
common_voice_pt_36067789|Ativar modo notuno.
common_voice_pt_36067790|Ela era muito engraçada.
common_voice_pt_36067791|Uma líder de torcida loura de sorriso funciona com uma audiência no fundo.
common_voice_pt_36067792|Colaboradores mobilizam suas próprias comunidades
common_voice_pt_36067798|É isso que o exemplo dos americanos finalmente demonstra.
common_voice_pt_36067800|Arceburgo
common_voice_pt_36067801|Terra Roxa
common_voice_pt_36067802|Esteve estupefata, perplexa, diante daquela irreverência
common_voice_pt_36067808|Em setembro, quem tem trigo que ele se lembrava.
common_voice_pt_36067809|ir a África
common_voice_pt_36067810|Estou me especializando em fisiologia, histologia e microbiologia
common_voice_pt_36067811|Terei que sair na porrada
common_voice_pt_36067812|Raspe seus olhos
common_voice_pt_36067813|O Luiz Guilherme fez estágio em a plataforma da Petrobrás.
common_voice_pt_36067814|Leia apenas o que o medidor diz.
common_voice_pt_36067816|Mostardas
common_voice_pt_36067817|Córrego Novo
common_voice_pt_36067823|Onde há galos, não há galinhas.
common_voice_pt_36067824|Eu não gosto de manter animais em casa.
common_voice_pt_36067835|Orleans
common_voice_pt_36067836|Audiência pré-processual
common_voice_pt_36067837|Homem casado, homem doado.
common_voice_pt_36067838|A apatia é pior que o ódio
common_voice_pt_36067839|Minhas bicicletas são feitas de cromo.
common_voice_pt_36067851|Bem, por favor, olhe para o penhasco do topo do mastro!
common_voice_pt_36067852|O urânio em plutônio é radioativo.
common_voice_pt_36067853|Eu quero ver o filme mais recente.
common_voice_pt_36067854|Quero café!
common_voice_pt_36067865|Situação de compatibilidade dos deputados.
common_voice_pt_36067866|Agora somos fugitivas
common_voice_pt_36067867|Uma mulher está olhando para uma máquina de vendas tentando decidir qual item escolher
common_voice_pt_36067868|Quartel Geral
common_voice_pt_36067869|Artur Francisco Saturnino de Figueiredo
common_voice_pt_36067871|Animal alugado é sempre comido.
common_voice_pt_36067872|Uma mesa está disponível para três para comer.
common_voice_pt_36067873|A sexualidade é um mistério.
common_voice_pt_36067874|Ela ainda está respirando
common_voice_pt_36067875|Você gostaria de viajar para a Flórida, senhor?
common_voice_pt_36067876|O que é o tempo hoje?
common_voice_pt_36067877|Ela me traiu por diversas vezes sem que eu soubesse
common_voice_pt_36067878|Eu quero perguntar sobre o antílope.
common_voice_pt_36067884|Brade a Europa à terra inteira
common_voice_pt_36067885|Quantas vagas tem este concurso?
common_voice_pt_36067886|Qual é o seu sobrenome?
common_voice_pt_36067887|Baixando as listas de criptomoedas
common_voice_pt_36067888|livro local em um restaurante altamente cotado no Tajiquistão
common_voice_pt_36067889|Me dê a lista de filmes mais vistos
common_voice_pt_36067890|As primeiras células eucarióticas teriam surgido a partir das células procarióticas
common_voice_pt_36067891|Ele foge do mar que não sabe nadar.
common_voice_pt_36067892|Nós nos vestimos para se adequar ao clima da maioria dos dias.
common_voice_pt_36067893|Somente o grau que é de um guindaste superior será levado em conta.
common_voice_pt_36067895|Ele foi direto para o pároco.
common_voice_pt_36067896|Nem o radar nem os outros instrumentos detectaram o bombardeiro stealth.
common_voice_pt_36067897|Dois homens e uma mulher estão vestindo trajes tradicionais enquanto dançam em um festival
common_voice_pt_36067898|Eu comprei um frango e dois pato.
common_voice_pt_36067899|Um menino está saltando no skate no meio de uma ponte vermelha.
common_voice_pt_36067900|Alfredo Wagner
common_voice_pt_36067901|Um macho está andando na rua.
common_voice_pt_36067902|Onde você vai de férias?
common_voice_pt_36067903|Seria necessário descer de ônibus até a loja para chegar a tempo.
common_voice_pt_36067905|Como o Mozilla vai lidar com ambiguidades como fila e sugestão?
common_voice_pt_36067906|O ar gelado passou pelo casaco.
common_voice_pt_36067907|Minha filha se tornou vegetariana.
common_voice_pt_36067908|Revolta da Balaiada
common_voice_pt_36067909|Entre no meu escritório!
common_voice_pt_36067910|Quem tem a bunda fazendo o preço.
common_voice_pt_36067911|A análise das amostras de sangue detectou a presença de cocaína
common_voice_pt_36067912|Eles alugaram um barco e desceram o rio.
common_voice_pt_36067913|Alguém está pintando uma parede lá fora.
common_voice_pt_36067914|Aurilene Oliveira Ribeiro Silva
common_voice_pt_36067915|Garcia foi lá domingo.
common_voice_pt_36067916|Como se eles matassem um.
common_voice_pt_36067917|Brenda Furtado Bastos
common_voice_pt_36067918|com cada um dos operadores de telecomunicações.
common_voice_pt_36067919|Montezuma
common_voice_pt_36067920|Olhou pelo retrovisor
common_voice_pt_36067921|colocar o melhor rock na lista de reprodução em espanhol
common_voice_pt_36067923|Um homem de camisa azul andando de moto no Japão.
common_voice_pt_36067926|Comprou duas caixas de fogos de artifício.
common_voice_pt_36067935|As despesas causadas pela frustração da entrega atribuível ao comprador estão sob sua responsabilidade.
common_voice_pt_36067936|Algodão de Jandaíra
common_voice_pt_36067937|Laranja precoce, rara, azeda e mais cara, apareceu no mercado desafiador.
common_voice_pt_36067938|Esta droga estava pronta para andar.
common_voice_pt_36067939|Recomeçou recentemente
common_voice_pt_36067940|regime dos portos, navegação lacustre, fluvial, marítima, aérea e aeroespacial;
common_voice_pt_36067941|No passado, os desenvolvedores precisavam adaptar e compilar todas as bibliotecas e ferramentas necessárias.
common_voice_pt_36067942|para fins de investigação criminal ou instrução processual penal
common_voice_pt_36067944|Entregue a bonequinha de porcelana
common_voice_pt_36067949|Finalização das rubricas relatadas
common_voice_pt_36067951|Você pode pesquisar Nunca vire as costas para um show de amigo?
common_voice_pt_36067952|Porto dos Gaúchos
common_voice_pt_36067953|O galo estava na frente do ovo.
common_voice_pt_36067959|Procurarei a tinta e os pincéis
common_voice_pt_36067960|uma pessoa vestindo uma mochila sentado ao lado de uma montanha rochosa.
common_voice_pt_36067961|Universidade de Colônia.
common_voice_pt_36067962|Fez um aceno aos lobistas
common_voice_pt_36067963|Adicione uma coluna e insira o valor aqui.
common_voice_pt_36067969|Propulsão utilizando matéria escura
common_voice_pt_36067971|Existe alguma possibilidade de expansão?
common_voice_pt_36067972|Um ciclista desliza ao longo da borda de um quarto de círculo.
common_voice_pt_36067973|Aquele que você está bloqueando.
common_voice_pt_36067974|crianças vestidas de kimono estão andando pela rua para um festival infantil.
common_voice_pt_36067976|Livros sobre medicina.
common_voice_pt_36067977|Ele pegou seu celular e fez uma selfie.
common_voice_pt_36067978|Feminino, masculino ou gênero neutro
common_voice_pt_36067984|O travesseiro macio foi facilitado pela queda de um homem.
common_voice_pt_36067985|Guarda-chuvas e lixo sentado em um quarto bagunçado
common_voice_pt_36067986|Me dê oito cacetinhos, por favor
common_voice_pt_36067987|Os preços dos painéis solares caíram nos últimos anos.
common_voice_pt_36067988|Fechar portão.
common_voice_pt_36067989|literalmente esfomeadas nas fazendas, nas usinas, nas minas de ouro
common_voice_pt_36067990|União Africana
common_voice_pt_36067991|A almofada era suave e convidativa.
common_voice_pt_36067992|Voltar
common_voice_pt_36067998|A receita de farofa do meu pai foi um destaque desta época de quarentena.
common_voice_pt_36067999|Eu quero voltar para o país para morar.
common_voice_pt_36068000|Uma tigela não é barata, são necessários trezentos ienes.
common_voice_pt_36068001|Sirva bem quente.
common_voice_pt_36068002|O prato estava um tanto quanto salgado
common_voice_pt_36068003|O mercado de ações adivinhou algo aos olhos da esposa de seu ex-diretor.
common_voice_pt_36068004|Eu quero contratar um carro.
common_voice_pt_36068005|O único método de votação é face a face.
common_voice_pt_36068006|Sua envergadura chega a cento e vinte e três centímetros
common_voice_pt_36068007|Nós também tomamos duas caixas de cerveja.
common_voice_pt_36068013|Rotina operacional
common_voice_pt_36068014|Jamais permita que te ofendam pela sua cor, racismo é uma atitude vergonhosa
common_voice_pt_36068015|Anúncio
common_voice_pt_36068016|Tirando a jaqueta para fora? ele começou a limpar os óculos.
common_voice_pt_36068018|Uma mulher está segurando uma lata de bebida.
common_voice_pt_36068020|A regra da cadeia é aplicada duas vezes a essa fórmula.
common_voice_pt_36068021|Ninguém está tentando roubar de você.
common_voice_pt_36068022|Tabaco, vinho e fogo, pouco.
common_voice_pt_36068023|Ela perdeu de vista um acidente automobilístico.
common_voice_pt_36068024|O headphone tinha quebrado
common_voice_pt_36068025|No total, mais de quarenta palestrantes participarão.
common_voice_pt_36068026|Dossiê da lavanda
common_voice_pt_36068027|O boletim médico divulgado na tarde deste domingo.
common_voice_pt_36068033|a prisão do mercado capitalista
common_voice_pt_36068035|Os peritos apontaram o autor do ataque.
common_voice_pt_36068036|Edvaldo, Valmir, Lídia e Flávio
common_voice_pt_36068037|Preciso abastecer minha nave
common_voice_pt_36068043|Esconder loja
common_voice_pt_36068044|Os comentários me levaram a caça selvagem.
common_voice_pt_36068045|Definitivamente fratura ou precisa abrir uma faca
common_voice_pt_36068046|Alguns tecidos ajudam a absorver melhor o suor na prática de atividades físicas.
common_voice_pt_36068047|Também permite criar grupos de até duzentas pessoas.
common_voice_pt_36068048|As hastes dos óculos altos racharam e quebraram.
common_voice_pt_36068049|O ladino está comemorando seu triunfo.
common_voice_pt_36068050|Donald Trump e Barack Obama não são bons amigos.
common_voice_pt_36068052|Ele hackeou um banco de dados.
common_voice_pt_36068058|Aqui está o meu número de telefone.
common_voice_pt_36068059|Isso também inclui mensagens enviadas do Outlook.
common_voice_pt_36068060|Eu machuquei minha perna.
common_voice_pt_36068061|Melhor suporte de mídia em todas as plataformas.
common_voice_pt_36068062|Os botões estão empilhados.
common_voice_pt_36068288|Um dançarino está realizando um movimento de dança.
common_voice_pt_36068289|Meu cachorro é um alsaciano? que chamamos de "papoula".
common_voice_pt_36068290|Começou a soprar com mais força a elevação das areias do deserto.
common_voice_pt_36068291|variedade de vozes e modos de falar
common_voice_pt_36068292|Uma criança anda de bicicleta por um caminho pavimentado.
common_voice_pt_36068293|Pesquise imagens de gatos.
common_voice_pt_36068307|Você vai para a Campus Party esse ano?
common_voice_pt_36068308|Uma rua da cidade ocupada com pessoas e carros.
common_voice_pt_36068309|Todo o desporto do país e do mundo está aqui.
common_voice_pt_36068310|O preconceito estava implícito
common_voice_pt_36068311|Depois, acrescentou a notícia aos músicos do convento e conversou com o refeitório.
common_voice_pt_36068319|Boletim de instalação elétrica, com validade anual, da parada ou atração, se aplicável.
common_voice_pt_36068320|Como a seleção natural afeta a biodiversidade hoje?
common_voice_pt_36068321|Não foi possível colocar alimentos em uma geladeira ou freezer.
common_voice_pt_36068322|Que horas é o churrasco?
common_voice_pt_36068323|O cabo se rompeu com o acidente
common_voice_pt_36068333|O caso do extraterrestre de Varginha foi mais emblemático que o de Roswell
common_voice_pt_36068334|Suba sobre as formigas depois de amanhã
common_voice_pt_36068335|Foi atrás da população desbancarizada
common_voice_pt_36068341|Nós havíamos colocado seu nome na lista.
common_voice_pt_36068349|Este é um carro esportivo vermelho e branco descendo uma estrada de terra.
common_voice_pt_36068352|Você pode jogar no Youtube?
common_voice_pt_36068354|Nova Veneza
common_voice_pt_36068355|Para ser totalmente financiado?, alguns empréstimos devem ocorrer.
common_voice_pt_36068357|Seu site é variável, mas necessariamente tem um lugar.
common_voice_pt_36068360|Você vai voltar para casa no Natal?
common_voice_pt_36068362|Cristiano Ronaldo é um grande jogador de futebol.
common_voice_pt_36068363|Como está o trânsito hoje?
common_voice_pt_36068364|A televisão ainda está aqui para que eu possa assistir ao rugby.
common_voice_pt_36068370|Pois que recorram ao dicionário se acham o português brasileiro tão difícil
common_voice_pt_36068371|Eu comi o pudim de queijo.
common_voice_pt_36068372|Gorduras saturadas são, em geral, prejudiciais ao nosso organismo
common_voice_pt_36068373|Quando vai cair?
common_voice_pt_36068374|Pode reduzir a produção de células cancerígenas
common_voice_pt_36068380|Não certifica cartões de carteira de motorista.
common_voice_pt_36068381|As maçãs vendidas lá são realmente deliciosas.
common_voice_pt_36068382|Li isso em algum blog
common_voice_pt_36068383|Hoje é o Dia Internacional da Visibilidade Trans
common_voice_pt_36068384|O que te enriquece são os juros compostos
common_voice_pt_36068395|Classifique esta saga em dois de seis.
common_voice_pt_36068396|O mesmo livro que me ensinou sobre Urim e Tumim.
common_voice_pt_36068397|Lembre-me de acordar amanhã às oito da manhã.
common_voice_pt_36068398|O Partido Popular.
common_voice_pt_36068399|Este site precisa de mais elementos interativos.
common_voice_pt_36068401|Garopaba
common_voice_pt_36068402|Dois policiais vestindo coletes fluorescentes em pé na calçada enquanto as pessoas passam.
common_voice_pt_36068403|Como eu digo olá em coreano?
common_voice_pt_36068404|Sítio d'Abadia
common_voice_pt_36068405|Injeção de adrenalina
common_voice_pt_36068406|Meu psicólogo
common_voice_pt_36068407|Adicione a carne à frigideira, mexa um pouco e coloque as lentilhas.
common_voice_pt_36068408|Para o Natal, o porco em sal.
common_voice_pt_36068409|ferramentas de código aberto
common_voice_pt_36068410|Campos dos Goytacazes
common_voice_pt_36068411|Um campo de arroz perto de alguns edifícios antigos.
common_voice_pt_36068412|Pura bandidagem para atacar um herói nacional
common_voice_pt_36068413|Faça dados conhecidos que afetem a privacidade de menores ou familiares atendidos.
common_voice_pt_36068414|O banco pergunta a senha da conta.
common_voice_pt_36068415|Crianças africanas fazem caretas para a câmera.
common_voice_pt_36068416|Na prefeitura é onde ficam o prefeito e os secretários municipais
common_voice_pt_36068417|Proctologista fala sobre a saúde do intestino e reto
common_voice_pt_36068418|Eu não tenho relógio.
common_voice_pt_36068419|reservar uma mesa na Flórida no Ariston Cafe para sete horas
common_voice_pt_36068420|Eu comprei muitos chocolates como presente
common_voice_pt_36068421|Gostaria de encontrar o trailer de uma experiência com o tempo
common_voice_pt_36068422|Uma mulher desliza para casa enquanto o apanhador tenta bloquear.
common_voice_pt_36068423|Esta é uma conversa multirracial entre homens caminhando em um clima quente.
common_voice_pt_36068424|Eu não aceito este diagnóstico.
common_voice_pt_36068425|Ensejar o empoderamento feminino
common_voice_pt_36068426|Ufanismo sorrateiro
common_voice_pt_36068427|Sabonete líquido íntimo
common_voice_pt_36068428|Nós dois somos do mesmo partido
common_voice_pt_36068429|Senhoras, senhores, senhoritas, rapazes e moças
common_voice_pt_36068430|Silencia pequenos instrumentos na ponte do violino, amortecendo o som.
common_voice_pt_36068431|Coloque água até cobrir.
common_voice_pt_36068432|Direto ao ponto
common_voice_pt_36068433|Tubarões, golfinhos, tartarugas, plânctons e algas marinhas
common_voice_pt_36068434|Integrações com outros sistemas que suportam.
common_voice_pt_36068435|O bacharelado começaria mais tarde.
common_voice_pt_36068436|A empresa anunciou parcerias com outras empresas.
common_voice_pt_36068437|Dessa forma, cada usuário pode manipular o email da maneira que quiser.
common_voice_pt_36068438|A padaria ficava ao lado do matadouro.
common_voice_pt_36068439|Entrelaçamento quântico
common_voice_pt_36068440|Por favor, devolva os cubos.
common_voice_pt_36068441|O track pad neste laptop precisa ser calibrado.
common_voice_pt_36068442|Notícias diárias do povo de Taiwan
common_voice_pt_36068443|Um grupo de pessoas está assistindo a uma demonstração militar.
common_voice_pt_36068444|Um pedaço de pão preto melhor que uma bolsa vazia.
common_voice_pt_36068445|Comunicar ao integrador todas as suspeitas de doenças infecciosas que afetam os animais.
common_voice_pt_36068446|Eu usei este lápis o tempo todo, por isso foi mais curto.
common_voice_pt_36068447|Jogue no lixo.
common_voice_pt_36068448|Duas mulheres em patins estão lutando.
common_voice_pt_36068449|A decoração também é rococó, mas mais grossa.
common_voice_pt_36068450|Acendemos a lanterna e fomos até a casa dele.
common_voice_pt_36068451|A maré invadiu o estuário em um ritmo ameaçador.
common_voice_pt_36068452|Era madrugada quando Rói-Rói arriscou-se a sair do seu esconderijo.
common_voice_pt_36068453|A escassez de chips tem afetado a oferta e a demanda
common_voice_pt_36068454|Vire à direita.
common_voice_pt_36068455|A distância até o centro da cidade é de aproximadamente dois mil metros.
common_voice_pt_36068456|Pânico
common_voice_pt_36068457|Coloque para amanhã.
common_voice_pt_36068458|Já congelado
common_voice_pt_36068459|ciclista levando um pacote de carros em uma pista de corrida.
common_voice_pt_36068460|Com o susto chegamos ao campo.
common_voice_pt_36068461|Idealmente, o WiFi seria gratuito.
common_voice_pt_36068462|Nós ficamos sem gasolina e diesel.
common_voice_pt_36068463|Um homem faz truques de skate em um estacionamento à noite.
common_voice_pt_36068465|Com tanto barulho era impossível ficar sério por muito tempo!
common_voice_pt_36068466|Depois de quase um ano de tratamento
common_voice_pt_36068468|Fazer um robô com sorvete parece muito pouco prático.
common_voice_pt_36068469|Aprovisionamento de chip
common_voice_pt_36068470|Você ainda está usando o Google Tradutor?
common_voice_pt_36068472|O monstro ucraniano
common_voice_pt_36068474|Vai marcar como indicado na escala de aptidão física.
common_voice_pt_36068475|E as definições?
common_voice_pt_36068476|Precisamos de mais amaciante de roupas e água sanitária
common_voice_pt_36068477|Estava tão camuflado que ninguém suspeitaria de sua presença.
common_voice_pt_36068478|O paramédico cansado entregou seu paciente para a cirurgia.
common_voice_pt_36068479|Angélica, Hugo, Luciene, Natanael e Bernardo
common_voice_pt_36068480|O lápis foi cortado para ser afiado em ambas as extremidades.
common_voice_pt_36068481|Na indicação do testador, a tentativa será concluída.
common_voice_pt_36068482|A mesa redonda será realizada na Escola Universitária Politécnica de Mataró.
common_voice_pt_36068483|O mesmo tipo está presente nos painéis cerâmicos da Sala Nova.
common_voice_pt_36068484|Me ajude, estou preso dentro de uma fábrica de biscoitos da sorte!
common_voice_pt_36068485|mas se lhe disser que foi menos a pneumonia
common_voice_pt_36068486|A pilha serviu no controle remoto
common_voice_pt_36068487|A argila desapareceu sob uma espessa camada de folhas.
common_voice_pt_36068488|Traduzia a frase em francês para russo
common_voice_pt_36068490|O nome dado em Espanha e Portugal.
common_voice_pt_36068491|Onde está a credibilidade dessa coisa?
common_voice_pt_36068492|Há uma igreja evangélica em cada esquina
common_voice_pt_36068494|Cinemática inversa é um desafio matemático para engenheiros de robô.
common_voice_pt_36068495|Um skatista senta-se em um banco enquanto usava um capacete preto.
common_voice_pt_36068496|A pasta pode limpar o latão mais sujo.
common_voice_pt_36068497|Ele supervisionará o monitoramento do Plano de Instalações Culturais Locais.
common_voice_pt_36068498|Um homem com uma muleta está dormindo em um banco.
common_voice_pt_36068499|Cassinos usados para lavagem de dinheiro
common_voice_pt_36068500|Qual serviço de streaming você usa?
common_voice_pt_36068501|Meninos que apreciam um spray de água.
common_voice_pt_36068502|As tabelas salariais incluídas neste anexo são para remuneração mínima no setor.
common_voice_pt_36068503|Aqui nós já temos um histórico de solvência.
common_voice_pt_36068504|Não se pode imaginar um patriotismo mais desconfortável e mais vacilante.
common_voice_pt_36068505|Chamado urgente
common_voice_pt_36068506|A cheia do rio invadiu a cidade e destruiu casas
common_voice_pt_36068507|Um surfista passando por uma onda.
common_voice_pt_36068508|O Patrick tinha que concluir seu estágio na Ambev.
common_voice_pt_36068509|O homem foi preso pela polícia na Hungria.
common_voice_pt_36068510|você é humano?
common_voice_pt_36068512|Estou tremendo, Rosana
common_voice_pt_36068513|O comunismo é o oposto do capitalismo.
common_voice_pt_36068514|Descubra aqui toda a gama de automóveis desportivos Audi e acelere connosco.
common_voice_pt_36068515|Pães contêm glúten, mas são uma boa fonte de carboidratos
common_voice_pt_36068516|Estou um pouco nervosa
common_voice_pt_36068517|A tendência de desenvolvimento da medicina de precisão
common_voice_pt_36068518|Esse acrobata de circo deve ter um sistema vestibular bem treinado, pensou o espectador.
common_voice_pt_36298665|A Guarda Civil chegou ao local
common_voice_pt_36298666|Catarses constantes e ininterruptas
common_voice_pt_36298667|O México estava revolucionando aldeias e doutrinando a modernidade da população infantil maluca.
common_voice_pt_36298668|Não há limites para urbanizar e construir o território.
common_voice_pt_36298669|Um policial masculino senta-se em um veículo com um computador.
common_voice_pt_36298675|Quem está descalço não o incomoda com os sapatos.
common_voice_pt_36298677|Os árabes riram dele? e o alquimista riu junto.
common_voice_pt_36298678|Será acreditado mediante certificação emitida pelo respectivo Secretariado da administração.
common_voice_pt_36298679|Mudança de planos planetários
common_voice_pt_36298685|fui acompanhado ao cemitério por onze amigos
common_voice_pt_36298686|As novas invenções nos ajudam, mas nunca devemos nos tornar seus escravos.
common_voice_pt_36298687|O que você quer ser quando crescer: astronauta, cientista ou músico?
common_voice_pt_36298688|Nós vamos fazer o rabisco?
common_voice_pt_36298689|Garantido para dar juros
common_voice_pt_36298693|Este conceito não inclui livros de leitura, dicionários, agendas escolares e material suplementar.
common_voice_pt_36298708|O cinturão continental aperta muito pouco.
common_voice_pt_36298709|Árvore velha e transplantada, previamente morta que enraizou.
common_voice_pt_36298710|O Facebook tem respondido a questionamentos sobre invasão de privacidade
common_voice_pt_36298711|Várias pessoas estão trabalhando em computadores em um escritório com grandes janelas.
common_voice_pt_36298712|Um chinês
common_voice_pt_36298724|Filipe tinha uma conta no Itaú, mas usava seu cartão do Citi Bank.
common_voice_pt_36298730|Gerencie as configurações de segurança do usuário e supervisione-o.
common_voice_pt_36298732|Substâncias inócuas para um ambiente tão inóspito
common_voice_pt_36298733|Habilidades paranormais
common_voice_pt_36298743|Se o empate persistir, a pontuação obtida nos méritos preferenciais sucessivos será avaliada.
common_voice_pt_36298745|Os orientaremos sobre maternidade e paternidade
common_voice_pt_36298746|Quando há uma perda de pressão da cabine, as máscaras de oxigênio caem automaticamente.
common_voice_pt_36298747|Convide conselheiros de emprego sênior
common_voice_pt_36298755|A fim de fazer um efeito legal e deslumbrante
common_voice_pt_36298759|Parafrasear ou reescrever orações, parágrafos, artigos, conteúdos
common_voice_pt_36298760|Envie este arquivo para o Google Drive.
common_voice_pt_36298761|Os comentários instrumentais também desempenham um papel importante no plano de orquestração.
common_voice_pt_36298762|Um grande buraco no concreto sendo escavado por uma grande máquina de escavação.
common_voice_pt_36298778|A Petrobrás é uma das maiores petroleiras do mundo
common_voice_pt_36298779|Esta é uma das principais conquistas do nacionalismo espanhol, sem mencionar seu maior sucesso.
common_voice_pt_36298780|O trem parou na estação.
common_voice_pt_36298781|A composição da forragem mudará conforme o ciclo de produção progride.
common_voice_pt_36298782|Deslize a bandeja pelo tampo de vidro.
common_voice_pt_36298793|Há um réptil nos meus sapatos ocidentais.
common_voice_pt_36298794|Tem um peso de setecentas toneladas
common_voice_pt_36298795|Você pode, por favor, verificar seu inventário?
common_voice_pt_36298796|Ambas as empresas levaram a Microsoft ao tribunal.
common_voice_pt_36298797|a infiltração de elementos nazistas no país
common_voice_pt_36298822|Muitos internautas não podem entrar
common_voice_pt_36298823|Você tem o número de telefone de Nina?
common_voice_pt_36298824|Os sistemas de depuração para emissões atmosféricas possuem um plano de manutenção periódica.
common_voice_pt_36298825|É necessário que noventa por cento dessas lâmpadas fluorescentes atendam a esse critério.
common_voice_pt_36298826|Após a audiência, o cliente ainda insiste na entrega.
common_voice_pt_36298827|A aba do chapéu era larga e muito caída.
common_voice_pt_36298828|Ele tomou um gole da xícara de café e balançou a cabeça.
common_voice_pt_36298843|Era a luz das estrelas? e eu expliquei os Signos do Zodíaco para ela.
common_voice_pt_36298844|Reajuste dos combustíveis foi para evitar desabastecimento
common_voice_pt_36298846|Um sono curto, tomado no meio do dia.
common_voice_pt_36298847|Um homem segurando uma mala em um metrô.
common_voice_pt_36298848|Um músico no palco chega a um fã na platéia.
common_voice_pt_36298859|reservar uma festa de nove para um café indoor
common_voice_pt_36298860|Venda de eletrodomésticos de alta qualidade
common_voice_pt_36298861|Uma menina em um maiô floral que salta na praia na frente das ondas.
common_voice_pt_36298862|Caligrafia cursiva
common_voice_pt_36298863|Eu comprei um scanner de caneta.
common_voice_pt_36298874|Um rastreador vibrante caminha por uma trilha panorâmica.
common_voice_pt_36298875|Lidar com resíduos e reciclar recursos adequadamente
common_voice_pt_36298876|com trovisco, rosmaninho, três dentes de alho, uma semente de abóbora seca
common_voice_pt_36298877|Dispense com um colete em um dia como este.
common_voice_pt_36298878|O hálito ensejava um aroma agradável de hortelã e menta
common_voice_pt_36298879|um homem com uma guitarra em uma banda cantando em um microfone
common_voice_pt_36298880|e assim se derreteu todo o gelo que estava a secar ao sol
common_voice_pt_36298881|Eu quero ver o Diabo Diamante em um cinema.
common_voice_pt_36298882|Se você não for à escola, o burro irá embora.
common_voice_pt_36298883|Ela amarrou-se a ele e agarrou-o com firmeza nas duas mãos.
common_voice_pt_36298889|Escolha um mapa e coloque-o debaixo de um tapete.
common_voice_pt_36298890|Por favor, jogue um álbum de música dos anos noventa.
common_voice_pt_36298891|Ela é uma vizinhança? e às vezes nos encontramos no elevador.
common_voice_pt_36298892|Algumas pessoas passam por um grande outdoor.
common_voice_pt_36298893|Ainda não é um protótipo completo
common_voice_pt_36298896|Cirurgia de recondicionamento sexual
common_voice_pt_36298897|A alcateia representa um conjunto de lobos
common_voice_pt_36298898|O Felipe abriu uma conta no Banco do Brasil.
common_voice_pt_36298900|Um lápis com grafite preto escreve melhor.
common_voice_pt_36298906|Nenhum mel foi feito para a boca do jumento.
common_voice_pt_36298907|Aceitou o pedido de casamento
common_voice_pt_36298908|Você receberá donuts como bônus se fizer uma selfie comigo.
common_voice_pt_36298910|Estes têm uma forma cônica e são formados por um conglomerado de pedras.
common_voice_pt_36298913|Deságua no interior da gruta
common_voice_pt_36298917|Veja como esses atletas são adaptáveis!
common_voice_pt_36298918|Socorro
common_voice_pt_36298919|Ele sofreu um golpe pesado
common_voice_pt_36298922|Meteoritos colidiam fortemente com a superfície terrestre
common_voice_pt_36298924|Fui demitido por muito menos
common_voice_pt_36298926|Ele notou o resfriamento desigual de sua superfície.
common_voice_pt_36298927|Tem café da manhã grátis?
common_voice_pt_36298928|capaz de interagir com mensagens enviadas por outros
common_voice_pt_36298929|Nós representamos esses valores no novo gráfico.
common_voice_pt_36298930|Aumente o volume do sistema.
common_voice_pt_36298931|Alguns cientistas acreditam que a origem desse sinal oscilante seja uma estrela de nêutrons.
common_voice_pt_36298932|Os nadadores saltam das rochas acima da água azul-esverdeada.
common_voice_pt_36298933|Abra este link no Mozilla Firefox.
common_voice_pt_36298934|Mesmo a distância, seus olhos transmitiam a força de suas almas.
common_voice_pt_36298936|Um surfista fica em uma onda quebrando
common_voice_pt_36298937|Todas as vias públicas devem ser rotuladas, ou seja, devem ser identificadas.
common_voice_pt_36298938|Dois homens de shorts lutam na grama curta.
common_voice_pt_36298940|Três garotas pulam no ar com expressões de excitação.
common_voice_pt_36298945|Os cães de caça são da raça Pastor Alemão
common_voice_pt_36298946|Quais foram as manchetes de ontem?
common_voice_pt_36298947|Eu recomendo Mouseless Browsing para Firefox e Vimium para Chrome.
common_voice_pt_36298948|O vocabulário deste parafraseador contém uma pletora de palavras
common_voice_pt_36298950|O ácido provoca um excesso de gás e dá uma sensação de plenitude.
common_voice_pt_36298954|Um bombeiro protege uma área estabelecendo um limite enquanto outros assistem.
common_voice_pt_36298956|Homem na camisa branca e shorts tan fazendo um truque em um skate.
common_voice_pt_36298957|Gripe, coqueluche, difteria, sarampo e paralisia
common_voice_pt_36298959|Consequentemente, o consentimento de todos os coproprietários é necessário para aprovar o contrato.
common_voice_pt_36298964|Pere montou a plataforma verde.
common_voice_pt_36298965|Os percussionistas do Oregon estão marchando com a banda.
common_voice_pt_36298966|Uma cãibra não é um pequeno perigo em um mergulho.
common_voice_pt_36298967|Incêndio nas alturas
common_voice_pt_36298968|Isso é terra domesticada e produtiva.
common_voice_pt_36298974|Emboscado por muitos dias
common_voice_pt_36298975|A vegetação corresponde a lavouras de terra firme, predominantemente ameteiras e oliveiras.
common_voice_pt_36298976|Muitas pessoas estão fora de um grande edifício.
common_voice_pt_36298977|Como evitar uma enorme morte da colônia.
common_voice_pt_36298978|Agência pública hospitalar
common_voice_pt_36298979|O doutor Kim vestiu a ferida com uma bandagem enquanto olhava desapontado para mim.
common_voice_pt_36298980|Já preparou o almoço?
common_voice_pt_36298982|O pau-brasil quase foi extinto
common_voice_pt_36298984|O Frederico conseguiu uma entrevista na Apple para trabalhar no Vale do Silício.
common_voice_pt_36298986|Comunicar a bibliografia gerada pelos estudos dos sites que podem estar sujeitos ao subsídio.
common_voice_pt_36298989|Três jovens jogando cartas e rindo.
common_voice_pt_36298990|politiqueiros
common_voice_pt_36298991|Tensão pré-menstrual
common_voice_pt_36298992|O mesmo pode ser estendido para anuidades sucessivas até um máximo de dois anos.
common_voice_pt_36298993|Um ônibus nos levou do aeroporto para o metrô.
common_voice_pt_36299000|Dois peixes azuis flutuavam no reservatório.
common_voice_pt_36299001|Sua carteira era assinada
common_voice_pt_36299002|O Banco pressionou por um pagamento da dívida.
common_voice_pt_36299003|Ela está infectada com a gripe.
common_voice_pt_36299004|Eu tenho uma continuidade por um mês inteiro.
common_voice_pt_36299015|Eu não gosto de filmes de terror.
common_voice_pt_36299018|Aumenta o volume.
common_voice_pt_36299025|Quantos terremotos ocorrem todos os anos?
common_voice_pt_36299026|Publicidade: se aplicável, no site que contém as informações relacionadas às especificações.
common_voice_pt_36299027|Chá em uma porcelana fina tem um sabor doce.
common_voice_pt_36299038|O diretor tem uma queda pela atriz, eu acho.
common_voice_pt_36299039|Crianças correndo na aula de ginástica com seu professor.
common_voice_pt_36299040|O egocentrismo inútil das pessoas no Instagram é patético
common_voice_pt_36299041|Um jogador de futebol fica pronto para um pontapé de canto.
common_voice_pt_36299042|Todos os papéis de embrulho são esfregados.
common_voice_pt_36299049|Você vem para o churrasco?
common_voice_pt_36299050|As garotas sentadas no sofá estão segurando um gato e tentando acender um cigarro.
common_voice_pt_36299061|Um homem olha através de um telescópio em uma esquina da rua.
common_voice_pt_36299062|Realize o estudo da identidade corporativa aplicando técnicas de análise.
common_voice_pt_36299063|degeneração das velhas teorias
common_voice_pt_36299064|Ele queria comprar uma Lamborghini vermelha.
common_voice_pt_36299065|Existe uma caixa de telefone aqui?
common_voice_pt_36299071|Adicione a música à lista de reprodução do Metal.
common_voice_pt_36299072|A cintura amassada pareceu romper o forte envoltório de baleias.
common_voice_pt_36299073|Paloma, Yuri, Ágata, Ariana e Hellen
common_voice_pt_36299074|Alguém lavando pratos com luvas de látex em uma pia de metal.
common_voice_pt_36299075|Adicione o artista à lista de reprodução do Latin Jazz.
common_voice_pt_36299076|Um gorila havia entrado na armadilha e agora era transportado para o zoológico.
common_voice_pt_36299077|Pegue o controle remoto.
common_voice_pt_36299078|É comum as empresas de serviços desenvolverem soluções sob medida.
common_voice_pt_36299079|Eu estou falando com um tabu.
common_voice_pt_36299080|Fofoqueira maledicente
common_voice_pt_36299086|Ele é advogado do tráfico.
common_voice_pt_36299087|Completo em tons frios
common_voice_pt_36299088|Segurando o saco de papel com dinheiro
common_voice_pt_36299089|da autenticidade ou da falsidade de documento.
common_voice_pt_36299092|As pessoas ou entidades especializadas solicitarão o credenciamento administrativo correspondente.
common_voice_pt_36299141|Você joga Fortnite?
common_voice_pt_36299142|Na idade da escola primária
common_voice_pt_36299143|São licenças de produtos da Microsoft
common_voice_pt_36299144|Cumprindo parte das ameaças que fizera na quinzena anterior
common_voice_pt_36299145|Incentivo à cadeia de reciclagem, estímulos à mudança de hábito dos consumidores
common_voice_pt_36299151|As contribuições municipais terão o caráter de despesas obrigatórias de pagamento preferencial.
common_voice_pt_36299152|Sem um sistema operacional, um computador é apenas um conjunto de cabos e metal.
common_voice_pt_36299154|Vale mais que um pássaro no punho do que um guindaste distante.
common_voice_pt_36299155|Reproduzir música número sete.
common_voice_pt_36299157|Área do Maresme: inclui os centros localizados na região de Maresme.
common_voice_pt_36299166|Voltarei a convocar o conselho novamente com caráter extraordinário nesta mesma tarde.
common_voice_pt_36299167|Scripts incorporados de fontes externas podem prejudicar a privacidade dos usuários.
common_voice_pt_36299168|Qual é o tempo na Nigéria?
common_voice_pt_36299169|De seu gesto único, ficou claro que o rinoceronte era hostil.
common_voice_pt_36299171|Você tem um adesivo?
common_voice_pt_36299176|Você me assustou, Matty.
common_voice_pt_36299188|Não é aconselhável usar módulos de irrigação de mais de quarenta litros por segundo.
common_voice_pt_36299189|O tubo de latão rodeava o muro alto.
common_voice_pt_36299190|As técnicas apresentadas são de origem extraterrestre
common_voice_pt_36299192|estimular o governo Dutra em sua campanha anticomunista
common_voice_pt_36299195|Esta entrevista pode consistir em um teste prático.
common_voice_pt_36299202|Wesley, Ellen, Graziela, Hebert, Elisângela, Ane e Samoel
common_voice_pt_36299208|Bases teóricas e uso clínico
common_voice_pt_36299209|Feche a escotilha antes que as ondas a empurrem.
common_voice_pt_36299211|O objetivo será manter uma lousa limpa e ficar um pouco menos.
common_voice_pt_36299212|imobilizava-lhe o pescoço
common_voice_pt_36299228|Navegar para o Google não é muito excitante?, então vamos adicionar algo mais útil.
common_voice_pt_36299230|Eu costumava arremessar.
common_voice_pt_36299231|Pode ajudar com o processamento
common_voice_pt_36299232|A semente da videira germinou
common_voice_pt_36299238|E eles não deveriam ser enfeitados?
common_voice_pt_36299239|Nunca me xingaram de filho da puta.
common_voice_pt_36299240|Os clusters são desenvolvidos quando as transações econômicas são viáveis.
common_voice_pt_36299241|Diabetes ou pressão alta?
common_voice_pt_36299242|O presidente ligou para irmãos do assassinado: 'um absurdo', disse a viúva
common_voice_pt_36299243|Um menino pequeno está colocando itens de um carrinho para o check-out.
common_voice_pt_36299244|Os documentos foram requisitados para cassação da chapa
common_voice_pt_36299245|Os estudantes assistem a uma aula de matemática na universidade.
common_voice_pt_36299246|Aviso de gatilho
common_voice_pt_36299247|O mundo invertido através do espelho.
common_voice_pt_36299253|Os telefones ainda não foram extintos e substituídos pelos smartphones?
common_voice_pt_36299254|Essa quase completa libertação da matéria que permite a digitalização
common_voice_pt_36299255|Coordenar as ações relacionadas ao passaporte fitossanitário.
common_voice_pt_36299256|Preocupante, o sinal de rádio ficou mais fraco.
common_voice_pt_36299257|Você está ficando pior lambendo do que mordendo.
common_voice_pt_36299263|Quantas calorias há em uma barra de chocolate?
common_voice_pt_36299264|Os peritos farão a reconstituição do crime.
common_voice_pt_36299265|Encontre um lugar para tomar café
common_voice_pt_36299266|As vinícolas cadastradas colaborarão no monitoramento do cumprimento das normas anteriores.
common_voice_pt_36299267|Um homem em uma veste alaranjada que está sobre uma construção.
common_voice_pt_36299268|Um sedã quatro portas.
common_voice_pt_36299270|As convenções de cosplay serão este mês.
common_voice_pt_36299271|Das dez questões meteorológicas, o número máximo de erros permitido será cinco.
common_voice_pt_36299272|Um homem indiano em um chapéu está sentado e sorrindo.
common_voice_pt_36299274|Acertou em cheio
common_voice_pt_36299279|Me chame para checar o sangue
common_voice_pt_36299280|Em estilo siciliano
common_voice_pt_36299281|Você e eu nunca dançaremos swing, mas vamos nos beijar a cada dez minutos.
common_voice_pt_36299282|sucção
common_voice_pt_36299283|Gerente do Facebook
common_voice_pt_36299284|Anéis de latão são vendidos por esses nativos.
common_voice_pt_36299290|Aminoácidos imprescindíveis para a construção muscular
common_voice_pt_36299291|Compradores em uma loja de discos.
common_voice_pt_36299292|Um artista pintando a parede coberta de bambu.
common_voice_pt_36299293|Em termos de infraestrutura
common_voice_pt_36299294|Alguém chame a polícia!
common_voice_pt_36299295|Esta é uma grande temporada para caminhadas na estrada.
common_voice_pt_36299296|Um homem está vigiando o cachorro no quintal dele.
common_voice_pt_36299297|Raios e trovões
common_voice_pt_36299298|Arroz e feijão fornecem fibras, carboidratos e um pouco de proteína
common_voice_pt_36299299|O integrador fornece os animais, os meios de produção e os serviços acordados.
common_voice_pt_36299344|Estava levemente marcado com listras transversais e ligeiramente achatado da volta perfeita.
common_voice_pt_36299345|Esta publicação substituirá a notificação individual e terá os mesmos efeitos.
common_voice_pt_36299346|uma família com uma forte atmosfera artística
common_voice_pt_36299347|Outra noção também sugestiva é a da sinergética sociolinguística.
common_voice_pt_36299348|O menino foi para o seu quarto e empacotou seus pertences.
common_voice_pt_36299350|Não havia necessidade de aprisioná-los. Os árabes simplesmente confiscaram seus cavalos.
common_voice_pt_36299351|Em seguida, divide alguns conteúdos genéricos do Programa de Monitoramento Ambiental.
common_voice_pt_36299352|História do Canal de Suez e das estruturas
common_voice_pt_36299354|Não pode matar essas pessoas
common_voice_pt_36299359|Pode guardar isso na geladeira?
common_voice_pt_36299360|Eles também podem recorrer a programas primários de alfabetização por meio de jogos educativos.
common_voice_pt_36299361|Reserve uma reserva para um restaurante em Iémen
common_voice_pt_36299367|Quais são os arquétipos dos arcanos maiores do Tarô?
common_voice_pt_36299368|Todos os postes da rua estão apagados
common_voice_pt_36299369|Quantas bebidas alcoólicas você consome por semana?
common_voice_pt_36299370|Dois policiais armados estão patrulhando as ruas.
common_voice_pt_36299371|Fui bloqueado por aquele embuste
common_voice_pt_36299378|Na próxima semana vamos morar no novo apartamento.
common_voice_pt_36299381|O nó no caule de trigo cresceu diariamente.
common_voice_pt_36299384|Ele nunca viu uma mamadeira até os seis meses de idade.
common_voice_pt_36299385|Fui multado injustamente
common_voice_pt_36299386|Caracteriza produtos de perfumaria, analisando a estrutura e aconselhando sobre sua escolha.
common_voice_pt_36299397|prometeu resposta fulminante a países que interferirem na guerra
common_voice_pt_36299398|Feriados devido a horas extras coincidirão com a semana das festas de Natal.
common_voice_pt_36299399|Seu descontentamento iria levá-lo no dia seguinte.
common_voice_pt_36299400|Comitê de Revisão de Ética em Pesquisa Humana
common_voice_pt_36299401|A ferida foi reconhecida grave.
common_voice_pt_36299402|A licença deve ser tecnologicamente neutra.
common_voice_pt_36299403|derrama uma torrente incontível de frases sobre o progresso, a ciência
common_voice_pt_36299404|A guerra entre eles foi feita quando alienígenas estão desaparecidos.
common_voice_pt_36299405|A senhora deputada à direita, por favor, esclarecerá as preocupações do seu círculo eleitoral?
common_voice_pt_36299406|Somente as despesas de professores apoiadas pelos conselhos são elegíveis.
common_voice_pt_36299417|Apressando o fim da tomada de reféns
common_voice_pt_36299418|e a proteção aos locais de culto e liturgias
common_voice_pt_36299419|Os humilhados serão exaltados, é o que se espera
common_voice_pt_36299420|Os presos foram encaminhados
common_voice_pt_36299421|Peru e Venezuela venceram suas partidas.
common_voice_pt_36299422|Dutos antigos inacabados levam ao esgoto contínuo
common_voice_pt_36299424|Esse conjunto de biquínis não é apropriado
common_voice_pt_36299430|Eles tiram as fichas de dominó do mármore das mesas com ruído.
common_voice_pt_36299432|O cientista está escrevendo seu artigo.
common_voice_pt_36299433|Você usa o Reddit?
common_voice_pt_36299434|A validade desses diplomas é indefinida.
common_voice_pt_36299435|A última extensão em que confio é Atalhos de Teclado para Reordenar Guias.
common_voice_pt_36299436|Mas talvez eu nunca tenha outra chance de chegar às pirâmides no Egito.
common_voice_pt_36299438|Ygor, Camilla, Kaik, Igo e Luma
common_voice_pt_36299439|Inocente como recém-nascido.
common_voice_pt_36299445|O primeiro passo chega àquele ponto em que duvidamos de nós dogmaticamente
common_voice_pt_36299446|Cooperativa de vacas leiteiras
common_voice_pt_36299447|Em nenhuma circunstância uma data de expiração pode ser estendida.
common_voice_pt_36299448|Ellie ganhou o primeiro prêmio na competição de ortografia.
common_voice_pt_36299450|A transferência foi feita com sucesso
common_voice_pt_36299451|O tribunal determinará uma resolução que fixa a lista final de candidatos aprovados.
common_voice_pt_36299452|O que fazer quando o desânimo e a exaustão tomam conta
common_voice_pt_36299453|Meu celular tem alguns problemas com a bateria.
common_voice_pt_36299455|Assistindo a paródia foi ótimo entretenimento.
common_voice_pt_36299456|Os peritos concluiram que se tratou de um suicídio.
common_voice_pt_36299457|Homens tocando instrumentos em um campo de beisebol.
common_voice_pt_36299458|Espigas de milho podem ser usadas para acender um fogo.
common_voice_pt_36299459|Como sobreviver a um apocalipse zumbi
common_voice_pt_36299460|Nordestina
common_voice_pt_36299461|Um par de casais japoneses também pegou o carro errado
common_voice_pt_36299462|A interposição do recurso paralisa o procedimento do procedimento.
common_voice_pt_36299463|Evitar o autoritarismo através do aprofundamento das instituições democráticas
common_voice_pt_36299464|Mais importante, eu estruturo minha gramática para poder ditar continuamente.
common_voice_pt_36299465|Não mais crânios de gado foram ouvidos.
common_voice_pt_36299467|Todos os testes são obrigatórios e eliminatórios.
common_voice_pt_36299468|Coloque-o para ferver com casca de limão, primeiro rapidamente e depois lentamente.
common_voice_pt_36299470|Uma criança negra está carregando uma sacola grande sobre a cabeça.
common_voice_pt_36299471|Ele geralmente recebe visitas de intérpretes, diretores e produtores de renome internacional.
common_voice_pt_36299472|A reserva abriga florestas subtropicais de folhas largas e florestas de coníferas montanianas.
common_voice_pt_36299473|Um respiradouro perto da borda trouxe ar fresco.
common_voice_pt_36299485|Encontramos uma síntese extrema de todas as áreas: harmonia, melodia, ritmo, forma, orquestração, etc.
common_voice_pt_36299486|Declarou ser capitalista, solteiro, morador em Catumbi.
common_voice_pt_36299487|Revise as declarações fiscais com vista à sua apresentação.
common_voice_pt_36299488|Explorando uma vila de sobreviventes
common_voice_pt_36299489|Eliminaram as definições de "técnica", "campo de técnica", "contribuição técnica", "indústria", "invenção".
common_voice_pt_36299504|Um fotógrafo tira uma foto de uma mochila com um logotipo da Vespa.
common_voice_pt_36299505|O Partido Comunista Chinês deliberou sobre os planos da política espacial
common_voice_pt_36299506|Organismos típicos de fontes termais submarinas
common_voice_pt_36299507|As porcas da conspiração vão adorar isso.
common_voice_pt_36299508|emigração e imigração, entrada, extradição e expulsão de estrangeiros;
common_voice_pt_36299509|Três homens mais velhos estão em uma loja de informática.
common_voice_pt_36299510|Essa Ferrari deve custar mais de um milhão de reais.
common_voice_pt_36299511|Em caso de transferência bancária, o recebimento da transação deve ser anexado à solicitação.
common_voice_pt_36299512|Ele é piloto da Gol.
common_voice_pt_36299513|A versão original está disponível na web.
common_voice_pt_36299519|Então você está dizendo que a superpopulação se tornará um problema?
common_voice_pt_36299520|Ele pegou um engarrafamento na estrutural.
common_voice_pt_36299521|Que seus parceiros são consumidores habituais de cannabis ou outras substâncias tóxicas.
common_voice_pt_36299522|A máquina de lavar fica barulhenta enquanto a roupa seca.
common_voice_pt_36299523|Propõe questões organizacionais ou melhoria interna.
common_voice_pt_36299535|Reconciliação e ruína estão intimamente relacionadas.
common_voice_pt_36299536|Três machos com casacos fumando em frente a um restaurante.
common_voice_pt_36299537|Eu sempre confundo estrogênio com progesterona.
common_voice_pt_36299538|Controla a realização de campanhas de saneamento de gado.
common_voice_pt_36303547|Esta quadrilha de malfeitores foi pega fazendo bizarrices
common_voice_pt_36303548|Mulheres idosas que levam mantimentos abaixo das escadas.
common_voice_pt_36303549|Controle e arquive a documentação gerenciada pelos coordenadores de segurança.
common_voice_pt_36303551|Eu pensei que era um ônibus.
common_voice_pt_36303557|Preparar os rascunhos de anúncios públicos para a seleção de professores temporários.
common_voice_pt_36303559|Hipotética queda do chefe de Estado
common_voice_pt_36303561|A União Europeia fez um acordo com países do sudeste asiático
common_voice_pt_36303565|A economia está tremendo e afetando a China.
common_voice_pt_36303567|Não deixe o Facebook ocupar todo o seu tempo.
common_voice_pt_36303568|Pesquise isto na internet
common_voice_pt_36303569|O suporte linguístico das línguas na Índia melhorou nos últimos meses.
common_voice_pt_36303575|Pintado em um saco de serapilheira
common_voice_pt_36303576|São itens para colecionadores e colecionadoras
common_voice_pt_36303577|Você é definitivamente incapaz de ver debaixo d'água, então você precisa continuar rastreando.
common_voice_pt_36303578|Posso pegar o cronograma do filme
common_voice_pt_36303580|Este aspecto é muito importante e não foi suficientemente sublinhado.
common_voice_pt_36303581|Um homem corpulento está de pé ao lado de um prédio.
common_voice_pt_36303582|Lésbicas, gays e simpatizantes
common_voice_pt_36303584|Acordos de negociação coletiva afetarão as partes signatárias.
common_voice_pt_36303585|Isabeli, Rayssa, Stefany, Gabrielle e Thainá
common_voice_pt_36303586|Sair de um carro que foi atingido pela iluminação é uma ameaça à vida.
common_voice_pt_36303587|A expressão é muito rigorosa
common_voice_pt_36303588|que os conteúdos das capacitações sejam renováveis
common_voice_pt_36303589|Dê quatro estrelas ao livro atual
common_voice_pt_36303599|Os soldados mortos foram substituídos por outros? e a vida continuou.
common_voice_pt_36303600|Jogou o telemóvel na parede
common_voice_pt_36303601|Não houve substituição de forças armadas perdidas na luta.
common_voice_pt_36303602|O Flávio sabia que não era fácil trabalhar no Hospital Anchieta.
common_voice_pt_36303605|Lana, Welinton, Alexandra, Fabrício e Hudson
common_voice_pt_36303607|Ativar legendas.
common_voice_pt_36303608|Elias tinha internet da Vivo, mas queria mudar pra Net ou pra Claro.
common_voice_pt_36303610|Yago Mateus Campos de Souza
common_voice_pt_36303615|No caminho de volta houve o desagrado entre as empresas e o colapso comercial.
common_voice_pt_36303617|Ansioso para o nascimento da primeira neta pequena
common_voice_pt_36303618|O papel é pequeno, então escreva com muita atenção.
common_voice_pt_36303619|Eu queria que eles fizessem parte de sua herança.
common_voice_pt_36303620|Eu não faço as regras infelizmente.
common_voice_pt_36303621|Não importa.
common_voice_pt_36303622|Thomas foi para a guerra!
common_voice_pt_36303623|Eu não te ouvi, pois estava com fones de ouvido.
common_voice_pt_36303624|Toda criatura nasce com segurança.
common_voice_pt_36303625|Ele deve respeitar a tradição.
common_voice_pt_36303626|Apenas segure a mão um do outro
common_voice_pt_36303627|Estou no ponto de onibus
common_voice_pt_36303628|Ela não tinha temperatura.
common_voice_pt_36303629|Dois socorristas estão tratando um paciente ao ar livre.
common_voice_pt_36303631|O hospital fraudou a declaração de óbito a mando do médico plantonista
common_voice_pt_36303632|A defensoria pública do estado me ajudou muito
common_voice_pt_36303633|O mestre nunca acaba com os salários.
common_voice_pt_36303634|Instigando a greve geral
common_voice_pt_36303635|Porto Nacional
common_voice_pt_36303641|Restaurar a ação do jogo é muito bom
common_voice_pt_36303642|Isto consiste em três aspectos: ajuda financeira, ação política e envolvimento ativo.
common_voice_pt_36303643|Seus olhos se contraíram incontrolavelmente.
common_voice_pt_36303644|Precisamos falar sobre o racismo
common_voice_pt_36303645|Vamos falar sobre isso amanhã.
common_voice_pt_36303651|Os olhos da cartomante fuzilaram.
common_voice_pt_36303652|Nossa, e não é que ele morreu mesmo?
common_voice_pt_36303653|Estamos apenas lentamente nos arrastando por algumas entrevistas com usuários no momento.
common_voice_pt_36303654|Pegue as amostras para sua observação.
common_voice_pt_36303655|O garoto disse a ele que precisava chegar às pirâmides.
common_voice_pt_36303660|As principais empresas internacionais do setor nos ofereceram traduções.
common_voice_pt_36303662|A maioria nacional não tem a ideia de fazer tudo.
common_voice_pt_36303663|Um cisne pousando em um lago.
common_voice_pt_36303664|Livro de Português.
common_voice_pt_36303665|Você está pronto?
common_voice_pt_36303666|A imposição de sanções aos contratantes que não impliquem a resolução do contrato.
common_voice_pt_36303668|Duas meninas pulando de um trampolim em um quintal.
common_voice_pt_36303669|Fortalecer a função do sistema de transporte coletivo
common_voice_pt_36303678|A inflação está sob observação do banco central
common_voice_pt_36303679|Eu ainda acho o artigo desnecessariamente obscuro.
common_voice_pt_36303680|Descobriram-na por acidente.
common_voice_pt_36303681|Vou verificar novamente.
common_voice_pt_36303682|Convivência trouxe intimidade.
common_voice_pt_36303688|Qual o Telegram dela?
common_voice_pt_36303689|Leonardo DiCaprio está encarando o novo filme.
common_voice_pt_36303690|Depois de um ano de tratamento
common_voice_pt_36303691|Júlia fala Português, Inglês e Espanhol.
common_voice_pt_36303692|Pressupondo uma nova política de combustíveis
common_voice_pt_36303698|Prometeu que vem me visitar amanhã.
common_voice_pt_36303699|Considera a dimensão horizontal como tempo.
common_voice_pt_36303700|Analise a numeração presente no código de barras
common_voice_pt_36303701|Só quando ela expirou, é que ele ficou aturdido.
common_voice_pt_36303702|Agora muita ordem e muita economia, e assim você pode ir puxando.
common_voice_pt_36303714|O rascunho do documento foi falho de muitas maneiras.
common_voice_pt_36303716|Destruiu a monetização do canal
common_voice_pt_36303717|O Davi mandou a notícia pro Eduardo via WhatsApp
common_voice_pt_36303718|José comprou um novo smartphone.
common_voice_pt_36303719|Em outras palavras, a população que pode viver de maneira sustentável na floresta diminuirá.
common_voice_pt_36303720|Indo para o próximo milênio
common_voice_pt_36303721|Para eles, é essencial garantir acesso a informações e recursos de computação para todos.
common_voice_pt_36303722|Eu chamei meu tornozelo.
common_voice_pt_36303723|O inglês não pôde conter sua excitação.
common_voice_pt_36303724|Em julho, traga as brânquias para o sol.
common_voice_pt_36303966|A cisterna estava com defeito.
common_voice_pt_36303967|A semana de três quintas-feiras, a décima segunda terá treze ovos.
common_voice_pt_36303968|Então por que você está fazendo?
common_voice_pt_36303970|concessão de asilo político
common_voice_pt_36303971|Três cães estão em uma estrada de paralelepípedos.
common_voice_pt_36303972|Ele foi ao ginásio para fortalecer seus músculos.
common_voice_pt_36303973|O processamento do processo penal interromperá os prazos de prescrição da infração.
common_voice_pt_36303974|Mas espera-se que o serviço seja adiado por algumas horas.
common_voice_pt_36303975|Este menino está dormindo em algum tipo de mobília.
common_voice_pt_36303976|Empurre a nota entre duas folhas.
common_voice_pt_36303977|Coloque este artista em punks políticos.
common_voice_pt_36303978|Prazer em conhecê-lo.
common_voice_pt_36303979|ampla injeção de capital estrangeiro
common_voice_pt_36303980|O figo seco é no inverno um doce inigualável.
common_voice_pt_36303981|Um grupo de pessoas em uniformes combinando correndo ao redor de uma pista.
common_voice_pt_36303982|A aldeia será inaugurada oficialmente em dezembro.
common_voice_pt_36303983|Telhas de metal de platina não estão disponíveis nas prateleiras.
common_voice_pt_36303985|Quando foi que a Rússia passou pela revolução?
common_voice_pt_36303986|Ele fez uma selfie.
common_voice_pt_36303987|Sobra-te dinheiro para investimentos de cunho pessoal
common_voice_pt_36303988|Por que você parou de jogar?
common_voice_pt_36303989|Diretrizes na vida
common_voice_pt_36303990|As pessoas andam na frente da passarela.
common_voice_pt_36303991|Carta de Sangue e Ferro
common_voice_pt_36303992|Quando chove muito, pode haver enchentes na cidade.
common_voice_pt_36303993|Ele era professor de geologia.
common_voice_pt_36303994|Próxima música.
common_voice_pt_36303995|Ela foi de mochila pela Europa com um amigo do ensino médio.
common_voice_pt_36303996|A garantia pode ser devolvida assim que a auditoria é apresentada.
common_voice_pt_36303999|As pessoas ficam do lado de fora vendo motocicletas dirigir por uma estrada.
common_voice_pt_36304000|Coxinhas, pastéis e brioches
common_voice_pt_36304001|Eu peguei o número e encontrei o meu lugar.
common_voice_pt_36304003|Duas meninas olham acima em algo ao estar na frente de um microfone.
common_voice_pt_36304005|É uma questão que não tem transcendência.
common_voice_pt_36304006|será primeiramente apresentada uma situação real
common_voice_pt_36304007|Cânhamo é uma erva daninha encontrada em partes dos trópicos.
common_voice_pt_36304009|E o líder postou sentinelas armadas nas bordas do grupo.
common_voice_pt_36304010|Você diz ao departamento de polícia para pegar Eddie.
common_voice_pt_36304011|Solicitou mais guardanapos à garçonete
common_voice_pt_36304013|nazifascismo
common_voice_pt_36304014|Se você quer se tornar um amigo do gato, coça a cabeça.
common_voice_pt_36304015|Você trabalha na indústria cinematográfica?
common_voice_pt_36304019|Dois homens e uma mulher vendo fumaça saem de um prédio próximo.
common_voice_pt_36304024|Três homens entram na praia do oceano.
common_voice_pt_36304026|Nós tivemos um verão relativamente chuvoso e frio aqui em Berlim.
common_voice_pt_36304027|Os cinco mil euros gastos em dois dias pela viúva Rosa.
common_voice_pt_36304028|um homem está em um penhasco gramado que pende sobre um oceano azul profundo.
common_voice_pt_36304029|Você não tem oito mil dólares em você?
common_voice_pt_36304030|Roupas são costuradas pelo modelo
common_voice_pt_36304031|O indulto para George.
common_voice_pt_36304032|A ilha fica a cerca de duas horas de Curitiba.
common_voice_pt_36304033|A epilepsia é uma condição que envia o sofredor em convulsões incontroláveis.
common_voice_pt_36304034|Se tais alegações não forem apresentadas, elas se tornarão definitivas.
common_voice_pt_36304035|Dispensa ou inexigibilidade de licitação
common_voice_pt_36304036|Este casaco é forrado de pele.
common_voice_pt_36304038|A partir daqui?
common_voice_pt_36304039|Quilombo
common_voice_pt_36304040|É uma das cinco maiores aves da África.
common_voice_pt_36304041|O tempo está super bom no almoço
common_voice_pt_36304042|Como você pode dizer isso?
common_voice_pt_36304043|Dois adolescentes estão se abraçando na calçada
common_voice_pt_36304044|Flores da primavera estão ao virar da esquina
common_voice_pt_36304045|Três para dois a nosso favor.
common_voice_pt_36304047|Coordenar transferências internas.
common_voice_pt_36304048|Eu estou indo de férias em duas semanas.
common_voice_pt_36304049|Foi preciso muito esforço mental para fazer as coisas mais básicas.
common_voice_pt_36304050|É um segredo.
common_voice_pt_36304051|Você tem ouro suficiente para comprar muitas ovelhas e muitos camelos.
common_voice_pt_36304052|Um grupo de meninas e um menino sentam-se no gramado falando.
common_voice_pt_36304053|Mas e o patê?
common_voice_pt_36304054|Então, quais são seus planos para esta noite?
common_voice_pt_36304055|Espaço aberto ativo para vítimas
common_voice_pt_36304056|Expressar a opinião de que a área não está desenvolvida
common_voice_pt_36304058|Uma pessoa andando pela calçada em uma cidade.
common_voice_pt_36304059|Esses problemas afetarão a duração da sentença.
common_voice_pt_36304060|O dinheiro não é um problema, o problema não é dinheiro
common_voice_pt_36304061|Para encher seus próprios bolsos.
common_voice_pt_36304062|Até mesmo os guias falavam muito pouco um com o outro.
common_voice_pt_36304063|Mas o argumento não prova.
common_voice_pt_36304064|Um homem? limpando um pequeno escritório com um aspirador portátil.
common_voice_pt_36304065|Dois meninos estão limpando as folhas caídas.
common_voice_pt_36304066|Gosto de ler quadrinhos da Turma da Mônica
common_voice_pt_36304067|Então as indústrias são solidárias.
common_voice_pt_36304068|Os cachorros do Estado costumam ser um pouco ignorantes
common_voice_pt_36304069|Que horas é o baile funk.
common_voice_pt_36304070|Você tem uma ação por escrito?
common_voice_pt_36304071|O bem conhecido quebra-cabeça com um doce golfinho.
common_voice_pt_36304072|Certamente cumpriria os requisitos do meu contrato.
common_voice_pt_36304073|Pesquisas ou entrevistas.
common_voice_pt_36304074|Como um empreendedor
common_voice_pt_36304075|Festa transferida, festa devastada.
common_voice_pt_36304076|Uma mulher vestindo uma jaqueta preta está andando na calçada
common_voice_pt_36304078|Eu deixei no escritório.
common_voice_pt_36304079|Eu admito que sou alcoólatra.
common_voice_pt_36304080|O Maranhão é um dos maiores estados da federação
common_voice_pt_36304082|Ambas as linhas evacuam a subestação Beneixama.
common_voice_pt_36304083|Eu estaciono aqui?
common_voice_pt_36304084|A competição foi acirrada
common_voice_pt_36304085|Lançamento de cursos beneficentes
common_voice_pt_36304086|O homem está abrindo uma grande pilha de cocos.
common_voice_pt_36304087|Não chore, amanhã vamos nos inscrever no Netflix.
common_voice_pt_36304088|Mais tarde, está um pouco ocupado demais.
common_voice_pt_36304089|Oh, janeiro, janeiro, você não me matou ovelhas ou ovelhas.
common_voice_pt_36304090|Guarde a jaqueta usada em seu corpo
common_voice_pt_36304091|Não tenho ideia do que é a ciência da complexidade.
common_voice_pt_36304092|De olho no pomar e outro no vinhedo.
common_voice_pt_36304093|O frasco mantido aberto atraiu moscas que depositaram larvas
common_voice_pt_36304094|Tempestade e estresse.
common_voice_pt_36304095|Isso é um antílope meu filho.
common_voice_pt_36304096|Deve esconder no lugar onde as mercadorias são carregadas
common_voice_pt_36304097|O Conto da Aia trata de uma distopia machista e religiosa
common_voice_pt_36304098|Boas pessoas abusam.
common_voice_pt_36304099|Quer que eu pendure pinturas em sua conveniência.
common_voice_pt_36304100|Um macho em uma jaqueta verde aponta uma espingarda imaginária para o céu.
common_voice_pt_36304101|Minha coleção de discos de vinil está bem conservada
common_voice_pt_36304102|O alojamento era horrível.
common_voice_pt_36304103|Ela tem olhos azuis e cabelos castanhos.
common_voice_pt_36304104|Um gato embaixo do banco assobiando com um cachorro rosnando e tentando pegá-lo.
common_voice_pt_36304105|os hábitos mentais dos nossos animais domésticos são variáveis
common_voice_pt_36304106|Duas fêmeas idosas que sentam-se em um banco branco entre árvores.
common_voice_pt_36304107|Um longo silêncio
common_voice_pt_36304108|O navegador Mozilla, em um aplicativo separado.
common_voice_pt_36304109|Entenda como agem as variantes
common_voice_pt_36304110|As tartarugas são répteis e não anfíbios.
common_voice_pt_36304111|Tenho apreço por todos que contribuem com o projeto em toda a comunidade lusófona
common_voice_pt_36304112|Os espaços transformacionais dependem da criatividade, sendo essenciais para o seu desenvolvimento.
common_voice_pt_36304113|Pronto para atacar
common_voice_pt_36304114|Eu também penso assim.
common_voice_pt_36304115|Você acredita em superpopulação?
common_voice_pt_36304116|Você é mesmo filho do meu pai.
common_voice_pt_36304122|Achei um diário do meu pai por acidente.
common_voice_pt_36304123|Eles correspondem à fase de arranque do programa no município.
common_voice_pt_36304124|Eu gostaria de me juntar, mas ninguém me perguntou.
common_voice_pt_36304125|E continue a prestar atenção aos presságios.
common_voice_pt_36304126|Você segue o caminho
common_voice_pt_36304127|Eu consegui encontrá-lo.
common_voice_pt_36304128|Isso é obviamente super simples?
common_voice_pt_36304129|Nós poderíamos nos perguntar.
common_voice_pt_36304130|Missão chinesa Tianwen tira belas fotos dos polos de Marte
common_voice_pt_36304131|Não,? não vai a menos que eles tenham um escorregador inflável gigante.
common_voice_pt_36304132|Ela não pode sobreviver um dia sem ter um kebab.
common_voice_pt_36304133|Problemas que ocorreram no começo deste ano
common_voice_pt_36304134|Construtor e pintor entenderam bem as indicações que lhes fiz.
common_voice_pt_36304136|Não é possível entrar em contato ou recusar-se a visitar
common_voice_pt_36304137|Tanto tempo
common_voice_pt_36304138|Um filhote brincalhão morde a camisa de um menino.
common_voice_pt_36304139|Este é o orvalho.
common_voice_pt_36304140|Alface não mata a fome.
common_voice_pt_36304142|A cirurgia plástica tornou-se mais popular que a urologia.
common_voice_pt_36304143|Máquinas de costura modernas podem reduzir sua velocidade.
common_voice_pt_36304144|O mar é difícil de entender e enganar.
common_voice_pt_36304146|Então ele soltou sua pá? pegou sua jaqueta? e saiu para a estrada.
common_voice_pt_36304147|O conhecimento é um bem valioso
common_voice_pt_36304150|a sucessão de bens de estrangeiros situados no país será regulada pela lei brasileira
common_voice_pt_36304153|A cadeia montanhosa de Pàndols testemunhou batalhas sangrentas.
common_voice_pt_36304154|Dinheiro na entrega
common_voice_pt_36304155|A primeira pessoa que está presente na mesa para votar e aceitar fazer parte.
common_voice_pt_36304156|Mangá é um tipo de quadrinho japonês com traço característico
common_voice_pt_36304157|Afirmando os resultados da reabilitação ecológica
common_voice_pt_36304158|Antes de colocar o prato, certifique-se de que os molhos estão quentes.
common_voice_pt_36304159|Diamantes, pérolas, esmeraldas, opalas, rubis e safiras
common_voice_pt_36304160|Pindorama do Tocantins
common_voice_pt_36304161|O som do sino é muito perturbador.
common_voice_pt_36304162|Eu estou indo para a França.
common_voice_pt_36304163|Digite os registros gerados pela unidade e siga as etapas no aplicativo específico.
common_voice_pt_36304164|Estudar e decidir quantas propostas as empresas realizam para evitar riscos.
common_voice_pt_36304165|A fisiologia humana é um campo de estudos com muitos detalhes e nuances
common_voice_pt_36304166|Dois meninos pequenos estão entrando em uma van de cor acinzentada.
common_voice_pt_36304167|O servidor está anormal.
common_voice_pt_36304168|A Seção de Planejamento de Infraestruturas passa a ser denominada Seção de Estudos.
common_voice_pt_36304169|O ônibus está finalmente aqui.
common_voice_pt_36304171|Três homens pescando com corda.
common_voice_pt_36304172|A guirlanda de Natal feliz para a janela.
common_voice_pt_36304174|de repente saímos pela porta das traseiras e tropeçamos em todos os caixotes
common_voice_pt_36304180|As feiras de alimentos orgânicos vão ao encontro dos produtores locais
common_voice_pt_36304181|Se não há atividades semelhantes ao município e há uma demanda: dez pontos.
common_voice_pt_36304182|Esses motivos podem ser curtos e repetitivos, ou mais longos e mais variados.
common_voice_pt_36304183|A maioria dos prisioneiros foi morta imediatamente em uma câmara de gás.
common_voice_pt_36304184|O pacote de cuidados que você me enviou chegou bem a tempo.
common_voice_pt_36304185|Renda-se ou causaremos sua rendição
common_voice_pt_36304186|A entidade adjudicante realiza a sua aquisição em nome de outras autoridades adjudicantes?
common_voice_pt_36304187|ao atual governo da Venezuela
common_voice_pt_36304188|Ela tentou parar o sangramento de suas coxas com um lenço de papel.
common_voice_pt_36304189|O ciclista vermelho ofegante está entre a natureza.
common_voice_pt_36304195|As festas, para muitos, são pragas.
common_voice_pt_36304197|Moedas em espécie
common_voice_pt_36304198|Sobretudo em diferentes contextos culturais
common_voice_pt_36304200|Golpista abandonado
common_voice_pt_36304201|Com quem você está rindo?
common_voice_pt_36304207|Mansidão
common_voice_pt_36304208|Fatos científicos têm sido questionados por líderes governamentais energúmenos e ignorantes que nada compreendem
common_voice_pt_36304209|Ele foi eleito pelos membros em novembro.
common_voice_pt_36304210|O plasma contido no sangue dos cavalos é usado para produção de soro
common_voice_pt_36304211|Se não o fizer, o direito do licitante vencedor receberá o auxílio.
common_voice_pt_36304216|Nós vivemos em sociedade.
common_voice_pt_36304218|três chineses comem sopa.
common_voice_pt_36304219|Flutue o sabão em cima da água do banho.
common_voice_pt_36304220|Uma mulher idosa recebe a pressão arterial verificada.
common_voice_pt_36304221|O cartão é de débito ou crédito?
common_voice_pt_36304222|Necessitaremos de mais contribuições transversais, horizontais e verticais
common_voice_pt_36304223|Os esquiadores estão na frente do alojamento.
common_voice_pt_36304224|Dispositivos de som Bluetooth.
common_voice_pt_36304225|Um homem sem-teto sendo observado por um homem em trajes de negócios.
common_voice_pt_36304226|O vandalismo poderia transmitir algumas mensagens engraçadas? também!
common_voice_pt_36304227|Visto da estrada costeira do norte
common_voice_pt_36304233|açúcar
common_voice_pt_36304234|Cerca de trezentos mil.
common_voice_pt_36304235|Como bloquear ligações de telemarketing
common_voice_pt_36304236|Está pensando que travesti é bagunça?
common_voice_pt_36304237|Identifique-se por gentileza
common_voice_pt_36304241|Junho, julho, agosto e setembro
common_voice_pt_36304243|Roupas e hospedagem são gratuitas para novos homens.
common_voice_pt_36304245|Nove homens foram contratados para cavar as ruínas.
common_voice_pt_36304246|Nós não roubamos.
common_voice_pt_36304247|O acidente poderia ter sido evitado se os carros fossem autônomos
common_voice_pt_36304248|o congestionamento era pesado em toda a cidade.
common_voice_pt_36304249|Corredor de distância preto atlético termina uma corrida de estrada
common_voice_pt_36304250|Você quer dizer espiões e coisas assim?
common_voice_pt_36304251|O procedimento telemático apresenta duas entradas diferenciadas, uma para cada ação.
common_voice_pt_36304257|Subsídios para projetos que articulam os setores profissionais no campo da literatura catalã.
common_voice_pt_36304259|o paradigma da orientação a objetos é baseado em princípios provados
common_voice_pt_36304260|Os centros de terapia védica foram espalhados por todo o bairro.
common_voice_pt_36304261|O bom tabaco produz boas cinzas.
common_voice_pt_36304265|Qual é o truque de catorze graus negativos?
common_voice_pt_36304266|Licitantes estrangeiros apresentarão sua documentação oficialmente traduzida para o catalão ou espanhol.
common_voice_pt_36304267|Dividido em duas partes
common_voice_pt_36304269|A área limita a margem do rio ao longo de seiscentos e trinta metros.
common_voice_pt_36304272|À direita ou vice-versa, em casa há dinheiro.
common_voice_pt_36304273|O Universo tem treze ponto oito milhões de anos.
common_voice_pt_36304274|Poderia considerar esta estalagem uma prisão, porque estou compelido a aguardar nela;
common_voice_pt_36304275|Eles tropeçaram e caíram? e o solitário homónimo ficou de pé em silêncio.
common_voice_pt_36304276|Ele é dono da ideia de instabilidade.
common_voice_pt_36304277|Um grupo de médicos examinou os prontuários médicos do paciente.
common_voice_pt_36304278|O texto é muitas vezes desnecessariamente obscuro.
common_voice_pt_36304282|Alguém está pegando papel higiênico e pegando uma briga
common_voice_pt_36304283|Às pragas, eu daria o nome de posseiros, invasores de terra.
common_voice_pt_36304285|Planos de longo prazo deveriam ter sido feitos há muito tempo
common_voice_pt_36304286|E os nomes das pessoas envolvidas eram muito difíceis de pronunciar.
common_voice_pt_36304287|Anis-estrelado, baunilha, canela e cardamomo são muito usados em doces
common_voice_pt_36304292|A classe média sofreu com o aumento de impostos
common_voice_pt_36304295|Qual é o preço da luminária naquela loja conceitual?
common_voice_pt_36304297|Foi pulverizado em vermelho? com bordas amarelas.
common_voice_pt_36304298|Eu estou fazendo um cão-guia robótico para minha dissertação.
common_voice_pt_36304299|uma ginasta asiática feminina fazendo um salto nas barras
common_voice_pt_36304300|Teve a oportunidade de se manifestar com veemência
common_voice_pt_36304301|O marinheiro no mar; o labrador, a terra e o soldado, para a guerra.
common_voice_pt_36304302|Compilar o kernel do Linux pode ser demorado.
common_voice_pt_36304303|Corrente instantânea de alta tensão
common_voice_pt_36304318|Por sorte havia uma passadeira.
common_voice_pt_36304320|Um maldito banho de sangue maligno explode seu cérebro em um artista.
common_voice_pt_36304323|A misoginia não deve ser tolerada no século vinte e um
common_voice_pt_36304329|sobressaindo este num monte de muitos outros, de um brilhante avermelhado
common_voice_pt_36304331|Pessoas em um carnaval participando de um concurso de tiro.
common_voice_pt_36304332|O que as multinacionais nos custaram.
common_voice_pt_36304333|Também corresponde à modificação ou exclusão de todos os arquivos necessários.
common_voice_pt_36311759|É melhor se desgastar do que bronzear.
common_voice_pt_36311760|Ela está muito doente.
common_voice_pt_36311762|Tem cravo-da-Índia?
common_voice_pt_36311763|Boca amarga não pode cuspir mel.
common_voice_pt_36311776|foi preciso fazer um vomitório especial
common_voice_pt_36311797|O egoísmo é um vício tão antigo quanto o mundo.
common_voice_pt_36311798|normas gerais de licitação e contratação, em todas as modalidades
common_voice_pt_36311799|No aspecto de seu varejista, depende da livre movimentação de mercadorias.
common_voice_pt_36311800|As pessoas andam na frente de alguns graffiti.
common_voice_pt_36311801|Uma tenista está de pé com os pés afastados em uma quadra.
common_voice_pt_36311802|Eu não tenho gasolina sobrando.
common_voice_pt_36311809|Todo software de processamento de imagens contém contraste automático e aprimoramento de cores.
common_voice_pt_36311816|Expressões coloquiais
common_voice_pt_36311817|Algoritmos de compressão de dados.
common_voice_pt_36311827|O islã defende sua visão de mundo
common_voice_pt_36311829|Posso pegar o mais novo cronograma de filmes
common_voice_pt_36311830|Onze escorpiões foram coletados por um caçador.
common_voice_pt_36311831|O programa oferecido será composto por alojamento e pensão completa.
common_voice_pt_36311837|a chuva que tamborila nas folhas de tinhorão da chácara
common_voice_pt_36311838|A penúltima caixa de sapatos continha algo muito mais interessante - dinheiro.
common_voice_pt_36311839|rotação do dinheiro
common_voice_pt_36311840|Que tipo de pessoas estará lendo uma brochura para turistas?
common_voice_pt_36311847|Corrente flui através da linha modificada
common_voice_pt_36311848|Diga-me a previsão do tempo para a Finlândia
common_voice_pt_36311849|Segundo dados do serviço, passaram a existir mais de um milhão de frases.
common_voice_pt_36311850|Homem é baleado após assalto
common_voice_pt_36311851|Postar um vídeo para escrever um blog
common_voice_pt_36311853|Vá para a Câmara Municipal esta tarde
common_voice_pt_36311856|Fim de linha na transição planetária
common_voice_pt_36311857|As cortinas vermelhas faziam a sala parecer um inferno.
common_voice_pt_36311859|Preencha um molde e coloque-o no freezer até que fique preso.
common_voice_pt_36311862|Em entrevista à Rádio Bandeirantes
common_voice_pt_36311863|Ela se exibiu como lésbica no ano passado? você não ouviu?
common_voice_pt_36311865|quatro pessoas na rua correndo uma maratona.
common_voice_pt_36311866|O que acontece quando as moléculas estão sob estresse?
common_voice_pt_36311867|Se você quiser ficar rico em breve, semeie mais cevada do que trigo.
common_voice_pt_36311868|Uma linguagem tóxica é mais perigosa que uma cobra tóxica.
common_voice_pt_36311869|Todos os anos, mais idiomas são adicionados e o número de artigos é duplicado.
common_voice_pt_36311870|Gritaram em uníssono
common_voice_pt_36311871|É comum encontrar problemas, então leia atentamente as instruções.
common_voice_pt_36311878|Ele exagerou seus paroquianos em excesso de Benimarco.
common_voice_pt_36311880|Portanto, não houve pressão para demolir construções antigas para colocar novas em seu lugar.
common_voice_pt_36311883|O que estamos falando, no entanto, quando falamos de narratologia musical?
common_voice_pt_36311885|Participe em fóruns profissionais nacionais, estaduais e internacionais.
common_voice_pt_36311886|babuínos bobocas balbuciando em bando
common_voice_pt_36311901|Um chef prepara um hambúrguer em um recipiente portátil durante um festival.
common_voice_pt_36311902|Esta praia de nudismo já foi melhor frequentada
common_voice_pt_36311903|A avaliação será a média aritmética das três questões escolhidas pelo oponente.
common_voice_pt_36311904|Resfriado dura quantos dias?
common_voice_pt_36311905|Estes auscultadores tocam música muito claramente nos meus ouvidos.
common_voice_pt_36311906|Crescimento da soberania popular revolucionária
common_voice_pt_36311909|A política desportiva da Câmara Municipal vai ao encontro da promoção e desenvolvimento.
common_voice_pt_36311926|Amazonenses são as pessoas que nascem no estado do Amazonas
common_voice_pt_36311929|Curso de treinamento educacional
common_voice_pt_36311938|Essas alterações na interface também afetam o sistema de calendário e o organizador pessoal.
common_voice_pt_36311939|Os faróis queimavam inexplicavelmente
common_voice_pt_36311940|um pote de chá preto da Takeda
common_voice_pt_36311962|Coloque-os em uma bandeja em papel absorvente.
common_voice_pt_36311963|A pilastra dá sustentação à estrutura
common_voice_pt_36311964|Aviso de cookies: ao prosseguir, você concorda com as condições
common_voice_pt_36311965|Marc, você poderia me dar o mata-moscas?
common_voice_pt_36311981|Coloque um pouco de detergente e faça espuma
common_voice_pt_36311982|Meu pai não fuma nem bebe.
common_voice_pt_36311983|Motociclista tocando enquanto dois homens assistem
common_voice_pt_36312274|Diz-se de terreno que é semeado por rábanos, planta cuja raiz é comestível
common_voice_pt_36312275|Tive dificuldades, não vou negar
common_voice_pt_36312276|Centésimo nonagésimo oitavo
common_voice_pt_36312277|O perfume tem um frescor característico
common_voice_pt_36312278|Pegue uma suíte no Imperial e contrate alguns guarda-costas.
common_voice_pt_36312295|Não é necessário para possuir ou alugar terras agrícolas
common_voice_pt_36312296|Obtinham energia para o metabolismo a partir da reação de substâncias inorgânicas
common_voice_pt_36312297|A origem dos resíduos é completamente incerta.
common_voice_pt_36312298|Este não foi apenas um ato altruísta, eles queriam ser eleitos.
common_voice_pt_36312299|Recuperando gradualmente a força
common_voice_pt_36312310|O fluido de freio estava vazando no caminho.
common_voice_pt_36312312|Salário trabalhista
common_voice_pt_36312313|Crise de desabastecimento e escalada da inflação
common_voice_pt_36312314|Noivaram no mês passado
common_voice_pt_36312330|Aparentemente, são os bolinhos que fazem com que o ensopado seja tão bom.
common_voice_pt_36312332|Nós vamos lavar os lençóis hoje
common_voice_pt_36312333|Oficiais especializados estão atualmente apoiando sua família.
common_voice_pt_36312334|Nadadores em uma linha de frente para longe da câmera
common_voice_pt_36312350|Obsolescência programada
common_voice_pt_36312351|O mistério de Jack, o estripador
common_voice_pt_36312352|Jordi Gil i Pujol, Subdiretor Geral de Assuntos Interdepartamentais, que atuará como presidente.
common_voice_pt_36312353|Finalmente, ele expõe sua preocupação sobre o uso de medicamentos e antibióticos.
common_voice_pt_36312354|Dá-me a programação agora no cinema mais próximo
common_voice_pt_36312359|Inesperadamente, não é bom
common_voice_pt_36312360|É simplesmente a fumaça das fábricas.
common_voice_pt_36312362|O rejunte foi aplicado na parede
common_voice_pt_36312363|Evite negociar por meio de mensagens instantâneas
common_voice_pt_36312364|Fora da frigideira para o fogo
common_voice_pt_36312370|Compartilhar pacotes de idiomas é muito fácil com o robô.
common_voice_pt_36312371|O naturismo é uma prática defendida por diversos grupos
common_voice_pt_36312372|Instituição Nova Acrópole
common_voice_pt_36312373|O encanador apertou a válvula com vazamento.
common_voice_pt_36312374|Transfira sua atenção
common_voice_pt_36312380|Me lembre de comprar o videogame e alguns jogos novos
common_voice_pt_36312381|Os americanos introduziram algo análogo no comércio.
common_voice_pt_36312382|Ela costurou o casaco rasgado perfeitamente.
common_voice_pt_36312383|A última porta da cerca.
common_voice_pt_36312384|Cicero Bezerra Nogueira
common_voice_pt_36312391|A maioria das casas alvejadas eram casas para casas de veraneio.
common_voice_pt_36312393|Sua expressão me fez lembrar de um cavalo mastigando feno.
common_voice_pt_36312396|Vinte e cinco unidades, por favor.
common_voice_pt_36312398|Apesar disso, está repleto de imenso poder político.
common_voice_pt_36312400|Que é capaz de entender até mesmo o contexto.
common_voice_pt_36312401|De unidade e uniformidade, não havia lugar nenhum.
common_voice_pt_36312402|Todas as estradas vão para Jericó.
common_voice_pt_36312403|Sobrevivência das vítimas permanece nossa prioridade!
common_voice_pt_36312405|Todos os esforços serão desperdiçados
common_voice_pt_36312408|Você ainda será vulnerável à vigilância direcionada.
common_voice_pt_36312415|O pau de Shiva é deixado no buraco.
common_voice_pt_36312417|Loreto era um arroz de camponês e um assado.
common_voice_pt_36312418|Apenas um terço do lixo está sendo reciclado neste país.
common_voice_pt_36312419|Atrás do cabeçalho, é adicionado um novo volume que abriga a sacristia.
common_voice_pt_36312420|se pretendes mergulhar no oceano tens que tomar todas a precauções
common_voice_pt_36312421|Sua esposa foi procurada pela Universidade da Flórida.
common_voice_pt_36312422|Ele tem milhas da Gol.
common_voice_pt_36312429|Os clientes ficaram insatisfeitos com a limpeza da lanchonete
common_voice_pt_36312431|Quem procura a verdade deve saber como transmiti-la.
common_voice_pt_36312433|Não confie na etiqueta na bolsa.
common_voice_pt_36312436|Uma jovem senhora praticando karatê fora em um dia.
common_voice_pt_36312438|As condições para recrutamento são muito boas.
common_voice_pt_36312449|Mas ainda procurando por um parceiro
common_voice_pt_36312450|A escova é morna e perfeita
common_voice_pt_36312451|A cidade murada foi tomada sem luta.
common_voice_pt_36312452|Qual o seu WhatsApp?
common_voice_pt_36312464|Eu cobrirei o método que uso e descreverei algumas alternativas.
common_voice_pt_36312465|A localização do site de recrutamento é muito boa
common_voice_pt_36312466|A ponte suspensa estava balançando no vendaval.
common_voice_pt_36312467|Gosto de usar seis ou sete aplicativos de produtividade.
common_voice_pt_36312468|Um homem em uma máscara na parte de trás de um veículo de serviço
common_voice_pt_36312825|Participar nos órgãos colegiados transversais no domínio dos contratos públicos.
common_voice_pt_36312826|perde-se precisão ao ignorar fonemas taxados socialmente como insultos
common_voice_pt_36312827|Aplique as curvas cônicas à resolução de problemas técnicos em que sua definição intervém.
common_voice_pt_36312828|Militares patrulham uma área
common_voice_pt_36312829|O congresso científico será em agosto
common_voice_pt_36312830|Uma vida faminta é uma vida demais.
common_voice_pt_36312831|Navio, barco, nau, lancha, veleiro e iate
common_voice_pt_36312832|Allan Kardec foi quem deu origem à codificação espírita
common_voice_pt_36312833|Vingadores Guerra Infinita.
common_voice_pt_36312834|exército de reserva
common_voice_pt_36312835|O Debian é um sistema operacional que é livre como em liberdade.
common_voice_pt_36312837|Lá você pode encontrar mais links e imagens.
common_voice_pt_36312838|Dependerá sempre se a dessalinização do bacalhau foi bem feita.
common_voice_pt_36312839|O Antônio não sabia qual era o perfil da Clara no Facebook
common_voice_pt_36312840|Uma colecção de clássicos para leitores de hoje, a preços acessíveis.
common_voice_pt_36312841|Interpretar instruções extensas e complexas, relacionadas ao campo profissional.
common_voice_pt_36312842|Essa convenção é natural.
common_voice_pt_36312843|Nesse sentido, nossa memória não foge da tendência interdisciplinar já mencionada.
common_voice_pt_36312844|A viabilidade foi avaliada
common_voice_pt_36312845|Até os potes na prateleira estão inclinados e as pessoas não.
common_voice_pt_36312846|Luara, Anny, Rafaele, Mikaele, Braian e Jonatha
common_voice_pt_36312847|Eu enviei um anexo para você.
common_voice_pt_36312848|Os homens no bar estavam obviamente bêbados.
common_voice_pt_36312850|Elabora relatórios sobre ajuda financeira extraordinária e subsídios para danos catastróficos concedidos.
common_voice_pt_36312858|A cidade inteira está em alvoroço.
common_voice_pt_36312859|Especialmente Nigéria, Brasil, Tailândia, Argentina, Egito, China e Índia.
common_voice_pt_36312860|Relatórios locais dizem que uma bolsa de explosivos foi disparada.
common_voice_pt_36312861|Não há arcabouço legal para seguirmos com esta ação
common_voice_pt_36312862|O café estilo de Quioto não decepciona.
common_voice_pt_36312863|A margarina é apenas manteiga com um complexo de inferioridade.
common_voice_pt_36312864|Haverá um vento forte do sudeste.
common_voice_pt_36312865|O que você fez com minhas chaves?
common_voice_pt_36312866|Hoje é uma ação corretiva
common_voice_pt_36312872|Reduzir, entretanto, significa reduzir a quantidade e a natureza prejudicial de uma origem residual.
common_voice_pt_36312873|Ele é quem lida com os banheiros e a limpeza das instalações.
common_voice_pt_36312875|Pretendemos fazer mais edições de cursos.
common_voice_pt_36312876|Tudo estava sincronizado
common_voice_pt_36312877|Neste parágrafo, quero sublinhar a gravidade do evento da refinaria.
common_voice_pt_36312880|O ciclone será responsável por muitas mortes
common_voice_pt_36312882|Trabalhador da Construção carregando grandes pedaços de madeira
common_voice_pt_36312885|Um deles será necessariamente um dos monólogos propostos pelo tribunal.
common_voice_pt_36312886|É um satélite da Terra.
common_voice_pt_36312888|Fez uma escala técnica em Guarulhos
common_voice_pt_36312889|Eles não são altruístas, mas são benignos.
common_voice_pt_36312890|O Egito é um país que é frequentemente mencionado na Bíblia.
common_voice_pt_36312891|Eles sempre foram apenas alguém para encher as arquibancadas.
common_voice_pt_36312897|A tradução da carta foi tradução livre.
common_voice_pt_36312898|Agora ela vai rodar a baiana em público
common_voice_pt_36312899|Quanto a mim, não pude imaginar uma circunstância mais agravante.
common_voice_pt_36312900|As terras não apresentam um risco hidrológico previsível.
common_voice_pt_36312901|Pardais, foices e estorninhos são pássaros ruins.
common_voice_pt_36312907|Trabalhadores de construções trabalham em uma ferrovia.
common_voice_pt_36312908|Este relatório será apresentado às partes signatárias para que possam avaliar os resultados.
common_voice_pt_36312909|Aproveitaremos o cortejo logo mais
common_voice_pt_36312910|Outras fontes de energia também recebem subsídios, muitas vezes muito mais altos.
common_voice_pt_36312911|Em que período da pré-história o fogo foi descoberto?
common_voice_pt_36312912|Acessou os logs do sistema.
common_voice_pt_36312913|Ele ouviu um som abafado e viu a marca preta avançar alguns centímetros.
common_voice_pt_36312914|O bolo estará pronto em dezessete minutos.
common_voice_pt_36312915|A água corrente não mata pessoas e a água é interrompida em algum momento.
common_voice_pt_36312916|Para os usuários, é importante que eles possam confiar em seu sistema operacional.
common_voice_pt_36312917|Tanto o corpo como a tampa e o portão serão elásticos.
common_voice_pt_36312918|O Mercado de trabalho na cidade precisa se desenvolver mais
common_voice_pt_36312919|O objetivo deste teste é avaliar a agilidade.
common_voice_pt_36312920|Felizmente, não há comprimidos.
common_voice_pt_36312921|Vamos tratar este machucado fazendo um curativo
common_voice_pt_36312922|Há uma pessoa tocando violão.
common_voice_pt_36312923|Há um monte de caçadores de autógrafos na frente.
common_voice_pt_36312924|Haverá quarenta encontros até que a liderança possa ser eleita
common_voice_pt_36312925|Mercearias nunca foram tão caras.
common_voice_pt_36312926|As ações marcadas como obrigatórias serão indispensáveis.
common_voice_pt_36312927|Famílias estão fugindo da guerra na Síria, se refugiando em países da Europa
common_voice_pt_36313652|Eu sei suas dimensões e como ela se comporta.
common_voice_pt_36313653|O site da empresa foi invadido
common_voice_pt_36313654|Lucy é uma jornalista.
common_voice_pt_36313655|Dependendo do lucro, faça a despesa.
common_voice_pt_36313656|Documentos que não incorporam a fotografia da pessoa não são aceitos.
common_voice_pt_36313657|Ele decidiu retornar ao estábulo de seu amigo pela rota mais longa possível.
common_voice_pt_36313658|O saldo final era quase trezentos termos normalizados.
common_voice_pt_36313659|Esses empresários egoístas sempre se consideram importantes, só porque usam gravata.
common_voice_pt_36313660|A reportagem era enganosa
common_voice_pt_36313661|O WiFi da escola dela tem uma quantidade ridícula de sites bloqueados.
common_voice_pt_36313662|E eles atacaram uma tenda vazia.
common_voice_pt_36313663|A sopa está quente
common_voice_pt_36313664|Em agosto o pasto e o amadurecido em setembro.
common_voice_pt_36313665|Crie produtos exclusivos com ferramentas digitais e plataformas de conhecimento
common_voice_pt_36313666|Cachos apertados ficam moles em dias chuvosos.
common_voice_pt_36313667|Exportações e importações compõem a balança comercial dos países
common_voice_pt_36313668|Era uma maneira indireta de proibir sua importação.
common_voice_pt_36313669|O conjunto de dados era muito grande para ser carregado na memória.
common_voice_pt_36313670|Essa é a escala centigrada.
common_voice_pt_36313671|Ele é assessor do deputado.
common_voice_pt_36313672|Eles não podem ser artigos de agências de notícias.
common_voice_pt_36313673|O modelo pode ser inicializado com codificação esparsa.
common_voice_pt_36313674|A composição do conselho foi diferente desta vez.
common_voice_pt_36313675|Ele resolveu a equação muito mais rápido do que se pensava anteriormente.
common_voice_pt_36313676|Esse maquinário custa caro, mas é adequado às necessidades da fábrica
common_voice_pt_36313677|Duas raparigas que prendem retratos de uma preguiça em uma multidão dos povos.
common_voice_pt_36313678|Zumbis estavam desfilando nas ruas e bebendo cerveja em copos de papel.
common_voice_pt_36313679|Hoje estou tornando a Internet mais inclusiva.
common_voice_pt_36313680|O programa de monitoramento ambiental busca o cumprimento de medidas preventivas, corretivas e compensatórias.
common_voice_pt_36313681|Que o leitor deve desculpar essa digressão.
common_voice_pt_36313683|Participei de várias reuniões
common_voice_pt_36313684|Duas mulheres trabalham em seus laptops.
common_voice_pt_36313685|Senhores, peço licença para ler um documento.
common_voice_pt_36313686|A população era dezoito mil quatrocentos e trinta e dois.
common_voice_pt_36313687|Ele era um clérigo que era alto.
common_voice_pt_36313688|É o pedágio para tentar escapar dos babuínos.
common_voice_pt_36313689|É admissível a ação meramente declaratória
common_voice_pt_36313690|O polo norte de Marte é uma gigantesca espiral
common_voice_pt_36313691|Esperamos que mais de trinta mil pessoas participem.
common_voice_pt_36313692|Toda a habilidade dos homens políticos é, então, formar partidos.
common_voice_pt_36313693|Durante os testes de entrada, todos os candidatos terão acesso aos vestiários.
common_voice_pt_36313694|Eles são relatórios robustos.
common_voice_pt_36313695|Dedos, unhas, cabelos, nariz, boca, pescoço, olhos, pernas e braços
common_voice_pt_36313696|Reencha um copo de graça
common_voice_pt_36313697|Hoje, o debate sobre o papel das tecnologias está definitivamente consolidado na agenda internacional.
common_voice_pt_36313698|O cientista escreveu seu papel.
common_voice_pt_36313699|Através da visão única do curador
common_voice_pt_36313700|Carne de porco, carne de baixo rendimento.
common_voice_pt_36313701|stalinismo
common_voice_pt_36313702|era vendido em vassalagem ao mercador
common_voice_pt_36313703|Comunicar intenções, idéias e sentimentos de forma consistente e honesta.
common_voice_pt_36313704|Havia risinhos do fundo.
common_voice_pt_36313705|O conselho de lobos fugiu de ovelhas.
common_voice_pt_36313706|Os gestos publicitários serão em nome do licitante vencedor.
common_voice_pt_36313707|Seria também o processo no caso de setores de novo desenvolvimento urbano.
common_voice_pt_36313708|Avaliação do reequilíbrio territorial fornecido pelo projeto, no máximo trinta pontos.
common_voice_pt_36313709|Investimentos que favoreçam a melhoria da eficiência energética em edifícios.
common_voice_pt_36313710|Então, podemos dizer que o bilinguismo é outro tipo de multilinguismo.
common_voice_pt_36313711|A rádio que mudou, dá-lhe notícias, vídeos, fotos.
common_voice_pt_36313712|O sabão pode lavar a maior parte da sujeira.
common_voice_pt_36313713|Você toma leite e açúcar?
common_voice_pt_36313714|Sua ansiedade explodiu.
common_voice_pt_36313715|Morreu, mas passa bem
common_voice_pt_36313716|Formigueiro
common_voice_pt_36313717|Os resultados alcançados estão muito aquém do estado da arte na classificação de imagens.
common_voice_pt_36313718|Inspirado pela letra
common_voice_pt_36313719|Os deputados são eleitos pelo povo
common_voice_pt_36313720|Eu acho que eles falam espanhol na Bolívia.
common_voice_pt_36313721|Eu já indiquei isso no capítulo anterior.
common_voice_pt_36313722|Três crianças estão de pé na frente de um anúncio de outdoor.
common_voice_pt_36313723|O termo começa contando a partir da última das publicações obrigatórias.
common_voice_pt_36313724|Ele é o homem que os anúncios são escritos para.
common_voice_pt_36313725|A hera subiu o prédio e se enrolou na chaminé.
common_voice_pt_36313726|O lábaro que ostentas estrelado
common_voice_pt_36313727|Tocar música de dispositivos a partir dos anos quarenta.
common_voice_pt_36313728|Eu sou de São Paulo capital.
common_voice_pt_36313729|Aspásia
common_voice_pt_36313730|adicionar erik santos na minha lista de reprodução Metal Xplorer
common_voice_pt_36313731|Minha ex-chefe tinha algumas dificuldades cognitivas
common_voice_pt_36313732|Eu pensei que o desaparafusar poderia ser automático.
common_voice_pt_36313734|Diga-me a previsão do tempo para a França
common_voice_pt_36313735|Os narcisos estão florescendo.
common_voice_pt_36313736|associações juvenis e populares
common_voice_pt_36313737|Raíça, Mel, Kemily, Kawan e Ketelen
common_voice_pt_36313738|Posso pegar o sanduíche sem maionese?
common_voice_pt_36313739|Análise de conjuntura
common_voice_pt_36313740|O documento não especifica se as rotundas estarão acesas ou não.
common_voice_pt_36313741|Os dados contidos nos arquivos podem ser modificados pela Área Telemática Comum.
common_voice_pt_36313742|Volte para sentar à esquerda
common_voice_pt_36313743|Há oito aparelhos completos e quatro menores nos ângulos.
common_voice_pt_36313744|Jacobina
common_voice_pt_36313745|Traga todas as fichas e aposte em nossa mesa
common_voice_pt_36313746|O confisco dos elementos utilizados para cometer a infração também pode ser decretado.
common_voice_pt_36313748|O Facebook tem muitos problemas de privacidade.
common_voice_pt_36313749|Enquanto houver aquecimento
common_voice_pt_36313750|A ação formativa é obrigatória para todas as pessoas contratadas.
common_voice_pt_36313751|Uma pessoa usando um capacete amarelo está subindo um penhasco
common_voice_pt_36313752|Ampliar o escopo e investir em pesquisas para o desenvolvimento de um material sustentável
common_voice_pt_36313754|A ejeção de massa coronal da estrela mascarou o sinal.
common_voice_pt_36313755|Existe realmente nenhum tipo de controle de acesso obrigatório?
common_voice_pt_36313756|Projetar os procedimentos estéticos dos tratamentos faciais e corporais, sequenciando os estágios de ação.
common_voice_pt_36313757|Quem quer que envergonhe os outros, envergonha a si mesmo.
common_voice_pt_36313758|Preencha a tinta com adesivo.
common_voice_pt_36313759|O congresso entrará em recesso em julho
common_voice_pt_36313760|Tenha uma virada muito abrupta
common_voice_pt_36313761|Assessorar empresas locais e privadas no planejamento de ações.
common_voice_pt_36313762|Ainda há muitos empréstimos para pagar.
common_voice_pt_36313763|Experiências validadas pelo comitê consultivo que será explicado em profundidade por seus autores.
common_voice_pt_36313764|Nós não vivemos para cálculos míopes e de curto prazo.
common_voice_pt_36313765|O próprio nome do patriotismo não é velho em nossa língua.
common_voice_pt_36313766|Carteira de trabalho
common_voice_pt_36313768|O que acontece com a luz enquanto viaja pelos átomos de gás?
common_voice_pt_36313769|Quais foram as notícias do Palácio do Planalto de ontem?
common_voice_pt_36313770|Coro da sociedade harmônica.
common_voice_pt_36313776|O silêncio foi doloroso.
common_voice_pt_36313777|A crise deve ser superada
common_voice_pt_36313778|O Ministro das Relações Exteriores tem um parafuso a menos
common_voice_pt_36313779|Alguém pode atender o telefone?
common_voice_pt_36313780|Eu quero reservar um bar de ostras com estacionamento em Guam para oito pessoas.
common_voice_pt_36313787|A composição dos geodos revela que são originários de magma solidificado
common_voice_pt_36313788|Traduza Oi para Coreano.
common_voice_pt_36313789|Altura e peso são muito próximos
common_voice_pt_36313795|Tire o dinheiro da poupança imediatamente e coloque em títulos públicos
common_voice_pt_36313796|Caravelas
common_voice_pt_36313797|Eles o mataram quando ele estava em dúvida.
common_voice_pt_36313798|Utopia ou distopia?
common_voice_pt_36313799|Trabalhar em casa tem desvantagens e vantagens.
common_voice_pt_36313820|Do Socialismo Utópico ao Socialismo Cientifico
common_voice_pt_36313822|Compareceram ao Círio de Nazaré
common_voice_pt_36313823|O edifício transversal será renovado no próximo ano
common_voice_pt_36313824|Infelizmente, o período de teste expirou.
common_voice_pt_36313825|Obrigado pela sua colaboração.
common_voice_pt_36313826|Cada um receberá o prêmio de um laptop.
common_voice_pt_36313828|Fatores que influenciam a absorção de energia.
common_voice_pt_36313829|Me passa o seu número de telefone.
common_voice_pt_36313830|A mina de cobalto foi abandonada há décadas.
common_voice_pt_36313831|O gado está em polvorosa
common_voice_pt_36313832|Reverberando no ar
common_voice_pt_36313834|O dinheiro também ajudará a fornecer habitação privada e acessível.
common_voice_pt_36322339|Ela era uma excelente diretora
common_voice_pt_36322340|Uma mulher está bebendo de um canudo verde.
common_voice_pt_36322346|Liam os mesmos livros, iam juntos a teatros e passeios.
common_voice_pt_36322352|Cada local na tela está em uma determinada linha e coluna.
common_voice_pt_36322353|Maribondo
common_voice_pt_36322354|tendência a distorção
common_voice_pt_36322355|Outrossim, ria largo, se era preciso, de um grande riso sem vontade, mas comunicativo
common_voice_pt_36322356|O espanholismo prepara uma segunda batalha de Valência.
common_voice_pt_36322357|Oportunidades de lucrar nos leilões
common_voice_pt_36322358|Direciona operacionalmente todo o pessoal designado a ela.
common_voice_pt_36322369|A Samsung é uma empresa americana?
common_voice_pt_36322370|Quantos ângulos quadrados o bastão da garota abaixo passa?
common_voice_pt_36322371|Um cowboy disputa um bezerro em um rodeio.
common_voice_pt_36322372|Piloto de bicicleta no ar em uma rampa
common_voice_pt_36322373|Você pode arquivar esses arquivos, por favor?
common_voice_pt_36322399|Todos eles serão migrados para o Linux e o OpenOffice.
common_voice_pt_36322400|O astigmatismo forte pode ser corrigido por lentes de contato.
common_voice_pt_36322401|Configuração do sistema.
common_voice_pt_36322402|Elabora relatórios sobre relações institucionais.
common_voice_pt_36322414|Desconectar todos os cabos de rede
common_voice_pt_36322415|Para pegar a ferrovia da cidade para o ônibus
common_voice_pt_36322416|Jornal diário desportivo que segue toda a atualidade desportiva com independência e rigor jornalístico.
common_voice_pt_36322417|Filmes pornôs têm argumentos estimulantes.
common_voice_pt_36322418|A Record vai transmitir o campeonato.
common_voice_pt_36322419|Você está estudando espanhol ou chinês?
common_voice_pt_36322420|Sons de flauta indiana
common_voice_pt_36322421|Os poucos que vejo crescer nas runas de casas de campo abandonadas.
common_voice_pt_36322422|O pó de café atravessou o oceano em navios cargueiros
common_voice_pt_36322423|Colaborar com os inspetores atuariais na avaliação de ativos urbanos e rurais.
common_voice_pt_36322424|Houve um baque como a queda de uma grande massa.
common_voice_pt_36322425|Se a lâmina soprar e o abutre, a chuva é segura.
common_voice_pt_36322426|A energia nuclear é o futuro.
common_voice_pt_36322427|Você pode fazer o upload desses arquivos, por favor?
common_voice_pt_36322428|O cinzeiro estava vazio.
common_voice_pt_36322429|Hipermercado ao lado da estação
common_voice_pt_36322430|Motuca
common_voice_pt_36322432|Albert Einstein foi um físico alemão que desenvolveu a Teoria da Relatividade.
common_voice_pt_36322433|Que tipo de pessoas estará lendo uma brochura turística?
common_voice_pt_36322434|Suposto gesto nazista
common_voice_pt_36322446|Ele me mandou por WhatsApp
common_voice_pt_36322447|É necessário que a entidade local mantenha esta documentação para possíveis auditorias.
common_voice_pt_36322448|Até a data-limite, prevista no tratado, vários mísseis foram destruídos.
common_voice_pt_36322449|Nos laboratórios haverá um veterinário à disposição do serviço.
common_voice_pt_36322450|Eu aluguei dez hectares de terra e descobriu-se que era estéril.
common_voice_pt_36322461|Não, não temos muitas áreas bloqueadas dentro da instalação.
common_voice_pt_36322462|Potencializa o autoconhecimento organizacional
common_voice_pt_36322463|Dispositivos de conduítes exclusivos, incluindo os tipos portáteis ou pinguins, não serão elegíveis.
common_voice_pt_36322464|Na reserva, há o número de solicitação, necessário para consultas subsequentes.
common_voice_pt_36322465|Por favor, mostre seu cartão de identificação ou carteira de estudante
common_voice_pt_36322476|O material será devidamente encomendado e organizado em prateleiras de metal.
common_voice_pt_36322477|Nomeação de dois supervisores, juntamente com o presidente, aprovam as atas da sessão.
common_voice_pt_36322478|Certificado válido
common_voice_pt_36322479|O navio parecia ser construído com alguma forma de exoesqueleto de cromo.
common_voice_pt_36322486|Listar todas as opções válidas programadas para se tornarem obsoletas em uma versão futura.
common_voice_pt_36322487|O cronômetro será lançado quando o candidato começar a corrida.
common_voice_pt_36322489|A linguagem veicular predominante, no entanto, é o espanhol.
common_voice_pt_36322495|Altere o dispositivo de saída de áudio.
common_voice_pt_36375584|A maioria dos algoritmos não é muito sensível ao tipo de normalização usado.
common_voice_pt_36375585|Naquela época, era o melhor ônibus de longa distância no Japão.
common_voice_pt_36375586|O oceano esconde criaturas marinhas espetaculares
common_voice_pt_36375587|Pressupõe um novo condicionamento físico
common_voice_pt_36375588|Ela tem uma aparência fantasmagórica
common_voice_pt_36375605|Nesta fase, o projeto não é de cogeração, mas simplesmente de geração elétrica.
common_voice_pt_36491135|Declarou o fim da era do transporte aquaviário
common_voice_pt_36491138|Limite de consultas superado.
common_voice_pt_36491139|A carga de maconha foi encontrada no porão do navio
common_voice_pt_36491140|Órgãos artificiais são naturalmente procurados
common_voice_pt_36491142|O Marcos cancelou seu cartão de débito do Itaú e do Santander.
common_voice_pt_36491143|Qualificação de lavoura não convencional
common_voice_pt_36491144|A parte proporcional da pensão recebida do Instituto Nacional do Seguro Social.
common_voice_pt_36491145|Erros vernáculos mais frequentemente cometidos no meio médico acadêmico
common_voice_pt_36491160|Você sabe usar o Photoshop?
common_voice_pt_36491161|O signo de touro é o segundo do zodíaco
common_voice_pt_36491162|Sua composição será a mesma das subcomissões territoriais de garantias de admissão.
common_voice_pt_36491163|Transfira as minhas últimas anotações para Karina
common_voice_pt_36491164|Ajuda que promove o multilinguismo.
common_voice_pt_36491181|Captamos intuitivamente os símbolos linguísticos
common_voice_pt_36491182|A nova loja Carrefour está prestes a começar a construção.
common_voice_pt_36491183|A turnê social foi cancelada?
common_voice_pt_36491184|As armas e os barões assinalados
common_voice_pt_36491185|Das câmaras de comércio, sabemos que nossas vozes sozinhas não são suficientes.
common_voice_pt_36491192|Adicionar esta faixa à minha lista de reprodução de metal
common_voice_pt_36491194|Fazia parte de uma oficina de artesanato têxtil no distrito industrial de Alcoy.
common_voice_pt_36491195|Finalmente, na tabela dez, podemos ver a evolução dos empregos no setor da construção.
common_voice_pt_36491196|As três crianças estão segurando guarda-chuvas e assistindo a cerimônia na chuva.
common_voice_pt_36491197|O capim está verde e vívido após a chuva de anteontem
common_voice_pt_36491205|Fez pirraça, pois não passa de uma mimada
common_voice_pt_36491206|Banho de anil para descarregar os encostos
common_voice_pt_36491207|A forma-valor relativa desdobrada
common_voice_pt_36491208|É necessário, portanto, modificar o marco regulatório do bem social em um duplo sentido.
common_voice_pt_36491216|A área de apego total é de cerca de três a nove hectares.
common_voice_pt_36491218|Lote número dois: mobília da biblioteca.
common_voice_pt_36491219|Demolição da recusa de destruir a polícia
common_voice_pt_36491220|Nós chegamos na estação
common_voice_pt_36491221|A escola conta com procedimentos formais e sistemáticos
common_voice_pt_36491223|Os segredos das redes sociais para viciar e manipular opiniões
common_voice_pt_36491224|trabalho fecundo quando acabar com as ilusões
common_voice_pt_36491225|Dormir pouco gera efeitos nocivos ao organismo
common_voice_pt_36491226|Brian, Karolina, Raine, Wendel e Suelem
common_voice_pt_36491227|Por que você não está disposto a divulgar?
common_voice_pt_36491235|Um mural ao lado de um edifício.
common_voice_pt_36491236|Clima subtropical úmido
common_voice_pt_36491239|Vídeos compilação de falhas.
common_voice_pt_36491242|Assume o controle do armazenamento, segurança e destruição dos arquivos usados nos processos.
common_voice_pt_36491243|Um homem vestindo uma camisa roxa está usando uma seringa em um laboratório.
common_voice_pt_36491244|Um homem sem camisa, segurando uma raquete de tênis e uma bola.
common_voice_pt_36491245|Eu tenho uma dor de cabeça e dor de garganta.
common_voice_pt_36491246|Mas é a capacidade de completar o sonho a tempo.
common_voice_pt_36491254|Eu encontrei uma loja de língua de boi grelhada.
common_voice_pt_36491255|Você certamente entregou as mercadorias.
common_voice_pt_36491256|Insira seu cartão para se identificar.
common_voice_pt_36491257|A energia solar é uma excelente alternativa à queima de carvão e ao petróleo
common_voice_pt_36491258|Em caso de acidente e falha, é necessário abrir a vala.
common_voice_pt_36491267|O canibal estava procurando outra vítima para apaziguar seu apetite.
common_voice_pt_36491268|Planeje ações de aconselhamento cosmético usando técnicas de comunicação e marketing.
common_voice_pt_36491269|Na realidade, no campo editorial, quanto mais um trabalho circula, mais eles vendem.
common_voice_pt_36491270|O procedimento de liquidação será regido pelas disposições da legislação das sociedades comerciais.
common_voice_pt_36491271|O parágrafo inicial assustou os leitores.
common_voice_pt_36491275|Além disso, se descobrissem o cadáver, não a enterrariam em sagrado.
common_voice_pt_36491276|Tempestade aumentando sobre as Montanhas Rochosas.
common_voice_pt_36491277|Eu vi caminhos ciclópicos que subiram ao céu.
common_voice_pt_36491278|O tubo começou a marrom quando ainda era praticamente novo.
common_voice_pt_36491287|Bens com preços são sempre os mais caros.
common_voice_pt_36491288|Há, sim, buscas dispersas e desiguais no valor de suas contribuições.
common_voice_pt_36491289|Alces bêbados são muito perigosos.
common_voice_pt_36491290|Incapaz de parar o terremoto
common_voice_pt_36491291|A tampa da jarra estava apertada demais para desatarraxar.
common_voice_pt_36491302|Elabora relatórios e propostas de resoluções sobre o processamento de autorizações de transporte.
common_voice_pt_36491311|O serviço de hospedagem e backup custará seiscentos euros por ano.
common_voice_pt_36491312|Este edifício tem um elevador que é necessário para cadeiras de rodas.
common_voice_pt_36491313|O rei camarão, do mar, o vinho está chamando.
common_voice_pt_36491314|Reunião de revisão de procedimento geral
common_voice_pt_36491407|É um obstáculo ao desenvolvimento produtivo, econômico e geoestratégico do país.
common_voice_pt_36491409|Escolha o idioma padrão.
common_voice_pt_36491410|A moeda antiga era bastante monótona e desgastada.
common_voice_pt_36491411|Eu te enviei um email hoje.
common_voice_pt_36491412|Jovens saxofonistas esperam durante uma pausa em um desempenho
common_voice_pt_36491413|Visitar o escritório durante o horário comercial
common_voice_pt_36491414|Apagou os logs do sistema.
common_voice_pt_36491415|Pessoas borradas andando na cidade à noite.
common_voice_pt_36491416|Cleison, Kaline, Taynara, Thayná e Grasiele
common_voice_pt_36491417|Com dois tiros de revólver, estirou-o morto no chão...
common_voice_pt_36491418|Adotou o crucifixo como adorno
common_voice_pt_36491420|Pode operar em conteúdos muito diversos, muitas vezes afetando setores privados.
common_voice_pt_36491421|Trata-se de uma nova funcionalidade para a loja autônoma
common_voice_pt_36491422|Rã, lebre, camundongo, rato, jacaré e hipopótamo
common_voice_pt_36491428|Nós tentamos substituir moedas por notas.
common_voice_pt_36491430|Os meninos estão escalando postes de madeira em um rio sujo.
common_voice_pt_36491431|Qual é a distância entre Cuiabá e Teresina?
common_voice_pt_36491432|O repórter perguntou três vezes seguidas.
common_voice_pt_36491433|Os quatro músicos estão se preparando para tocar seus instrumentos.
common_voice_pt_36491434|o que significa peido do diabo em francês
common_voice_pt_36491435|O telhado deve ser inclinado em uma inclinação acentuada.
common_voice_pt_36491436|Uma foto de espectadores assistindo membros da banda executar no violino.
common_voice_pt_36491437|Uma enfermeira simpática me disse seu nome.
common_voice_pt_36491438|Este estágio de pesquisa rítmica marcaria seu pensamento musical de maneira inconfundível.
common_voice_pt_36491439|Três homens em roupas brilhantes trabalham na rua com trilhos de trem.
common_voice_pt_36491443|celso conheceu maria no mercado do tio chico enquanto esperavam no caixa
common_voice_pt_36491445|Qual foi o computador analógico?
common_voice_pt_36491448|Ocupações
common_voice_pt_36491449|Campanário
common_voice_pt_36491450|Uma orquestra não faz verão.
common_voice_pt_36491456|Sentinelas da luz
common_voice_pt_36491457|Mais tarde, voltei para o ponto de ônibus.
common_voice_pt_36491458|Sou viciada em reciclagem.
common_voice_pt_36491459|Eu quero ligar de volta amanhã.
common_voice_pt_36491460|Muitas pessoas ficam traumatizadas após este acidente de barco e precisam de cuidados intensivos.
common_voice_pt_36491461|Ele estava deprimido e suicida.
common_voice_pt_36491462|A Maria tem um perfil privado no Instagram
common_voice_pt_36491464|Feijão verde e motel de hostal, palpável maduro.
common_voice_pt_36491465|Esta bobina mortal
common_voice_pt_36491471|Existem dois blogs diferentes de acordo com o tópico em discussão.
common_voice_pt_36491472|Esta pandemia mata.
common_voice_pt_36491473|Ciência da informação
common_voice_pt_36491474|As Táticas de Infantaria Derivadas a Partir de Suas Causas Materiais
common_voice_pt_36491475|As chuvas de janeiro enchem o barril e o celeiro.
common_voice_pt_36491476|Dezoito anos é a divisa da maioridade
common_voice_pt_36491477|O cadastro está correto
common_voice_pt_36491478|Eu vi o anúncio do metrô
common_voice_pt_36491479|O mandato terminou no final de junho do mesmo ano.
common_voice_pt_36491480|Sem fotografia, sem interferência, sem acesso
common_voice_pt_36491482|Ambulância destroçada está sendo rebocada por um caminhão grande.
common_voice_pt_36491484|Emma viu a água-viva.
common_voice_pt_36491487|Era hora de tirar os desperdícios e alegrias da temporada anterior.
common_voice_pt_36491489|Soldado sentado em cima do jipe segurando uma metralhadora e soldado sentado dentro.
common_voice_pt_36491490|Tudo precisa ser feito logo antes do início da reunião.
common_voice_pt_36491492|Não há absolutamente nenhuma falta deste salário em casa.
common_voice_pt_36491493|Tire suas armas.
common_voice_pt_36491494|Promover ações preventivas em matéria de segurança no trabalho e planejá-lo.
common_voice_pt_36491496|Inclua o logotipo do departamento, se aplicável.
common_voice_pt_36491497|Animais de estimação geralmente não podem ter abrigos ou varandas, como de costume.
common_voice_pt_36491498|Eu perdi o ônibus de novo
common_voice_pt_36491499|Como os pesos são calculados?
common_voice_pt_36491500|Espero que vocês viajem muito durante o intercâmbio!
common_voice_pt_36491506|O envio falhou!
common_voice_pt_36491507|O xadrez é uma simulação da guerra.
common_voice_pt_36491508|Traga os órfãos até a juíza
common_voice_pt_36491509|Os paramédicos retiraram o desfibrilador para reanimar o motociclista.
common_voice_pt_36491510|O isolamento talhou-me à sua imagem e semelhança.
common_voice_pt_36491511|Eles queriam salvar o oásis.
common_voice_pt_36491512|Ele dirigiu em um navio chamado Bibavica.
common_voice_pt_36491513|Sim, consegui um emprego.
common_voice_pt_36491514|Todas as estradas vão para Jericó
common_voice_pt_36491515|Quanto cimento ele precisará para terminar a tarefa?
common_voice_pt_36491526|Uma pessoa de uniforme está de pé em frente a uma ponte de pedágio
common_voice_pt_36491527|Essa pessoa está na água com um sinal de festival do mundo.
common_voice_pt_36491528|Acesso negado.
common_voice_pt_36491529|Uma mulher chinesa que prepara o alimento em uma tabela fora de um restaurante.
common_voice_pt_36491530|Eu fiquei para ouvir algo no nosso telefone no escritório.
common_voice_pt_36491531|Abril chuvoso e ventoso podem tornar o ano rico e lucrativo.
common_voice_pt_36491532|Uma brisa começou a soprar.
common_voice_pt_36491533|Reduzir as responsabilidades de cuidados familiares
common_voice_pt_36491534|Também começamos a contemplar a possibilidade de voltar ao Colorado.
common_voice_pt_36491535|Quantas bactérias estão no balcão da cozinha?
common_voice_pt_36491541|A deflagração será realizada nos próximos dias
common_voice_pt_36491542|O voo sairá de São Paulo para Brasília às doze horas de amanhã
common_voice_pt_36491543|este é um grupo de pessoas participando de uma corrida
common_voice_pt_36491544|Para enterrar a verdade, muitas pás precisam ser.
common_voice_pt_36491546|A multidão ainda está baixa
common_voice_pt_36491547|A milícia entrou na favela.
common_voice_pt_36491553|O acidente nunca descansa.
common_voice_pt_36491556|Ele se sentiu sobrecarregado pelos séculos de tempo desde que as Pirâmides foram construídas.
common_voice_pt_36491558|Equipe de construção aguarda passagem pelos portões de um canteiro de obras.
common_voice_pt_36491561|O trabalho científico é difícil.
common_voice_pt_36491562|O organismo da bacia pode rever esta condição dentro do prazo.
common_voice_pt_36491563|Não apresenta prova de taxas de exame.
common_voice_pt_36491564|Agende serviços com normalidade e eficiência.
common_voice_pt_36491565|Gabando a dureza e a grossura do cobre
common_voice_pt_36491566|Isso é chamado de big data.
common_voice_pt_36491567|Integridade do código fonte original.
common_voice_pt_36491573|adicionar bater um tambor para minha lista de reprodução de limpeza
common_voice_pt_36491574|No entanto, essas duas cenas têm um tipo de diálogo socrático.
common_voice_pt_36491575|Desfralda a invicta bandeira
common_voice_pt_36491576|Primo abriu uma fábrica
common_voice_pt_36491577|A iluminação exterior pode causar um impacto temporário e aparência irregular.
common_voice_pt_36491584|Para incentivar novos empreendimentos com potencial internacional
common_voice_pt_36491585|Um trabalhador mais limpo está limpando as paredes de um metrô
common_voice_pt_36491586|Você pode enviar uma cópia do papel para mim?
common_voice_pt_36491587|O mais do tempo é gasto em hortar, jardinar e ler
common_voice_pt_36491593|Homens com pulseiras laranja executam uma dança.
common_voice_pt_36491594|Fortalecer de forma abrangente a infraestrutura inadequada
common_voice_pt_36491595|Você tem que dominá-lo em todos os momentos.
common_voice_pt_36491596|A guerra dizimou um país inteiro
common_voice_pt_36491597|Adicionar esta música aos meus hits underground
common_voice_pt_36491598|Plano de educação continuada.
common_voice_pt_36491599|Clipes gravados.
common_voice_pt_36491605|O primeiro estágio do foguete retorna à Terra e pode ser reutilizado
common_voice_pt_36491606|Faça calendários de trabalho.
common_voice_pt_36491607|O Jorge mandou a foto pro Carlos pelo Telegram
common_voice_pt_36491608|De cada difamação, algo permanece.
common_voice_pt_36491609|Desamparado
common_voice_pt_36491610|Chavantes
common_voice_pt_36491611|Burkina Faso anuncia que rompeu comigo
common_voice_pt_36491613|Autoconfiança é a fonte de força para manter a imagem
common_voice_pt_36491614|Encaminhar as atividades dos primeiros ex-alunos
common_voice_pt_36491625|Cauam, Kaila, Kauam, Kaiky e Kemilly
common_voice_pt_36491626|Promover ativamente a política empreendedora
common_voice_pt_36491627|por sobre os destroços presentes até às ribas de uma África juvenil
common_voice_pt_36491629|Esses dados também podem ser usados para extrair amostras para ações estatísticas oficiais.
common_voice_pt_36491630|Seu filho era veterinário
common_voice_pt_36491631|Roupas e alojamentos são gratuitos para os jovens.
common_voice_pt_36491632|Um homem sem-teto na calçada carregando seus pertences.
common_voice_pt_36491635|Egito, Nigéria, Somália e Sudão estão se desenvolvendo rápido
common_voice_pt_36491645|Um uísque é o final perfeito para o meu dia.
common_voice_pt_36491646|Apenas uma burocracia inchada
common_voice_pt_36491647|As praças e os parques precisam de um plano urbanístico mais focado no paisagismo
common_voice_pt_36491648|O policial está tendo nota na mão.
common_voice_pt_36491649|Um serviço ao cliente eficiente deve ser fornecido para atender às necessidades.
common_voice_pt_36491650|Quantas bebidas alcoólicas você consome a cada semana?
common_voice_pt_36491651|Nós votamos pelo resto da moção.
common_voice_pt_36491652|Fermentação, fotossíntese e respiração
common_voice_pt_36491654|Quantos quadrados vermelhos estarão no décimo diagrama?
common_voice_pt_36491656|Coordenar a gestão com fornecedores.
common_voice_pt_36491657|Pescaria Brava
common_voice_pt_36491659|Juros simples e compostos
common_voice_pt_36491661|Posso pegar um sanduíche sem pepino?
common_voice_pt_36491671|O aplicativo está realmente com um bug.
common_voice_pt_36491672|Uma dançarina folk está girando sua saia cor de coral
common_voice_pt_36491673|Terra assada
common_voice_pt_36491674|Uma mulher de cabelo marrom nova joga sua guitarra e canta em um microfone.
common_voice_pt_36491675|Metade homem nu, inclinando-se fora da janela, tirando fotos.
common_voice_pt_36491681|Eu posso marcar uma consulta.
common_voice_pt_36491682|Seu discurso fez referência àqueles de seus predecessores.
common_voice_pt_36491684|Claro, também funciona em chats individuais, conversas secretas, etc.
common_voice_pt_36491685|O oxigênio é essencial para a vida na terra, assim como a água.
common_voice_pt_36491692|O cansaço era tremendo
common_voice_pt_36491693|Isso foi setecentos euros a mais que no ano passado.
common_voice_pt_36491694|Quanto custa esse aparelho?
common_voice_pt_36491706|Os membros que moram na casa, serão cadastrados na mesma solicitação conforme modelo padronizado.
common_voice_pt_36491707|Acariciando seu avô
common_voice_pt_36491708|Um atum para o mês de abril, para junho mais de mil.
common_voice_pt_36491709|Relâmpago e trovão sempre andam juntos.
common_voice_pt_36491710|Tente consertar essa fissura com cola.
common_voice_pt_36491716|Primeira Seção
common_voice_pt_36491717|Deve fornecer resultados comparáveis ao estado da técnica.
common_voice_pt_36491719|registradas no sistema em outubro.
common_voice_pt_36491720|O Festival não terá sede oficial.
common_voice_pt_36491721|Ladrões, cogumelos e coelhos, ao lado dos caminhos.
common_voice_pt_36491726|Ele também trabalha como poeta e radialista freelancer.
common_voice_pt_36491727|Um cone custa cinco centavos às segundas-feiras.
common_voice_pt_36491728|Há uma discussão no pódio sobre os prós e contras do horário de verão.
common_voice_pt_36491729|Espigas de trigo visto
common_voice_pt_36491741|A violência não deve ser confundida com vitimização
common_voice_pt_36491742|Desativei algumas das autoridades de certificação, mas elas não estão esmaecidas nessa lista.
common_voice_pt_36491743|A ambulância dirigiu as sirenes das ruas.
common_voice_pt_36491744|Analise os dados relacionados ao absenteísmo no trabalho para detectar possíveis problemas.
common_voice_pt_36491745|A máquina apara e apara qualquer madeira.
common_voice_pt_36491747|O proprietário certifica a reutilização do silicato e do derivado fornecido pelo fornecedor.
common_voice_pt_36491757|Parte adicionada
common_voice_pt_36491759|Quais as implicações da Revolução Francesa no resto do mundo?
common_voice_pt_36491760|O colar tem miçangas azuis, roxas, vermelhas e brancas.
common_voice_pt_36491761|Certamente não fui informado
common_voice_pt_36491772|O lenhador pulou da árvore.
common_voice_pt_36491773|A orla do estado se modificou nos últimos anos
common_voice_pt_36491774|Posso usar meu cartão de crédito?
common_voice_pt_36491775|Um grupo de músicos masculinos toca instrumentos incluindo guitarra e bateria.
common_voice_pt_36491776|Particularmente, meu cuscuz cortado eu gosto de comer bem, em vez de grelhado.
common_voice_pt_36491782|Colchetes encaracolados são difíceis de digitar.
common_voice_pt_36491783|Qual sua agência e conta?
common_voice_pt_36491784|Não está claro qual é o propósito das estruturas.
common_voice_pt_36491785|Consiste na realização dos exercícios físicos especificados no anexo dois desta Resolução.
common_voice_pt_36491786|Emily, Graziele, Iasmin, Iasmim e Dayane
common_voice_pt_36491790|Fundamentos da matemática.
common_voice_pt_36491792|O islã é a religião predominante no Irã
common_voice_pt_36491793|O trabalho pré-pago tem pernas principais.
common_voice_pt_36491794|Tomar drogas que são confusas por si
common_voice_pt_36491795|Data de nascimento
common_voice_pt_36491797|O encantamento foi escrito em itálico.
common_voice_pt_36491798|Três opiniões em um dia para incentivar as pessoas a se registrarem para votar.
common_voice_pt_36491799|Ele foi ao grupo de apoio hoje pela manhã.
common_voice_pt_36491800|Você vai chegar perto dele?
common_voice_pt_36491801|Ainda não está nervoso
common_voice_pt_36491812|As culturas a serem colhidas são completamente destruídas.
common_voice_pt_36491813|Elane, Tatiana, Thomás, Lavínia e Sávio
common_voice_pt_36491814|Foi só quando cheguei tão perto que a estranheza era evidente para mim.
common_voice_pt_36491815|O ingresso de teatro é muito caro.
common_voice_pt_36491816|Inclui alojamento de pessoal expatriado.
common_voice_pt_36491817|Expandir o escopo para graduados do ensino médio
common_voice_pt_36491818|Eu tenho medo de seguir
common_voice_pt_36491819|Cauane, Andrey, Natiele, Flaviane e Gabrielly
common_voice_pt_36491820|Cozinhe por meia hora em fogo médio.
common_voice_pt_36491821|Casal na sombra se afasta de uma vitrine iluminada em direção à câmera
common_voice_pt_36491827|Desconecte-se da plataforma
common_voice_pt_36491828|A biometria facial pode ser utilizada como instrumento de invasão à privacidade
common_voice_pt_36491830|Produtora de vídeo
common_voice_pt_36491833|Mandra, com medo e frio, mais há apoio.
common_voice_pt_36491842|A carga foi avaliada pelos peritos
common_voice_pt_36491843|Um sistema que é adequadamente financiado e economicamente sustentável deve ser garantido.
common_voice_pt_36491844|A condução da economia tem sido errática há sete anos
common_voice_pt_36491845|Fernanda postou uma foto dele no Insta
common_voice_pt_36491846|Novo sistema de notificação.
common_voice_pt_36491847|Bons playgrounds têm muito mais a oferecer do que balanços e escorregadores.
common_voice_pt_36491848|Os principais projetos gratuitos, como o OpenOffice.
common_voice_pt_36491849|Uma mulher está posando por um edifício.
common_voice_pt_36491851|Raramente vi uma coleção de métodos simples e pouco motivados.
common_voice_pt_36491852|Silêncio extraordinário
common_voice_pt_36492440|A psicopedagogia estuda tudo relacionado ao processo de aprendizagem.
common_voice_pt_36492441|A qualificação para o primeiro ano será "apto" ou "inadequado".
common_voice_pt_36492442|As pessoas olham ao redor da geleira
common_voice_pt_36492443|O pinguim atravessa o gelo, juntando-se a seus companheiros.
common_voice_pt_36492449|Um homem está a serrar um pedaço de madeira.
common_voice_pt_36492450|Eu não queria atirar nele.
common_voice_pt_36492451|Uma fileira de mesas e um banco fora de um restaurante
common_voice_pt_36492452|Meus bolsos são de aço inoxidável.
common_voice_pt_36492453|Zeus é o deus grego do trovão.
common_voice_pt_36492454|Mais adiante, examinaremos essa relação que acabamos de mencionar aqui.
common_voice_pt_36492459|Esses alunos também têm direito à certificação do treinamento recebido.
common_voice_pt_36492461|As pessoas têm confundido curtidas no Instagram com afeto
common_voice_pt_36492462|Um baterista e três saxofones fora de uma loja.
common_voice_pt_36492463|As contribuições na área de Meio Ambiente focalizam a questão da educação ambiental
common_voice_pt_36492465|Qual é o comprimento da madeira agora em metros e centímetros?
common_voice_pt_36492466|A oferta é muito fraca.
common_voice_pt_36492468|Armazene a configuração dentro de um disquete.
common_voice_pt_36492494|Os demais arquivos podem ser examinados nas respectivas secretarias, em suas respectivas sedes.
common_voice_pt_36492495|Para qualquer altura e largura
common_voice_pt_36492496|Não é fácil manter despesas de subsistência
common_voice_pt_36492519|Homens de calções de escalada.
common_voice_pt_36492521|Quem não tem teto de vidro que atire a primeira pedra
common_voice_pt_36492522|Ajude a família a transplantar
common_voice_pt_36492523|A fase de oposição cobrirá os testes detalhados abaixo.
common_voice_pt_36492530|Grite e aplauda quando a cortina desliza para trás.
common_voice_pt_36492534|Um grupo de pessoas demonstrando seus robôs.
common_voice_pt_36492535|Um pontapé na bunda é um passo em frente.
common_voice_pt_36492557|Tinha um diâmetro de cerca de trinta jardas.
common_voice_pt_36492558|A tomografia revelou que seu cérebro estava saudável
common_voice_pt_36492560|Ela removeu cuidadosamente a evidência da embalagem.
common_voice_pt_36492563|O que atrapalha o desencarne?
common_voice_pt_36492566|Desdobramento astral é o mesmo que projeção astral
common_voice_pt_36492582|um emplastro anti-hipocondríaco
common_voice_pt_36492583|Eles são inúteis como um portão submarino.
common_voice_pt_36492584|A primeira preocupação é remendar os buracos no navio, então podemos bombear a água.
common_voice_pt_36492585|Tiroteio será uma defesa forte.
common_voice_pt_36492586|Você pode imaginar esbarrar em uma carga de policiais?
common_voice_pt_36492607|Esta noite eles queimaram um recipiente na frente da casa.
common_voice_pt_36492608|A editora era desconhecida.
common_voice_pt_36492609|o ano era de mil oitocentos e cinquenta e sete.
common_voice_pt_36492610|Os quilombolas vivem em áreas protegidas pelo governo
common_voice_pt_36492611|Dois cães marrons estão usando focinheiras e correndo muito rápido pela grama.
common_voice_pt_36492617|Procedimento de nomeação do membro
common_voice_pt_36492619|Procuramos ajudá-los a ser autônomos em tecnologia digital.
common_voice_pt_36492620|Fazer uma transferência de valores para meu cunhado e seu sócio
common_voice_pt_36492621|A faca foi pendurada dentro de sua bainha brilhante.
common_voice_pt_36492627|Nós pagaremos todas as suas despesas.
common_voice_pt_36492634|Araraquara decretou lockdown
common_voice_pt_36492635|Por favor, procure na imagem do Diário Económico de Karobar.
common_voice_pt_36492636|levava um Manual e uma botica.
common_voice_pt_36492647|Saia da minha loja.
common_voice_pt_36492648|Um zelador limpa o piso de madeira de uma sala de aula.
common_voice_pt_36492649|Me manda no e-mail corporativo
common_voice_pt_36492650|representa a estrutura estática
common_voice_pt_36492651|Auto-culpa não pode dar às crianças algo melhor
common_voice_pt_36492668|Imagine se todos saíssem transformando chumbo em ouro.
common_voice_pt_36492670|O tráfego era enorme.
common_voice_pt_36492672|Um homem em um avental branco cortando carne.
common_voice_pt_36492674|Algumas áreas da Inglaterra não recebem o mesmo refugiado.
common_voice_pt_36492684|Matutou dias seguidos no assunto e começou a desconfiar
common_voice_pt_36492685|É fácil ser provocado
common_voice_pt_36492686|A Rosacruz é uma fraternidade discreta
common_voice_pt_36492687|Implementar comunicação com os moradores locais
common_voice_pt_36492689|Mas a reorganização dos serviços de atendimento não é o único objetivo.
common_voice_pt_36492701|Assim, é impensável que possamos ter, como os franceses, estima pela durabilidade.
common_voice_pt_36492702|Adapte as extensões colocando-as com base nas demandas do cliente.
common_voice_pt_36492703|Assentos altos são melhores para os fãs de futebol.
common_voice_pt_36492704|Os infiéis tinham um olhar maligno sobre eles.
common_voice_pt_36492705|A parte branca do bacon é a gordura, e é a que dá sabor.
common_voice_pt_36492833|O fogo ardente foi extinto.
common_voice_pt_36492834|Quem com ferro fere, com ferro será ferido
common_voice_pt_36492835|adicionar novas faixas de metal na minha sintonia
common_voice_pt_36492836|Se eu tivesse a escolha entre mel e geleia, escolheria o último.
common_voice_pt_36492837|Resgatando a pessoa presa resgatada
common_voice_pt_36492848|Respeite as normas de trânsito.
common_voice_pt_36492849|Aquele androide insano continua a me ignorar.
common_voice_pt_36492850|As categorias de terceiros, assistente e peão correspondem a este grupo.
common_voice_pt_36492851|Se ele for iluminado e energético, ele os manterá em ordem.
common_voice_pt_36492852|Vibração tremulosa de uma nota
common_voice_pt_36492863|Agricultores rurais trabalhando duro na terra
common_voice_pt_36492866|Os documentos comprovativos devem ser revistos e mantidos
common_voice_pt_36492871|Como é sabido, essa estratégia de identidade do nacionalismo fracassou.
common_voice_pt_36492872|Reinaldo, Cícera, Laura e Reginaldo
common_voice_pt_36492895|A presença de outra pessoa descaminha-me os pensamentos
common_voice_pt_36492896|Dois homens em caiaques separados passando por corredeiras.
common_voice_pt_36492897|É um filho da puta!
common_voice_pt_36492898|Que horas são em Londres?
common_voice_pt_36492899|Leonardo foi um pintor famoso.
common_voice_pt_36492909|Reunião de passe e cura
common_voice_pt_36492910|Em seguida, adicione o tomate ralado e deixe cozinhar por mais vinte minutos.
common_voice_pt_36492912|Oceano e rio secando
common_voice_pt_36492913|Isso sempre ajuda a aprender algo novo e excitante.
common_voice_pt_36492914|Um limpador de rua caminha pela rua com sua vassoura e pá de lixo.
common_voice_pt_36492915|Esta análise abrange quase trinta páginas do sexto volume.
common_voice_pt_36492916|O cérebro humano ainda não é totalmente compreendido.
common_voice_pt_36492917|Invalidou todas as rotinas
common_voice_pt_36492918|Eloiza, Abraão, Wílian, Maísa e Kléber
common_voice_pt_36492919|Pratos, copos, talheres, garfos, colheres e tigelas
common_voice_pt_36492920|Natal na quarta-feira, plantar campos e vigas.
common_voice_pt_36492921|Provavelmente não irá exceder as suas expectativas
common_voice_pt_36492923|Eu cumprimentei meu vizinho e fui para casa.
common_voice_pt_36492924|Seu compromisso foi alterado.
common_voice_pt_36492925|Nós decidimos trabalhar
common_voice_pt_36492926|Quase todos eram inocentes.
common_voice_pt_36492927|Agora tem uma casa
common_voice_pt_36492928|Grátis é a palavra mágica que todos gostamos de ouvir.
common_voice_pt_36492929|Os governos morrem ordinariamente pela impotência ou pela tirania.
common_voice_pt_36492930|Se o tomate é um pouco ácido, adicione uma colher de café de açúcar.
common_voice_pt_36492931|Tomar soro fisiológico é importante caso haja desinteria
common_voice_pt_36492932|Há muitos em quem o desasseio não é uma disposição da vontade
common_voice_pt_36492933|A sede eletrônica passa a ser o mecanismo de consulta dessas entidades.
common_voice_pt_36492934|Mas o sofista mais sutil não poderia produzir um símile mais justo.
common_voice_pt_36492935|Velho e doente
common_voice_pt_36492936|O marreco decidiu se tratar com uma fonoaudióloga
common_voice_pt_36492937|Você faz uso de extensões para bloquear cookies e rastreamento?
common_voice_pt_36492938|Servos iam e vinham com bandejas de prata carregadas de especiarias e chá.
common_voice_pt_36492939|Os festivais, amostras e ciclos audiovisuais.
common_voice_pt_36492940|No instituto de pesquisa, eles têm um microscópio eletrônico.
common_voice_pt_36492941|É assim que as patentes funcionam.
common_voice_pt_36492942|Tela suspensa
common_voice_pt_36492943|A cadela do fascismo está novamente no cio e uma pequena multidão está aplaudindo
common_voice_pt_36492944|Os manifestantes estão segurando cartazes em espanhol.
common_voice_pt_36492945|Você não compara diretamente aos métodos de última geração existentes.
common_voice_pt_36492946|Qual o clima no lugar atual?
common_voice_pt_36497313|Não tem nenhum recurso financeiro em anexo.
common_voice_pt_36497314|As batatas economizam menos espaço e são mais baratas que as massas.
common_voice_pt_36497315|inclusive palavras de aparência esdrúxula
common_voice_pt_36497316|Mercado ocupado em um país árabe.
common_voice_pt_36497317|companheiros
common_voice_pt_36497324|Eu sinceramente não me lembro da última vez que recebi um e-mail pessoal.
common_voice_pt_36497327|Fiquei desapontado com este volume inanimado.
common_voice_pt_36497328|Fofocas das olimpíadas
common_voice_pt_36497330|O governo turco está com medo.
common_voice_pt_36497331|Um mercado de aluguel acessível afeta positivamente as decisões de localização.
common_voice_pt_36497332|Entre essa multidão não ouviram calúnia nem reclamações; eles ficaram em silêncio
common_voice_pt_36497334|Apenas um compartimento está sobrecarregado
common_voice_pt_36497335|O valor das ações da empresa aumentou dramaticamente depois que encontraram um novo medicamento.
common_voice_pt_36497336|O processador de texto faz coisas estranhas com hífens.
common_voice_pt_36497345|Soluções locais devem ser preferidas para soluções em nuvem em muitos casos.
common_voice_pt_36497346|Centros de treinamento que ministram cursos devem ser órgãos oficiais ou centros reconhecidos.
common_voice_pt_36497347|Repúblicas Bálticas
common_voice_pt_36497349|A explanação poderia ter sido mais objetiva
common_voice_pt_36497350|O gotejamento constante é pior que uma chuva torrencial.
common_voice_pt_36497351|O progresso precisa ser acompanhado de inclusão social
common_voice_pt_36497352|O teto desabou para dentro.
common_voice_pt_36497359|Tem biblioteca, ervas e germoplasma.
common_voice_pt_36497360|Dificuldades e desafios são a força motriz por trás de nós
common_voice_pt_36497361|Este é um processo extremamente complicado.
common_voice_pt_36497362|A Aline dá aula no colégio Marista da Octogonal.
common_voice_pt_36497364|A ditadura me causa repulsa, nojo, ódio e desprezo
common_voice_pt_36497379|A nostalgia não é o que costumava ser.
common_voice_pt_36497380|Argentina versus Brasil na final do mundial de basquete.
common_voice_pt_36497381|O arquivo pode ser consultado no Escritório da Secretaria Municipal.
common_voice_pt_36497382|Leia o manual e siga as instruções para a montagem da mesa
common_voice_pt_36497383|Autoriza, registra, identifica e controla os operadores do setor de laticínios, tanques e cisternas.
common_voice_pt_36497389|O ventilador estava girando silenciosamente.
common_voice_pt_36497401|Qual a estrutura de dados que você recomenda para partição do espaço tridimensional?
common_voice_pt_36497403|Europa, Encélado e Titã são potenciais satélites habitáveis
common_voice_pt_36497404|Homem coloca ordem na cafeteria.
common_voice_pt_36497411|Você colocou algo errado nessas cápsulas.
common_voice_pt_36497413|Fez um procedimento estético em seu pênis
common_voice_pt_36497414|A probabilidade era mínima
common_voice_pt_36497415|Adicionar mouse e fones de ouvido à minha lista de compras
common_voice_pt_36497426|Redução de danos
common_voice_pt_36497427|A transação ainda está pendente.
common_voice_pt_36497428|Gostaria de ter economizado um pouco mais
common_voice_pt_36497429|Comédia, terror, aventura, romance, animação e documentário
common_voice_pt_36497430|As pessoas estão andando por um beco asiático cheio de lojas.
common_voice_pt_36508801|Centrais sindicais solicitaram doação de vacinas
common_voice_pt_36508802|Um galgo vestindo uma jaqueta amarela faz uma corrida
common_voice_pt_36508803|A política liberal de nosso primeiro ministro mantém a moeda estável.
common_voice_pt_36508804|Primeiro de tudo, precisamos do corredor do Mediterrâneo por razões econômicas.
common_voice_pt_36508805|Pessoas em uma aula de kickboxing.
common_voice_pt_36508816|O cânhamo floresce à exuberância, portanto não precisaremos de cordas.
common_voice_pt_36508817|Tecnologia de aplicação de conotação de núcleo
common_voice_pt_36508818|Qual é a distância da Terra até a Lua e desta até Plutão?
common_voice_pt_36508819|Foi acusado de vazar uma operação sigilosa.
common_voice_pt_36508820|Sempre observe os membros cumprirem as obrigações deste Código de Conduta.
common_voice_pt_36508836|O ponteiro implacável do relógio está me perseguindo
common_voice_pt_36508837|Além da criptografia?, ele também pode ser usado para autenticação.
common_voice_pt_36508840|A barreira de plástico se quebrou.
common_voice_pt_36508842|O equinócio de outono caiu diretamente em seu aniversário.
common_voice_pt_36508856|Quatro garotos de duas equipes de lacrosse correm pelo campo durante um jogo.
common_voice_pt_36508857|Vendas do comércio varejista têm variação positiva
common_voice_pt_36508859|Ser assassinado a sangue frio não é um absurdo.
common_voice_pt_36508860|Mencione apenas espaço, tempo
common_voice_pt_36508866|O diretor recrutou vários graduados oferecendo altas recompensas.
common_voice_pt_36508867|Outra razão é que a cidade perdeu mais tarde os desenvolvimentos econômicos.
common_voice_pt_36508873|A igualdade é protegida pela Constituição.
common_voice_pt_36508874|Mãe japonesa
common_voice_pt_36508890|No entanto, você pode arquivar qualquer outro recurso que julgar pertinente.
common_voice_pt_36508891|Aprovar as bases que regem o presente convite e que aparecem em anexo primeiro.
common_voice_pt_36508892|Mantra para clarear caminhos
common_voice_pt_36508893|Fora do calendário escolar, você receberá apoio de saúde.
common_voice_pt_36508895|Qual idioma é falado na Alemanha?
common_voice_pt_36508905|Não tenho certeza do código postal.
common_voice_pt_36508911|Organização Mundial do Comércio
common_voice_pt_36508922|Qual será a taxa de juros do financiamento?
common_voice_pt_36508925|Quais são as apresentações para a história natural do parque de estacionamento
common_voice_pt_36508931|Aguarde o sinal!
common_voice_pt_36508933|A aviação é um mercado disputado.
common_voice_pt_36508935|Ler não é o mesmo que entender.
common_voice_pt_36508942|Boletim de ocorrência
common_voice_pt_36508945|Grupo de homens negros carregando bagagem no topo de um ônibus
common_voice_pt_36508951|Homem que olha abaixo do espaço de um rifle que prepara-se para disparar.
common_voice_pt_36508954|Não quero dizer se ainda fumo ou não.
common_voice_pt_36508955|Estabelecer um rigoroso sistema de prevenção de desastres
common_voice_pt_36508956|Ele lida com manutenção, desenvolvimento e distribuição, sem incluir publicidade.
common_voice_pt_36508957|Foi o estudante que lhe deu as indicações do nome, rua e número.
common_voice_pt_36508958|Qual é a porcentagem de estudantes que não passaram no vestibular?
common_voice_pt_36508959|No sistema organizacional
common_voice_pt_36508960|Dentro da unidade há grande contraste interno, devido à heterogeneidade dos elementos.
common_voice_pt_36508961|Corresponde a uma área montanhosa, de relevo íngreme e declive médio.
common_voice_pt_36508962|Equilibrar o estímulo da memória
common_voice_pt_36512910|Para melhorar a energia cinética
common_voice_pt_36512911|Tem uma superfície construída de dez metros, sessenta e dois centímetros quadrados.
common_voice_pt_36512912|Um homem barbudo sendo espancado por um policial.
common_voice_pt_36512913|Jorge não para de espalhar fake news
common_voice_pt_36512919|É um edifício neoclássico sóbrio, com três andares marcados por um simples imposto.
common_voice_pt_36512920|Sem luzes na sala de estar
common_voice_pt_36512921|Um conluio entre governadores e prefeitos
common_voice_pt_36512922|Peça à esposa para ser colocada no armazém
common_voice_pt_36512923|Uma foto de um casal andando na rua com caracteres chineses escritos na sinalização.
common_voice_pt_36512934|O andar nobre incluía um guarda-roupa e vários quartos.
common_voice_pt_36512935|aponta alguns fatores que dificultam a construção de um coletivo, no contexto educacional
common_voice_pt_36512936|A maionese é feita a partir de ovos, azeite, vinagre e mostarda.
common_voice_pt_36512937|Uma composição musical para sete instrumentos.
common_voice_pt_36512938|Você também pode organizar entrevistas com as famílias solicitantes.
common_voice_pt_36512939|Você teria que ter nascido um árabe para entender? ele respondeu.
common_voice_pt_36512941|A fase emergencial nos mostra que falhamos em conter a disseminação viral
common_voice_pt_36512943|No Testamento de São Francisco, aparecem os leprosos, e isso é de notável importância.
common_voice_pt_36512946|Crianças asiáticas correm por um longo corredor cinza.
common_voice_pt_36512948|Taxação de grandes fortunas e heranças
common_voice_pt_36512949|Existem quatro tipos diferentes de combustível neste posto de gasolina.
common_voice_pt_36512950|Abra o explorador de arquivos.
common_voice_pt_36512951|Nem o meu óbito era coisa altamente dramática
common_voice_pt_36512952|As urnas eletrônicas são auditadas rotineiramente
common_voice_pt_36512953|Os países nórdicos são provavelmente os melhores governados no mundo.
common_voice_pt_36512954|Seu fracasso em defender seu título também marcou o final da temporada de argila.
common_voice_pt_36512956|Abra o arquivo de texto e corrija-o.
common_voice_pt_36512957|Em qualquer caso, o aluno perderá o direito de reembolsar a taxa de inscrição.
common_voice_pt_36512958|Receita de bolo de abacaxi.
common_voice_pt_36512959|A procissão termina na igreja com o toque dos sinos.
common_voice_pt_36512960|Esta notificação é uma transcrição exata da resolução original contida no arquivo.
common_voice_pt_36512961|A igreja promoverá uma festa para os moradores
common_voice_pt_36512962|Será possível sacar o dinheiro em caixas e lotéricas
common_voice_pt_36512963|Os debates estão lutando para reduzir o papel do poder executivo.
common_voice_pt_36512964|Representantes da farmacêutica ameaçaram processar
common_voice_pt_36512966|Conceitos e definições transversais
common_voice_pt_36512967|Os perfumes de lavanda e sabugueiro retornam a saúde.
common_voice_pt_36512968|Alojamento que foi especial para famílias que estavam desabrigadas.
common_voice_pt_36512969|vários jovens asiáticos carregando bandeiras preto e brancas
common_voice_pt_36512972|Agora você só precisa se concentrar nas mudanças necessárias para seus aplicativos.
common_voice_pt_36512973|Após o prazo ou conclusão da inspeção, o desenvolvedor pode cobrir as valas.
common_voice_pt_36512974|O Serviço de Recursos Humanos anunciará a incorporação de nove docentes aos departamentos envolvidos.
common_voice_pt_36512975|Eles não ficaram felizes em dizer o valor do sistema de áudio.
common_voice_pt_36512981|Bem, digitalizar Don Quixote é um passo para levar a cultura a todos.
common_voice_pt_36512982|Os demais pontos de luz serão desligados, pois não serão necessários.
common_voice_pt_36512984|Testemunhas relatam um assassino caucasiano violento equipado com coquetéis Molotov.
common_voice_pt_36512985|Bacurau é um filme nacional que ganhou vários prêmios e obteve críticas positivas
common_voice_pt_36512993|Cavar fundo na terra para o ouro dos piratas.
common_voice_pt_36512994|Tomei duas pílulas, mas não consegui dormir
common_voice_pt_36512995|De fato, essa visão ainda está presente em muitos materiais de ensino desatualizados.
common_voice_pt_36512996|As pessoas estão usando correias transportadoras para subir ou descer.
common_voice_pt_36512997|A ausência do energúmeno na condução das políticas de saúde pública
common_voice_pt_36513006|por parte dos Estados Unidos e por parte da União Soviética.
common_voice_pt_36513007|O motorista transmite para as pessoas dentro do carro
common_voice_pt_36513008|Modificar os ativos seria uma violação de direitos autorais.
common_voice_pt_36513009|Tem um coeficiente de setenta e cinco milésimos por cento.
common_voice_pt_36513015|O que acabei de dizer sobre os fatos é parcialmente aplicado às idéias.
common_voice_pt_36513016|O vice-secretário da Câmara Municipal atuará como secretário do Tribunal.
common_voice_pt_36513017|Três pessoas caminham pela neve usando raquetes de neve e usando bengalas.
common_voice_pt_36513029|Aquelas pessoas que estão suspensas, enquanto dura a situação de suspensão de funções.
common_voice_pt_36513030|As vacinas podem fornecer alguma proteção durante a temporada de gripe.
common_voice_pt_36513031|Qual destes países é transcontinental?
common_voice_pt_36513033|Caso contrário, eles serão revogados como seus consultores credenciados.
common_voice_pt_36513034|Debater e votar a validação ou revogação do decreto-lei.
common_voice_pt_36513036|O litoral aparece como uma plataforma quase horizontal, ligeiramente inclinada para o mar.
common_voice_pt_36513037|Você quer me encontrar hoje à noite no pub?
common_voice_pt_36513047|Teclado, mouse e monitor.
common_voice_pt_36513048|Felipe esqueceu a senha que colocou no seu tablet.
common_voice_pt_36513049|Beneficiários: câmaras municipais, associações comunitárias autónomas e entidades públicas que dela dependem.
common_voice_pt_36513050|Na época de seu prédio, as paredes eram consideradas impenetráveis.
common_voice_pt_36513059|Trabalhando na frente do computador por um longo tempo
common_voice_pt_36513060|Contém todos os detalhes técnicos de perfeição
common_voice_pt_36513061|Eles não podem ter um vínculo funcional, estatutário ou contratual com a entidade beneficiária.
common_voice_pt_36513071|Os senadores são eleitos para cargos no Senado Federal
common_voice_pt_36513072|Um quinto fator é a recuperação e reutilização de espaços vazios.
common_voice_pt_36513073|Não é possível solicitar assistência
common_voice_pt_36513074|Leia as minhas mensagens do Telegram, Whatsapp e Signal
common_voice_pt_36513075|O vôo atrasou-se por vinte e dois minutos.
common_voice_pt_36513080|Um menino olha para o caranguejo que ele está segurando
common_voice_pt_36513081|Adicione a música à minha playlist do jazz brasileiro.
common_voice_pt_36513082|Um músico muito tatuado está falando em um microfone.
common_voice_pt_36513083|Quando os representantes avançados desta classe assimilarem as ideias do socialismo científico
common_voice_pt_36513091|O corredor do Mediterrâneo oferece um alto limiar de rentabilidade socioeconômica.
common_voice_pt_36513092|Mas és um belo de um chato de galocha
common_voice_pt_36513093|Reduza o risco de câncer
common_voice_pt_36513094|Eles combinam a centralização e soberania do povo.
common_voice_pt_36513095|Você pode assinar por dezesseis mil.
common_voice_pt_36513115|Dois homens trabalhando na soldagem de algo.
common_voice_pt_36513116|O censo equivale à bússola
common_voice_pt_36513117|O tráfego está caótico, precisamos de um guarda de trânsito
common_voice_pt_36513118|Este último deve ser transportado no intervalo indicado pelo tribunal.
common_voice_pt_36513119|Centro comercial da Ásia-Pacífico
common_voice_pt_36513127|Qual é o maior número possível de empréstimos para esse custo?
common_voice_pt_36513129|Uma equipe de construção trabalhando em trilhos.
common_voice_pt_36513130|Revisão do texto histórico
common_voice_pt_36513131|A teoria da compensação no que respeita aos operários desalojados por maquinaria
common_voice_pt_36513133|O Código de trânsito sofrerá mudanças
common_voice_pt_36513134|Ter o lugar para lidar com assuntos administrativos
common_voice_pt_36513135|entrou a bracejar, a pernear
common_voice_pt_36513136|Homem faz refém no aeroporto de Guarulhos
common_voice_pt_36513137|Tem prestado muito bons serviços.
common_voice_pt_36513140|A extensa rede de estradas agrícolas evita a necessidade de abrir novos acessos.
common_voice_pt_36513142|Qual é a cotação da rúpia indiana?
common_voice_pt_36513143|A loja da esquina foi roubada na noite passada.
common_voice_pt_36513144|Convocou a seleção para a fase de eliminatórias
common_voice_pt_36513349|Eu nunca percebi o quão alto é o povo norueguês.
common_voice_pt_36513350|Lutador de capoeira
common_voice_pt_36513351|Ela anotou a senha do seu e-mail.
common_voice_pt_36513352|Por favor, marque dois quilos.
common_voice_pt_36513353|Requisitos específicos do contratado: veja o formulário da cláusula administrativa.
common_voice_pt_36513354|Estiva de garrafas vazias: é aquela que exerce a especialidade de mexer.
common_voice_pt_36513355|Atualmente ainda no anúncio da fase inicial de seleção
common_voice_pt_36513356|Nuvens ricas e preciosas, arte e outono
common_voice_pt_36513357|Cortar a grama.
common_voice_pt_36513359|Adalgiza Ananias de Souza
common_voice_pt_36513360|O pneu rachado é uma palavra perigosa.
common_voice_pt_36513361|Participar como representante do Departamento em diferentes grupos de trabalho interdepartamentais.
common_voice_pt_36513362|Nesta resolução, a declaração ou estimativa de impacto ambiental será incorporada, se aplicável.
common_voice_pt_36513363|Compareceu ao culto usando um decote inapropriado
common_voice_pt_36513364|Isso é absolutamente ultrajante para um advogado treinado.
common_voice_pt_36513365|Qual o tratamento padrão ouro para Tuberculose?
common_voice_pt_36513366|Planejar a aquisição e conservação dos documentos documentários e bibliográficos do Departamento.
common_voice_pt_36513367|A necessidade é a mãe da inventividade.
common_voice_pt_36513368|Geralmente contratar trabalhadores para cuidar dos campos
common_voice_pt_36513369|Reconstrução da casa inteira, custódia da carta
common_voice_pt_36513370|Aplicação de aconselhamento para vários incentivos
common_voice_pt_36513371|Persuadir um bezerro a beber de um balde.
common_voice_pt_36513372|Suécia, Suíça, Finlândia, Dinamarca, Alemanha e Reino Unido
common_voice_pt_36513378|Essa "naturalização" da identidade nacional implica sua banalização.
common_voice_pt_36513379|Utilizamos cookies para melhorar a experiência do utilizador, personalizar conteúdo e anúncios.
common_voice_pt_36513380|Poderia ser calculado de várias maneiras, o que daria resultados mais ou menos equivalentes.
common_voice_pt_36513381|Oremos para que a situação dos países melhore.
common_voice_pt_36513382|Internet, extranet e intranet
common_voice_pt_36513389|Comunicar conjuntamente as ações de garantia juvenil, quando apropriado.
common_voice_pt_36513390|O campo onde o circuito será localizado é quinze metros de oeste a leste.
common_voice_pt_36513391|Das diferentes infraestruturas que fazem parte da ação e detalhe dos diferentes pontos singulares.
common_voice_pt_36513392|Realiza processos de fabricação aditiva sob condições de segurança, qualidade e proteção ambiental.
common_voice_pt_36513398|O avar e o porco, não demoram até estar morto.
common_voice_pt_36513399|Precisa-se de garçons com experiência.
common_voice_pt_36513400|O melhor bife é feito de carne de bovino rara.
common_voice_pt_36513401|Tensão institucional preocupa mercado financeiro
common_voice_pt_36513402|Demorou dez anos para atenuar alguns, e outros não parecem melhorar.
common_voice_pt_36513403|Corra para a rua comercial
common_voice_pt_36513404|A fumaça do tráfego era insuportável.
common_voice_pt_36513405|Mulher que escuta o leitor de música ao fumar um cigarro.
common_voice_pt_36513406|Adicionado muito movimento à imagem
common_voice_pt_36513407|Condicionada à supremacia
common_voice_pt_36513408|Constelação familiar
common_voice_pt_36513409|Fora cabeçuda
common_voice_pt_36513410|Um grupo de pessoas protestando.
common_voice_pt_36513411|Meu pai é dentista.
common_voice_pt_36513412|A caravana começou a viajar dia e noite.
common_voice_pt_36513413|Atuaremos de maneira arbitrária no dia seguinte se trouxerem à tona aquele fato
common_voice_pt_36513414|Havia o suficiente para comprar muitas armas.
common_voice_pt_36513415|É a sua singularidade que faz esquecer sua escassez.
common_voice_pt_36513416|Resumo animado
common_voice_pt_36513418|Um dos aspectos que foi trabalhado no último ciclo foi o design.
common_voice_pt_36513419|Para delitos graves e graves, a exclusão será final.
common_voice_pt_36513420|Esta resolução não pode ser contestada, pois é um ato administrativo de procedimento desqualificado.
common_voice_pt_36513421|Este certificado será emitido caso o aluno o solicite.
common_voice_pt_36513422|Em relação às vozes solistas, os trabalhos correspondem aos principais personagens da obra.
common_voice_pt_36513423|A explosão foi um assunto emocionante.
common_voice_pt_36513424|Vulcões estão acordando em todo o subcontinente
common_voice_pt_36513425|Há apenas uma hora para ir até o fechamento das assembleias de voto.
common_voice_pt_36513426|Este é o idioma tupi-guarani
common_voice_pt_36513427|Bullying é uma atitude perversa que precisa ser combatida
common_voice_pt_36513428|das vendas de apetrechos de cozinha
common_voice_pt_36513429|Dois homens que trabalham em um Fusca amarelo.
common_voice_pt_36513430|Proteger a vida e a propriedade dos cidadãos
common_voice_pt_36513431|Tubulações hidráulicas no subsolo
common_voice_pt_36513442|Abra minha lista de reprodução de concentração acústica e reproduza um álbum inteiro
common_voice_pt_36513443|Neutralize todos os inimigos atrás das barricadas com o seu taser.
common_voice_pt_36513444|Ele correu a meio caminho da loja de ferragens.
common_voice_pt_36513445|Cinco trabalhadores da construção civil em capacetes e coletes amarelos estão ocupados no trabalho.
common_voice_pt_36513446|O Patrício sabia que não era fácil trabalhar no Hospital Sírio Libanês.
common_voice_pt_36513452|casas de comércio, fazendas de criação e frigoríficos
common_voice_pt_36513453|O que eles diriam na Juventude Católica?
common_voice_pt_36513454|Observo que nesta data, este edital foi afixado no quadro de avisos.
common_voice_pt_36513455|Me xingaram de puta.
common_voice_pt_36513456|Um caminhoneiro está trabalhando em seu caminhão.
common_voice_pt_36513467|Quando chegarmos à ilha, alugaremos um carro.
common_voice_pt_36513468|Para adicionar insulto à injúria.
common_voice_pt_36513469|Ele estava disfarçado de um colapso na poltrona.
common_voice_pt_36513470|Qual é a fração do círculo que não é verde?
common_voice_pt_36513471|Como tal, acolhe projetos artísticos com alto nível de especialização e excelência artística.
common_voice_pt_36513472|Esta equipe terá quinze horas adicionais para facilitar seu trabalho.
common_voice_pt_36513473|Tem uma boa integração de sua educação com a atividade profissional.
common_voice_pt_36513474|Diminui o risco de desenvolver diabetes e obesidade
common_voice_pt_36513475|As próprias rodas levaram a uma ampla autoestrada.
common_voice_pt_36513476|Lena está flertando comigo ou apenas cumprimentando?
common_voice_pt_36513477|Ele gostava de disparar tiros e sentia prazer em pescar.
common_voice_pt_36513478|Para entender a crise causada pelo Talibã ao Afeganistão
common_voice_pt_36513479|As paredes da loja estavam forradas com vestidos coloridos.
common_voice_pt_36513485|Você pode verificar o seu inventário?
common_voice_pt_36513486|Armas de fogo, o diabo as usa e o diabo atira nelas.
common_voice_pt_36513487|Cheque de autoridade empresarial de propósito central
common_voice_pt_36513493|Funcionários da equipe operam caixas registradoras para clientes que compram refrigerante.
common_voice_pt_36513494|O extraterrestre Bilu nos orientou a buscar conhecimento
common_voice_pt_36513495|Os trabalhadores receberão a compensação pelas despesas normais justificadas pelo conceito de dietas.
common_voice_pt_36513496|Os povos africanos andam por um edifício colorido cerceta no deserto.
common_voice_pt_36513497|Estavam alinhados em fila dupla
common_voice_pt_36513508|Os resultados não endossam o triunfalismo, mas mostram que os esforços são muito úteis.
common_voice_pt_36513510|Remova as folhas de hortelã.
common_voice_pt_36513511|A cúpula da corporação não ficou satisfeita
common_voice_pt_36513637|Todos eles se encontraram durante o expediente.
common_voice_pt_36513638|São milhares de projetos, protótipos, redes e até mesmo produção acadêmica significativa.
common_voice_pt_36513639|Aquele que não tem medo da segunda-feira não tem medo do diabo.
common_voice_pt_36513640|Quando ele perde o autocontrole, ele sabe por que ele faz isso.
common_voice_pt_36513656|Se você não tiver conchas, pode substituí-las por recipientes individuais de cerâmica.
common_voice_pt_36513657|Adicionando rapidamente leva a quantias erradas.
common_voice_pt_36513658|Obter uma refeição chimichanga em uma padaria
common_voice_pt_36513659|A Índia tem um bilhão e trezentos milhões de habitantes atualmente
common_voice_pt_36513660|O despertador estava marcado para as três e vinte.
common_voice_pt_36513661|O telefonema foi interrompido por razões desconhecidas.
common_voice_pt_36513662|Mesmo que não sejam letais, os efeitos colaterais são preocupantes.
common_voice_pt_36513663|Paciente crônico que requer apoio de serviços sociais.
common_voice_pt_36513664|Qual foi o preço do bilhete de viagem todos os dias?
common_voice_pt_36513665|Quando uma ferrovia ou uma ponte tem uma utilidade real, basta invocar esse utilitário.
common_voice_pt_36513676|Essa tática de infiltração fascista é, aliás, empregada por toda parte
common_voice_pt_36513677|O estudo da literatura no Brasil.
common_voice_pt_36513678|Os projetos me surpreendem.
common_voice_pt_36513679|Limonada suíça, apesar do nome, é uma bebida brasileira.
common_voice_pt_36513680|Eu estou falando apenas metaforicamente, claro.
common_voice_pt_36513716|Coloque a cebola picada na mesma panela por cerca de quinze minutos.
common_voice_pt_36513717|O trânsito hoje estava terrível.
common_voice_pt_36513718|Veja a página de Estatísticas da Wikipédia em catalão.
common_voice_pt_36513719|Infelizmente, não temos gravações que confirmem essas práticas.
common_voice_pt_36513720|Analisa outros sistemas tributários existentes tanto em nível estadual quanto internacional.
common_voice_pt_36513721|A velha moeda era muito chata e desgastada.
common_voice_pt_36513722|o livro tem quinhentas páginas.
common_voice_pt_36513723|A ideia é juntar os dois escravos.
common_voice_pt_36513724|Garante o cumprimento das instruções que chegam dos órgãos executivos do Departamento.
common_voice_pt_36513725|Ele pode exercer sua atividade como profissional autônomo, associado ou contratado por outro.
common_voice_pt_36513726|Como melhorar a dicção em alguns passos infalíveis
common_voice_pt_36513727|Terça-feira vamos a um bom restaurante.
common_voice_pt_36513728|Um grupo de pessoas está reunido em um alpendre branco para uma foto.
common_voice_pt_36513729|Ser sensível às necessidades do paciente é crucial na prestação de cuidados de demência.
common_voice_pt_36513730|Às vezes somos um pouco derrotistas.
common_voice_pt_36513731|No diário oficial da União, se encontra o edital da licitação
common_voice_pt_36513732|Ansiava pelo solstício de inverno
common_voice_pt_36513733|Modificações: estão previstas para adaptar o serviço às necessidades reais que dele possam derivar.
common_voice_pt_36513735|O tempo voava, e ele não tardaria a entestar com o perigo.
common_voice_pt_36513736|O processo será semelhante a outras eleições.
common_voice_pt_36513737|Ele ligou o microfone no momento em que a galinha estava pronta para gritar.
common_voice_pt_36513738|Quem incluiu oitocentas combinações do nome Antônio no Common Voice?
common_voice_pt_36513739|Eu gostaria de beber um copo de refrigerante.
common_voice_pt_36513746|Da estação ferroviária, à distância, vinha o som dos trens tocando e roncando.
common_voice_pt_36513747|Gosto de geografia, química, física, sociologia e filosofia
common_voice_pt_36513748|A infância é recheada de autodescobertas
common_voice_pt_36522624|Selecione a motivação da pausa
common_voice_pt_36522627|Você precisará estar de posse da carteira de motorista atual.
common_voice_pt_36522628|Um bando de pessoas seminuas estão sentadas em volta de uma cabana de troncos
common_voice_pt_36522634|A inclusão dos caminhos mais próximos de onde a contemplação do monumento é possível.
common_voice_pt_36522635|Reconstituição artística fundamental
common_voice_pt_36522636|O ministério comprou próteses penianas e Viagra para os militares
common_voice_pt_36522644|A mortalidade caiu e a taxa de natalidade aumenta.
common_voice_pt_36522645|Não há maio que o burro não abale o estábulo.
common_voice_pt_36522646|O envio em grandes quantidades é muito popular.
common_voice_pt_36522648|Como está estruturada essa escola?
common_voice_pt_36522649|Protegendo os direitos dos agricultores de participar
common_voice_pt_36522665|O trem bala entre o Rio de Janeiro e São Paulo será construído.
common_voice_pt_36522666|Os pinguins marchavam unidos
common_voice_pt_36522667|A perdiz cansada é mais delicada.
common_voice_pt_36522668|Arremesse a palha pela porta do estábulo.
common_voice_pt_36522669|Alterações oculares em crianças com toxoplasmose congênita precoce
common_voice_pt_36522686|Oscar Niemeyer foi quem projetou a arquitetura dos edifícios
common_voice_pt_36522687|É para processamento automático adicional?
common_voice_pt_36522688|A expressão enigmática permanecia.
common_voice_pt_36522689|Não estamos falando de circunstâncias extremas, nem se referem a uma dramaturgia exagerada.
common_voice_pt_36522695|Tripulação de fotografia se preparar para uma sessão de fotos.
common_voice_pt_36522696|A licença gratuita não inclui o uso da marca.
common_voice_pt_36522697|Onde posso comprar itens de acampamento?
common_voice_pt_36522698|Não uso o Telegram
common_voice_pt_36522699|Seu escritório me telefonou para segurá-lo.
common_voice_pt_36522716|Consultar calendário para esta viagem.
common_voice_pt_36522717|O templo fica no alto da colina, de onde é possível observar o horizonte
common_voice_pt_36522718|Esta variável é configurada para indicar o horário atual.
common_voice_pt_36522719|Estou animado para colocá-lo de volta novamente quando as coisas estiverem mais acertadas.
common_voice_pt_36522725|As botas de Samantha estavam pesadas e seu peito estava apertando.
common_voice_pt_36522726|Os homens estão andando descalços em uma corda bamba.
common_voice_pt_36522727|Os agricultores vieram para obter aveia.
common_voice_pt_36522728|Tapioca não pode ser considerada uma iguaria.
common_voice_pt_36522729|Quando vou no mercado, sempre compro leite.
common_voice_pt_36522732|Selecione entre a linha X e a linha Y.
common_voice_pt_36522733|Ele preferia química a matemática
common_voice_pt_36522735|Então toda a cidade trabalhou ao toque da Sereia dos Químicos.
common_voice_pt_36522736|Aproveite a oportunidade e ganhe uma boneca da China.
common_voice_pt_36522739|Saudações aos guias
common_voice_pt_36522745|As prateleiras estavam vazias de geléia ou bolachas.
common_voice_pt_36522746|A lâmpada de latão havia sido perturbada.
common_voice_pt_36522747|Levá-la ao hospital todos os dias para fazer reabilitação
common_voice_pt_36522748|E eu assinarei um papel.
common_voice_pt_36522749|Enviei-lhe o parecer
common_voice_pt_36522755|Podemos descrever o movimento do objeto com uma equação diferencial de segunda ordem.
common_voice_pt_36522756|Calendário vendido, calendário de bebidas.
common_voice_pt_36522758|há um conjunto limitado de tipos
common_voice_pt_36522759|Temos um mês para arquivar um dossiê e obter mais apoio.
common_voice_pt_36522770|O estudo da Antropologia.
common_voice_pt_36522771|Eu realmente não gosto de códigos de vestimenta.
common_voice_pt_36522772|Eu deveria ter minha cabeça examinada.
common_voice_pt_36522773|A aeromoça serviu a refeição.
common_voice_pt_36522774|Eu posso falar com meu advogado.
common_voice_pt_36522790|Monitore os arquivos de pagamento de subsídios e acordos e seus documentos de apoio.
common_voice_pt_36522791|O drone terá dez hélices e fará pousos e decolagens organicamente
common_voice_pt_36522792|Isso seria muito gentil da sua parte.
common_voice_pt_36522793|As águias controlaram o jogo e conseguiram facilmente estancar as investidas
common_voice_pt_36522794|Nunca pedimos subsídio e sempre rejeitamos cordialmente aqueles que nos ofereceram.
common_voice_pt_36522805|Esse desgosto é naturalmente maior quando o governo é mais absoluto.
common_voice_pt_36522806|Três homens vestidos como cozinheiros chefe cozinham em uma cozinha de vista profissional.
common_voice_pt_36522807|Ela balançou a cabeça.
common_voice_pt_36522808|Se achássemos o brinco, poderíamos iniciar a sessão de fotos.
common_voice_pt_36522809|Olga, você viu minhas chaves?
common_voice_pt_36522824|Preservando suas memórias
common_voice_pt_36522826|Isso significa que ele vai para a cadeia?
common_voice_pt_36522828|Sons de bateria ecoaram pelos corredores do dormitório.
common_voice_pt_36522829|Tóquio é tão úmida nesta época do ano.
common_voice_pt_36522835|Um cume em uma superfície lisa é uma colisão ou falha.
common_voice_pt_36522836|Olhe para a loja de departamentos
common_voice_pt_36522837|Seu corpo ligeiramente gordo é gradualmente inconveniente
common_voice_pt_36522838|Dois homens em maquiagem de palhaço estão realizando um esquete musical no palco.
common_voice_pt_36522839|Além disso, não se pode ver que esse deslocamento implique duas injustiças profundas.
common_voice_pt_36522845|Inicie o processo de rendenização do vídeo.
common_voice_pt_36522847|A carne é mais escassa do que um cordeiro.
common_voice_pt_36522849|Configure bem o scanner, John.
common_voice_pt_36522850|Amanhã vou ao homeopata.
common_voice_pt_36522852|Uma aula de esgrima acontece em uma quadra de basquete.
common_voice_pt_36522875|Você tem hábitos mais noturnos ou diurnos?
common_voice_pt_36522876|Eu tenho um recibo?
common_voice_pt_36522877|Ele não se acostumou a ver o espírito se esconder assim em formas vulgares.
common_voice_pt_36522878|A transmissão ao vivo original era falsa.
common_voice_pt_36522879|Ela permitiu que ele a guiasse pela calçada.
common_voice_pt_36522890|Aqui está o cardápio e a lista de bebidas.
common_voice_pt_36522891|Não há mais bilhetes para a esquerda.
common_voice_pt_36522892|Como podemos reconciliar este conflito?
common_voice_pt_36522893|Ou seja, o boom imobiliário não trouxe mais riqueza em relação ao país.
common_voice_pt_36522894|submissão passiva é o ato de validar as frases alheias
common_voice_pt_36522900|Esta publicação terá os efeitos da notificação para as pessoas e entidades concedidas.
common_voice_pt_36522901|O primeiro verme é pego cedo.
common_voice_pt_36522903|Fortunato estudava, acompanhava as operações, e nenhum outro curava os cáusticos.
common_voice_pt_36522904|O trem estava lotado
common_voice_pt_36522920|Atualmente, é uma atração turística importante, bem como um monumento.
common_voice_pt_36522921|Mas o carro não foi danificado.
common_voice_pt_36522922|Décimo primeiro, décimo quinto e vigésimo quarto
common_voice_pt_36522923|Ceará, Piauí, Rio grande do Norte, Paraíba, Alagoas e Pernambuco
common_voice_pt_36522924|Amor, tosse, fumaça e dinheiro não podem ficar escondidos por muito tempo.
common_voice_pt_36522930|Pode telhas ou tijolos, mais fortes que madeira de faia.
common_voice_pt_36522931|O espaço de estacionamento é apenas para clientes.
common_voice_pt_36522932|Esta reivindicação serve como uma intimação à administração, de acordo com o artigo cinquenta.
common_voice_pt_36522933|reunião preparatória de Partidos Comunistas, em Moscou
common_voice_pt_36522934|Caso a pessoa não apareça no arquivo de relacionamento, o registro será rejeitado.
common_voice_pt_36522938|Era uma forma oblonga.
common_voice_pt_36522940|Um homem é visto tossindo em uma rua movimentada.
common_voice_pt_36522941|Filmes que serão lançados nesse ano.
common_voice_pt_36522943|Por que você não foi ao meu funeral?
common_voice_pt_36522955|Suas paredes estavam cobertas de esboços escuros e assustadores.
common_voice_pt_36522957|A bíblia cristã tem visto muitas mudanças ao longo da história.
common_voice_pt_36522958|Lutadora de karatê
common_voice_pt_36522960|Terminologia do comércio eletrônico.
common_voice_pt_36522961|O Secretário do Consórcio do Auditório e a orquestra ou pessoa delegada.
common_voice_pt_36522966|Centralize, formalize e priorize as atividades do Centro de Liderança.
common_voice_pt_36522968|Dois homens em ternos de risco biológico viram abrir um recipiente perigoso.
common_voice_pt_36522971|Recebeu minha mensagem?
common_voice_pt_36522978|Melhor cortá-lo, você é enganado!
common_voice_pt_36522979|Sua antiga Ferrari foi compactada em um pequeno cubo de metal no ferro-velho.
common_voice_pt_36522980|Qualquer situação que a impeça será arquivada por escrito pela parte interessada.
common_voice_pt_36522981|As pessoas estão desfrutando de sombra sob guarda-chuvas coloridos.
common_voice_pt_36522982|Objetivo: contratos de seguro que cobrem as cem gangues.
common_voice_pt_36522986|Antes de removê-lo do fogo, corrija o sal, se necessário.
common_voice_pt_36522987|Notarização
common_voice_pt_36522990|O que é o islamismo?
common_voice_pt_36522991|O rei da França é o proprietário absoluto na esfera do poder executivo.
common_voice_pt_36522995|Cada resposta errada irá deduzir zero como quinze pontos.
common_voice_pt_36522996|Erik, Jamili, Dara, Gian, Talia e Luna
common_voice_pt_36523010|Eu preciso de uma faca no meu rosto.
common_voice_pt_36523011|Cada transposição, como já indicamos, oferece uma cor diferente.
common_voice_pt_36523012|Após a reunião, precisamos socializar um pouco!
common_voice_pt_36523013|As meias estão rasgadas
common_voice_pt_36523014|O presente do inimigo esconde a insídia.
common_voice_pt_36523025|Número de pessoas treinadas e serviços e agências às quais pertencem.
common_voice_pt_36523026|Calcule a compactação da lactação ou a redução parcial, total ou parcial dos dias.
common_voice_pt_36523027|Os centros de processamento de dados ficam em Niterói
common_voice_pt_36523028|A crise epiléptica pode ter sido causada pelas luzes estroboscópicas.
common_voice_pt_36523029|Páginas incorretas são reparadas rapidamente.
common_voice_pt_36523040|O tratado de Tordesilhas queria dividir o novo mundo.
common_voice_pt_36523041|Adota uma forma de foice ou sabre, mais ou menos fechada.
common_voice_pt_36523042|Realize experimentos científicos estranhos
common_voice_pt_36523043|Não havia outra bagagem.
common_voice_pt_36523044|Você matou seus filhos.
common_voice_pt_36523055|Esse modelo é insustentável
common_voice_pt_36523056|A notícia que não saiu no blog do almirante
common_voice_pt_36523057|Neste caso, o valor exato que é afetado pelo subsídio será indicado.
common_voice_pt_36523058|Como consanguinidade e incesto destruíram uma família real?
common_voice_pt_36523059|Como funciona a onisciência e a onipresença
common_voice_pt_36523065|Lobisomem ou mula sem cabeça?
common_voice_pt_36523066|Problema de fluxo de pessoal da equipe da cidade
common_voice_pt_36523069|Acelerar a transformação industrial e modernização
common_voice_pt_36523080|São símbolos da república a bandeira, o hino, as armas e o selo nacionais.
common_voice_pt_36523081|Um cruzeiro em águas mornas em um iate elegante é divertido.
common_voice_pt_36523082|São necessários duzentos gramas de manteiga nessa receita.
common_voice_pt_36523083|Use o padrão de fábrica e um iterador para percorrer a matriz.
common_voice_pt_36523084|No caso de usar fontes próprias, o título concessional deve ser certificado.
common_voice_pt_36523124|Seus ingressos estão quase esgotados.
common_voice_pt_36523125|Pau-brasil é uma árvore típica da Mata Atlântica
common_voice_pt_36523126|Cultive a próxima geração de desenvolvimento adaptativo
common_voice_pt_36523127|As equivalências devem ser documentadas justificadas.
common_voice_pt_36523128|O canal de finanças é irrelevante, porém informativo
common_voice_pt_36523134|Intolerante à lactose e glúten
common_voice_pt_36523135|Para fidelizar a base eleitoral
common_voice_pt_36523136|instrumento teórico-metodológico, definidor das relações
common_voice_pt_36523138|Usinas termoelétricas são demasiadamente poluidoras
common_voice_pt_36523155|Existe convecção na câmara de magma.
common_voice_pt_36523156|Turistas em um templo islâmico em um dia ensolarado.
common_voice_pt_36523157|Tradição ao passo da revolução
common_voice_pt_36523159|Danieli, Jhonatan, Rayane, Taiane e Stefani
common_voice_pt_36523169|Você pode conferir o repositório original de exemplos ou módulos mencionados nos documentos.
common_voice_pt_36523171|O enredo terá um ligeiro declive para evitar a ingestão.
common_voice_pt_36523172|Ânfora mínima é para crianças.
common_voice_pt_36523174|O pacote foi marcado como desatualizado.
common_voice_pt_36527554|Eu preciso ir para a sala de emergência.
common_voice_pt_36527555|Minha viagem à Bélgica foi um desastre.
common_voice_pt_36527556|Um homem olha para o céu noturno através de um telescópio.
common_voice_pt_36527557|Você é super talentoso e deve se apresentar imediatamente.
common_voice_pt_36527558|Transporta e coloca os móveis do centro nos lugares destinados ao seu uso.
common_voice_pt_36527559|Subscrito na plataforma de compras on-line pública
common_voice_pt_36527560|os espancamentos e torturas policiais se repetem por toda parte
common_voice_pt_36527561|Anvisa rebate acusação dos desenvolvedores da vacina Sputinik
common_voice_pt_36527562|O povo é contra a regulamentação do serviço de internet.
common_voice_pt_36527564|Estudos investigam a influência dos ciclos lunares no sono e no período menstrual
common_voice_pt_36527565|Um skatista completa um salto enquanto outro homem o registra.
common_voice_pt_36527566|A bússola apontava, como sempre para o norte
common_voice_pt_36527567|Como conquistar maturidade muscular?
common_voice_pt_36527568|Não sofra alterações abusivas que possam agravar a conclusão do curso.
common_voice_pt_36527569|Quem se cala sobre o golpismo, consente
common_voice_pt_36527570|A gravata de cetim preto
common_voice_pt_36527571|Uma túnica azul, quase transparente, cobria o corpo, um corpo como o dele.
common_voice_pt_36527572|e tratais de penetrar mais fundo
common_voice_pt_36527573|Eu quero pedir toalhas do hotel.
common_voice_pt_36529146|O shopping center abrirá suas lojas de madrugada no feriado
common_voice_pt_36529147|O Tratado de Tordesilhas foi firmado por Portugal e a Coroa de Castela
common_voice_pt_36529148|Pressione a tecla
common_voice_pt_36529149|Janko provou conhaque e ficou quieto.
common_voice_pt_36529150|Confrontada com a escolha entre cappuccino e espresso, ela se decidiu por um americano.
common_voice_pt_36529156|Os batalhões, sem armas, com o aspecto triste dos rebanhos doentes, desembarcavam nos portos.
common_voice_pt_36529158|O miserável estorcia-se, guinchando, ensangüentado, chamuscado, e não acabava de morrer.
common_voice_pt_36529159|A criminalização do aborto mata, persegue
common_voice_pt_36529160|O cubano sentiu-se assustado e desanimado com a magnitude da empresa.
common_voice_pt_36529171|É necessário apoiar a profissionalização dos clusters.
common_voice_pt_36529172|A posse do cartão manipulador de pesticidas fitossanitário é obrigatória para a sua aplicação.
common_voice_pt_36529173|O pote escuro estava pendurado no armário da frente.
common_voice_pt_36529174|São teorias enigmáticas e complexas para nossa mentalidade reptiliana
common_voice_pt_36529175|Qual foi a desorientação esperada?
common_voice_pt_36529176|é a sua consciência íntima de serem meus semelhantes
common_voice_pt_36529178|Imagem de alta resolução.
common_voice_pt_36529179|Toronto fica a alguns quilômetros de distância.
common_voice_pt_36529180|Aqueles que contêm a nova cláusula da cláusula administrativa específica.
common_voice_pt_36529181|O incentivo ao avanço tecnológico, assim como o desafiador cenário globalizado
common_voice_pt_36529187|Aparentemente, a maioria das sentenças foi escrita por nerds e cientistas.
common_voice_pt_36529189|Um homem de terno está pulando e clicando em seus calcanhares juntos.
common_voice_pt_36529190|A cliente foi informada do encaminhamento via protocolo
common_voice_pt_36529191|Incorporar arte pública no plano
common_voice_pt_36529192|Ela era a estagiária mais inteligente
common_voice_pt_36529193|Em certas emergências, a mobilização de pessoal de apoio psicológico pode ser necessária.
common_voice_pt_36529194|Marinada forte, chuva na porta.
common_voice_pt_36529195|Todos vocês são voluntários coletados?
common_voice_pt_36529196|Essa palestra meia-tigela
common_voice_pt_36529197|O Rodrigo tem um perfil fake no Facebook
common_voice_pt_36529198|Condenado a fugir
common_voice_pt_36529199|Canadá, México e Uruguai.
common_voice_pt_36529200|É um teste que exige uma grande concentração e resistência à monotonia.
common_voice_pt_36529201|Eu só conheço o refrão.
common_voice_pt_36529207|Amsterdã tem aroma de tulipas e baguetes frescas
common_voice_pt_36529208|Os assistentes virtuais só funcionam com a linguagem principal definida no dispositivo.
common_voice_pt_36529209|O sarcófago continha o cadáver de uma mulher.
common_voice_pt_36529210|Angola, Guiné Bissau, Cabo Verde e Moçambique falam Português
common_voice_pt_36529211|Direcione o setor criativo
common_voice_pt_36529212|O suco de abacaxi tem algum efeito no combate a infecções respiratórias?
common_voice_pt_36529224|Facebook coleta dados sobre não membros.
common_voice_pt_36529225|A bibliografia recente que deu origem à questão dos estigmas é muito exuberante.
common_voice_pt_36529226|Todos podem publicar conteúdo on-line desde que criem uma conta
common_voice_pt_36529227|Semear em novembro e trabalhar em dezembro.
common_voice_pt_36529239|Descasque as ervilhas e separe-as também.
common_voice_pt_36529240|Eu gostaria de ver se pode ser uma reminiscência das fotos antigas.
common_voice_pt_36529243|Ele teve que cuspir um pouco de tabaco da boca.
common_voice_pt_36529254|Posso tomar um pouco de calda nessas panquecas?
common_voice_pt_36529255|O topo do cilindro estava girando em seu corpo.
common_voice_pt_36529257|Em relação à população, as estruturas também permitem alguma lógica explicativa.
common_voice_pt_36529258|Guaxinins são mamíferos também.
common_voice_pt_36529269|O Brasil parece estar retrocedendo ao século quinze
common_voice_pt_36529270|Filtre o que é desnecessário para a progressão térmica
common_voice_pt_36529271|Um caminhão-tanque fazendo uma entrega para um mercado
common_voice_pt_36529284|Cursos regulares de treinamento educacional
common_voice_pt_36529285|Os diabéticos devem sempre manter uma seringa de insulina à mão.
common_voice_pt_36529286|Este é um grande negócio para codificação de mãos livres.
common_voice_pt_36529288|Um funcionário público designado pelo diretor ou diretor geral atua como secretário.
common_voice_pt_36529289|Os operários trabalham na cidade enquanto são vigiados por espectadores.
common_voice_pt_36529290|Um homem careca comendo uma refeição
common_voice_pt_36529291|Caso, porventura, a energia elétrica falhar
common_voice_pt_36529292|As condições não são menos iguais entre os servidores do que entre os mestres.
common_voice_pt_36529304|Mas os lírios são outra coisa.
common_voice_pt_36529305|a intercalar esta engenhosa idéia no discurso
common_voice_pt_36529306|O serviço não foi concluído
common_voice_pt_36529307|Medida do cumprimento das expectativas que os usuários têm em relação ao recurso.
common_voice_pt_36529308|Reutilizar subsídio
common_voice_pt_36529314|Ou em um diretório, se já usamos outro Linux.
common_voice_pt_36529315|Organização do Tratado do Atlântico Norte
common_voice_pt_36529316|Dê a este livro uma classificação de quatro em seis.
common_voice_pt_36529317|Um casal asiático recém-casado recebe pétalas de flores jogadas sobre eles.
common_voice_pt_36529318|Ela retraiu sua declaração.
common_voice_pt_36529319|Quando vai ser a cirurgia?
common_voice_pt_36529320|O organizador reserva o poder
common_voice_pt_36529321|Incluirá medições diferenciadas no local dos principais equipamentos e consumo de energia do edifício.
common_voice_pt_36529322|Um homem vestido de preto sintoniza uma guitarra elétrica preta.
common_voice_pt_36529323|Você não vai entregar isso aos seus empregadores então?
common_voice_pt_36529334|Estes constituirão a lista final de pessoas aprovadas.
common_voice_pt_36529335|Presume-se que a atividade continue indefinidamente.
common_voice_pt_36529336|Projeto de urbanização e transformação de favelas
common_voice_pt_36529337|Misturou as miçangas para formar um pequeno objeto decorativo
common_voice_pt_36529338|Propõe-se fazer uma rotunda que facilite a circulação.
common_voice_pt_36529350|Esta gravação está corrompida.
common_voice_pt_36529351|Religiosos fascinados
common_voice_pt_36529352|Hipótese da geração espontânea ou abiogênese
common_voice_pt_36529353|Basta prestar atenção ao noticiário
common_voice_pt_36529354|E choca um total de zero pessoas
common_voice_pt_36529355|Aluno eletivo
common_voice_pt_36529358|Publicou o edital para ampliação do modal ferroviário
common_voice_pt_36529360|Começará às oito horas.
common_voice_pt_36529361|O eixo do Mediterrâneo está na moda.
common_voice_pt_36529363|A pessoa é diretamente liquidada naquele dia.
common_voice_pt_36529370|Até onde irá a fidelidade dos militares ao presidente?
common_voice_pt_36529371|Na fachada ele estava dançando.
common_voice_pt_36529372|No entanto, nunca conseguiu acumular usuários suficientes para tornar a empresa minimamente lucrativa.
common_voice_pt_36529373|O parlamento escocês contém políticos.
common_voice_pt_36529374|A partir deste momento as luzes devem ser desligadas, você deve trabalhar ou não.
common_voice_pt_36529385|Volte para o hotel e resolva as coisas
common_voice_pt_36529386|Me leve até a livraria ou à biblioteca mais próxima
common_voice_pt_36529387|A fronteira era fortemente vigiada.
common_voice_pt_36529388|A qualquer momento, poderíamos ser assassinados!
common_voice_pt_36529389|Palavras furiosas abanam o fogo como o vento.
common_voice_pt_36529395|Ainda tem continuidade
common_voice_pt_36529396|Igreja e Estado são separados por um motivo.
common_voice_pt_36529398|Teve seu fim decretado
common_voice_pt_36529399|A distância de outras fazendas dedicadas à mesma atividade é de quinhentos metros.
common_voice_pt_36529405|Em qualquer caso, a comissão especializada avaliará e analisará as petições feitas pelos feirantes.
common_voice_pt_36529407|Adicione o coelho, caracóis e caçarola picada com as amêndoas.
common_voice_pt_36529408|Tenha calma, o piso está escorregadio
common_voice_pt_36529409|projéteis russos
common_voice_pt_36529430|Alguns tinham binóculos.
common_voice_pt_36529431|Um homem se afogando vai se agarrar a um canudo.
common_voice_pt_36529432|Etiópia, Líbia, República Democrática do Congo e Namíbia
common_voice_pt_36529433|Emanoel, Carla, Adaílton, Douglas e Rodrigo
common_voice_pt_36529434|Um novo aplicativo que fornece uma maneira fácil de navegar e instalar aplicativos.
common_voice_pt_36529450|O problema deve ser abordado de outra perspectiva.
common_voice_pt_36529451|Com movimentos de não consentimento para todas as afirmações da mãe.
common_voice_pt_36529453|Eu estou meramente sendo um pouco mais circunspecto.
common_voice_pt_36529454|Todas as realidades foram distorcidas para mim.
common_voice_pt_36529470|Um termo de referência foi criado para o projeto
common_voice_pt_36529471|moscas que pairam nos troncos sem ver nada
common_voice_pt_36529472|A parte dispositiva da regra contém vinte e seis artigos estruturados em quatro títulos.
common_voice_pt_36529474|É assustador
common_voice_pt_36529480|Disponibilidade da versão do Windows de sessenta e quatro bits.
common_voice_pt_36529481|Intubar é um termo que entrou em voga neste período pandêmico que vivemos
common_voice_pt_36529487|esvaía-se-me a consciência
common_voice_pt_36529488|Os norte-africanos vieram do Marrocos e da Argélia.
common_voice_pt_36529489|Produção de biomassa
common_voice_pt_36529490|É preciso fazer um processo de desintoxicação ao se ter contato com metais pesados
common_voice_pt_36529491|Marcação a mercado no Tesouro Direto
common_voice_pt_36529509|Explique a paranormalidade e a sinestesia
common_voice_pt_36529512|A faturação eletrónica surge, assim, como uma obrigação legal.
common_voice_pt_36529515|Essa porra de "cultura ágil" só me causa ainda mais stress.
common_voice_pt_36529517|lá iremos quando eu me restituir aos primeiros anos
common_voice_pt_36529520|A vacina chegará aos jovens europeus
common_voice_pt_36529522|Foi uma encenação fajuta
common_voice_pt_36529523|Fricção freqüente
common_voice_pt_36529524|O sentimento de instabilidade é perpetuado no meio da ordem.
common_voice_pt_36529536|Os artigos submetidos foram publicados na revista
common_voice_pt_36529537|Este portal nasce em paralelo com a distribuição.
common_voice_pt_36529538|sistema estatístico, sistema cartográfico e de geologia nacionais;
common_voice_pt_36529545|Ela tem cicatrizes graves nas costas
common_voice_pt_36529546|Participantes de meia maratona reclamaram porque havia pouca sombra na estrada.
common_voice_pt_36529549|E a parte sólida foi chamada de Pedra Filosofal.
common_voice_pt_36529550|A revisão de métodos relacionados é simples de entender e informativa.
common_voice_pt_36529560|A delinquência juvenil precisa ser combatida com igual rigor
common_voice_pt_36529561|Pelo contrário, os gráficos vetoriais não permitem operações com os pixels.
common_voice_pt_36529562|Tudo isso para um grandiosíssimo nada.
common_voice_pt_36529563|A ciência mostrou que o kit cloroquina não funciona
common_voice_pt_36529565|O tribunal pode remover os textos legais comentados, rebocados ou comentados à mão.
common_voice_pt_36529570|Como empreendedora, ela não tinha concorrência
common_voice_pt_36529571|É idêntico e contextualizado no território.
common_voice_pt_36529572|Mas esta é uma visão errônea que a experiência corrige todos os dias.
common_voice_pt_36529578|Onde a observação está em causa, o acaso favorece apenas a mente preparada.
common_voice_pt_36529582|O módulo do Projeto Integrado terá um acompanhamento individual do corpo docente.
common_voice_pt_36529584|Realiza operações de coloração de cabelo, selecionando e justificando o procedimento de trabalho.
common_voice_pt_36529585|Os estudantes universitários também têm um voto
common_voice_pt_36529598|Uma composição musical de vários movimentos para um único instrumento geralmente o pianoforte?
common_voice_pt_36529599|Liza toca saxofone.
common_voice_pt_36529601|Métricas patológicas usadas pelas pesquisadoras
common_voice_pt_36529602|Ela intuitivamente acha que é melhor não ficar mais tempo.
common_voice_pt_36529613|Eles dinamitaram uma montanha inteira.
common_voice_pt_36529614|Os candidatos recebem um email de confirmação com as etapas que devem seguir.
common_voice_pt_36529615|Como resultado, será totalmente personalizável para suas necessidades e expectativas.
common_voice_pt_36529616|A ferramenta é pesada.
common_voice_pt_36529617|Em segundo lugar, eles usam a temporalidade como uma ferramenta de negociação.
common_voice_pt_36529634|Minha suposição inicial sobre o pulso de deslocamento de fase estava errada.
common_voice_pt_36529635|A pequena é uma desmiolada
common_voice_pt_36529637|Não perca de novo
common_voice_pt_36529638|Você deve fazer um relatório de cada surto, o mais detalhado possível.
common_voice_pt_36529642|Mercado, supermercado e hipermercado
common_voice_pt_36529644|Meu cortador está quebrado
common_voice_pt_36529645|Desejo comprar barbeador e aparador de pelos
common_voice_pt_36529664|Argumentações baseadas em opiniões e não em fatos
common_voice_pt_36529665|Eu acordei com o grito do meu vizinho praticando trompete.
common_voice_pt_36529666|Chefs preparam comida para os clientes de um restaurante de sushi.
common_voice_pt_36529667|Manuella, Tauani, Tifani, Kemili e Kayke
common_voice_pt_36529668|Investigadores encontraram dois suspeitos
common_voice_pt_36529682|Limites internos e externos
common_voice_pt_36529683|Depois que o príncipe foi resgatado, ele mostrou evidências da síndrome de Estocolmo.
common_voice_pt_36529684|Não pode haver publicidade da atividade, promoção ou patrocínio fora das instalações.
common_voice_pt_36529685|Trouxeram ouro, mirra e incenso
common_voice_pt_36529686|Psicopatas são relativamente comuns na nossa sociedade
common_voice_pt_36529690|Porto Seguro é um belo destino de férias
common_voice_pt_36529692|O Ministério Fiscal estará isento de constituir o depósito.
common_voice_pt_36529705|Tome decisões e responsabilidades coletivas.
common_voice_pt_36529707|carregada de diferentes apêndices, artifícios e subterfúgios políticos, jurídicos e consuetudinários
common_voice_pt_36529708|A lei do funil: a largura para mim, o estreito para você.
common_voice_pt_36529709|Agora, o termo que eles fazem não é o tópico, mas a "entonação".
common_voice_pt_36529710|Apenas trinta dias curtos.
common_voice_pt_36529711|Na verdade, a população desempregada é um potencial para a atividade econômica.
common_voice_pt_36529712|requerente assegurar a autenticidade e a clareza do pedido.
common_voice_pt_36529713|decifra-me ou devoro-te
common_voice_pt_36529714|É um número extremamente grande
common_voice_pt_36529715|Beber muito e ir direto é raro.
common_voice_pt_36529716|Foi um lembrete útil para concluir a tarefa.
common_voice_pt_36529717|Posso pegar alguns dos seus desenhos?
common_voice_pt_36529718|Havia luzes nas janelas superiores das casas quando as pessoas foram para a cama.
common_voice_pt_36529719|Eu odiaria ter tantos alfinetes presos em mim!
common_voice_pt_36529720|A sociedade era organizada e desenvolvida.
common_voice_pt_36529721|Coordenar com outras administrações públicas a gestão de espaços compartilhados.
common_voice_pt_36529722|Decidiu assistir a cena noturna
common_voice_pt_36529723|Também pode ser utilizado para aprimorar o vocabulário
common_voice_pt_36529724|Santo casamenteiro
common_voice_pt_36529727|Seguro e saudável
common_voice_pt_36529729|Quantas velas estão no bolo de aniversário?
common_voice_pt_36529730|conjunto de opções que estão à disposição do gestor
common_voice_pt_36529731|tenho muito prazer em apresentar o anfitrião desta noite
common_voice_pt_36529732|É uma economia de trinta e dois francos para os assinantes.
common_voice_pt_36529733|Sua voz é afogada pelo rugido súbito dos maus espíritos.
common_voice_pt_36529735|O musgo verde cresce no lado norte da represa.
common_voice_pt_36529736|As luzes piscaram quando o último combustível restante foi drenado do gerador.
common_voice_pt_36529737|O vagão se movia em rodas bem lubrificadas.
common_voice_pt_36529738|O vigilante encontrou sinais de que o portão havia sido arrombado
common_voice_pt_36529739|Um aleijado manteve sua pontuação baixa.
common_voice_pt_36529740|Modifique e altere o conteúdo e os detalhes das atividades relacionadas
common_voice_pt_36529742|Haverá uma nevasca este mês em Uganda
common_voice_pt_36529743|O local oferece acesso Wi-Fi gratuito?
common_voice_pt_36529745|Um jovem parece estar martelando metal em cima de uma bigorna.
common_voice_pt_36529746|Exportar este arquivo.
common_voice_pt_36529747|Permite instalações desacompanhadas e em rede.
common_voice_pt_36529748|Estou ao seu dispor
common_voice_pt_36529749|A senhora é funcionária da Assembleia?
common_voice_pt_36529750|Garanta já sua rifa
common_voice_pt_36529751|Temporariamente não aberto para visita
common_voice_pt_36529752|Fornecimento de agregados que geralmente usam brigadas municipais.
common_voice_pt_36529753|Estou muito surpreso que o restaurante finalmente consertou o problema de iluminação.
common_voice_pt_36529754|Partilha maravilhosa e meticulosa
common_voice_pt_36529755|Papéis têm um papel
common_voice_pt_36529756|A filosofia clássica nos traz alicerces para perseguirmos o ideal de ser humano
common_voice_pt_36529757|O prato era à base de camarão, lula e tomate
common_voice_pt_36529758|católico
common_voice_pt_36529759|É óbvio que a Constituição espanhola não impõe a província em nenhum caso.
common_voice_pt_36529761|Em seguida, encontramos o conceito de ritmos não retrógrados.
common_voice_pt_36529762|Um homem sorridente com uma barba está tomando um banho de espuma.
common_voice_pt_36529764|Uma menina monta sua bicicleta na faixa de pedestres em um cruzamento.
common_voice_pt_36529765|tinhas tranças pretas e caçavas borboletas no quintal do Afonso.
common_voice_pt_36529766|Aquele radiador está emitindo uma quantidade desconfortável de calor.
common_voice_pt_36529767|A espinha, quando nasce, já ataca.
common_voice_pt_36529768|Buscaremos na sessão de autoajuda
common_voice_pt_36529774|Quantas moléculas de hidrogênio?
common_voice_pt_36529775|A licença desse projeto é o Apache.
common_voice_pt_36529776|A pedir o acompanhamento dos organismos internacionais
common_voice_pt_36529777|Acabei de abrir o link que você enviou para mim.
common_voice_pt_36529778|Ele observou os falcões enquanto flutuavam no vento.
common_voice_pt_36529779|De qualquer forma, o deserto estava intransitável.
common_voice_pt_36529780|Trabalhadores que vestem coletes reflexivos alaranjados que andam ao longo das trilhas do trem.
common_voice_pt_36529781|Não será provável que sejam edições valorizadas do mesmo curso.
common_voice_pt_36529782|Elas performarão uma apresentação de nu artístico
common_voice_pt_36529783|Revise os incidentes na justificativa das dietas, atendimentos e indenizações.
common_voice_pt_36529788|Os fractais encontraram aplicações no processamento de imagens.
common_voice_pt_36529789|As plantações usarão exclusivamente espécies nativas do local.
common_voice_pt_36529790|E ela tem uma seção transversal de pessoas que trabalham para ela.
common_voice_pt_36529797|Não desorientado pelo seu próprio destino
common_voice_pt_36529798|Em relação aos resultados, estes são produzidos principalmente por extrações de bombeamento para consumo.
common_voice_pt_36529799|Segmentar clientes sobre a localização da mercadoria.
common_voice_pt_36529800|O jogo de búzios pode revelar qual o seu orixá
common_voice_pt_36529801|Apressado come cru
common_voice_pt_36529809|Entrou e seguiu a trote largo.
common_voice_pt_36529810|A zoologia busca compreender o reino animal
common_voice_pt_36529811|Uma coisa boa é logo arrebatada.
common_voice_pt_36529817|Eu acho que um modelo seqüencial pode resolver esse problema.
common_voice_pt_36529818|As meninas lembraram como um sonho o rosto irônico e glacial de outras ocasiões.
common_voice_pt_36529819|Cobrança geral do povo
common_voice_pt_36529820|e o som estrídulo de uma navalha
common_voice_pt_36529821|Também permite filtragem avançada por categorias, classificações e outros.
common_voice_pt_36529827|Dê nota um como avaliação a essa corporação mesquinha e avarenta
common_voice_pt_36529828|Auxiliando o autor do aluguel oral de terras agrícolas
common_voice_pt_36529829|Palestrante, água fresca e vinho quente.
common_voice_pt_36529830|Esse identificador pode ser repetido várias vezes.
common_voice_pt_36529831|Haverá chuveiros leves no norte.
common_voice_pt_36533822|Desenvolve o design gráfico considerando a criação, sua produção e o orçamento econômico.
common_voice_pt_36533823|Um milhão duzentos e cinquenta mil dólares.
common_voice_pt_36533824|Lágrimas infreqüentes
common_voice_pt_36533825|Nossa acácia está viva e tem uma grande vitalidade.
common_voice_pt_36533826|Flutuando no cosmos eternamente.
common_voice_pt_36533827|Um trabalhador com proteção facial está usando uma máquina.
common_voice_pt_36533828|Ao verme que primeiro roeu as frias carnes do meu cadáver dedico estas Memórias
common_voice_pt_36533829|O interruptor traseiro não pode ser desligado.
common_voice_pt_36533830|Para saber, o óleo deve ser queimado.
common_voice_pt_36533832|Vários jovens adultos posando dramaticamente em um vagão do metrô.
common_voice_pt_36533834|Haverá cada vez mais murmúrio das entidades vinculadas
common_voice_pt_36533835|Por que você acha que silêncios constrangedores nos deixam tão desconfortáveis?
common_voice_pt_36533836|Meu laptop quebrou quando eu deixei cair.
common_voice_pt_36533837|Vestindo as sandálias novas, ele desceu as escadas em silêncio.
common_voice_pt_36533838|Encontro recarga grátis
common_voice_pt_36533839|Promover a industrialização
common_voice_pt_36533840|Para ser totalmente financiado, alguns empréstimos devem ocorrer.
common_voice_pt_36533841|Ano dos cogumelos, ano das castanhas.
common_voice_pt_36533842|Considerará a viabilidade
common_voice_pt_36533843|me faz apócrifo e mendigo.
common_voice_pt_36533844|A fita vermelha ligava a comida contrabandeada.
common_voice_pt_36533845|Milhares de trabalhadores deslocam-se diariamente dos arredores para a cidade.
common_voice_pt_36533846|Expôs os crimes praticados pela operação Lava Jato
common_voice_pt_36533852|Não há contradizê-lo
common_voice_pt_36533853|Empresas distribuidoras cadastradas no cadastro de empresas audiovisuais correspondente.
common_voice_pt_36533854|Natasha se formou em engenharia aeroespacial
common_voice_pt_36533855|Eu acredito, por outro lado, nas altas vocações científicas.
common_voice_pt_36533856|Desculpe, o período de teste expirou.
common_voice_pt_36533867|Essas excursões eram suaves para a situação dolorosa.
common_voice_pt_36533869|Um grupo de homens usando suéteres jantando no salão.
common_voice_pt_36533870|O tumulto no estádio ensejou a atuação dos seguranças
common_voice_pt_36533877|O desenvolvimento de usos industriais não pode afetar adversamente sua dinâmica florestal.
common_voice_pt_36533878|O dióxido de carbono está causando o aquecimento global.
common_voice_pt_36533879|Se necessário, instale também o Java.
common_voice_pt_36533880|O certificado acadêmico oficial será um reflexo claro do registro do aluno.
common_voice_pt_36533881|Os policiais são proibidos de fazer greve
common_voice_pt_36533882|Para muita carga, o barco afunda.
common_voice_pt_36533883|Encontrando meios para sobreviver diante da tragédia
common_voice_pt_36533886|Cumprir as disposições desta Especificação, usando os meios descritos nela ou outros legalmente permitidos.
common_voice_pt_36533892|Empresas de tecnologia estão fechando
common_voice_pt_36533895|Ele ensina Excel aos sábados.
common_voice_pt_36533896|Inscrição gratuita, confirmada para começar
common_voice_pt_36533897|Redução no consumo de combustível e desgaste do veículo.
common_voice_pt_36533898|Adicionar Despacito à minha lista de favoritos.
common_voice_pt_36533899|As praias eram exuberantes.
common_voice_pt_36533900|O reitor resolverá a reivindicação dentro de quinze dias, ouvindo o Comitê de Reclamações.
common_voice_pt_36533906|Gravando a vida no momento
common_voice_pt_36533907|Estou usando apenas o estilo de relatório padrão.
common_voice_pt_36533910|Arquivo descritivo, de acordo com o modelo padrão que aparece como anexo quatro.
common_voice_pt_36533912|A cirurgia plástica tornou-se mais popular.
common_voice_pt_36533914|O nitrogênio era muito latente naquela atmosfera
common_voice_pt_36533918|Fez-se a prestação de contas
common_voice_pt_36533919|Suas doutrinas parecem perniciosas para mim e seu orgulho me rebela.
common_voice_pt_36533920|O período de validade da declaração de zona saturada acusticamente é de um ano.
common_voice_pt_36533921|As lanternas venezianas formaram gigantescos pavilhões de claridade difusa.
common_voice_pt_36533922|Adiar o agendamento
common_voice_pt_36533928|Essa empresa de telemarketing é conhecida por explorar seus funcionários
common_voice_pt_36533930|Os agricultores entraram para debulhar a colheita de aveia.
common_voice_pt_36533932|Projeto de enciclopédia colaborativa
common_voice_pt_36533933|Começaremos mencionando as principais vantagens e depois analisaremos os falsos mitos.
common_voice_pt_36533934|Se todas estivessem saudáveis e ensolaradas semanas, pequenos sacerdotes e burros durariam muito tempo.
common_voice_pt_36533935|Ela falou entretanto, desarmando a raiva causada pelos paroquianos.
common_voice_pt_36533936|As bicicletas eram ferramentas essenciais para fazer encomendas ou voltar atrás.
common_voice_pt_36533937|Da mesma forma, o comissionamento de simulações periódicas fará parte deste trabalho permanente.
common_voice_pt_36533938|Anti-frio na estrada de asfalto
common_voice_pt_36533939|Por sorte, a adaga não conseguiu penetrar no colete à prova de balas.
common_voice_pt_36533941|O sistema de produção de nitrogênio tem isolamento acústico.
common_voice_pt_36533942|É necessário capacitação para realizar esse trabalho.
common_voice_pt_36533943|Da mesma forma, a abertura comercial é ao mesmo tempo uma das características distintivas.
common_voice_pt_36533944|Menor consumo de memória e, portanto, uma carga de páginas e imagens mais eficientes.
common_voice_pt_36533945|Para aquela fileira muito fina, o fio está quebrado.
common_voice_pt_36533948|Esforce-se para encontrar uma oportunidade de trabalho
common_voice_pt_36533949|Boa noite a todas, vamos começar a aula de anatomia e dissecar alguns animais
common_voice_pt_36533950|Aparentemente, o recurso de preenchimento automático não está funcionando temporariamente.
common_voice_pt_36533951|Encontramos o dispositivo em seu gabinete.
common_voice_pt_36533952|A fisiografia é fortemente ondulada.
common_voice_pt_36533953|Certificação digital
common_voice_pt_36533954|Estratégia inusitada para uma vida melhor
common_voice_pt_36533955|Finalmente o upload está completo
common_voice_pt_36533956|Exigimos que qualquer plano para introduzir a retenção de dados seja interrompido imediatamente.
common_voice_pt_36533963|A religiosidade é uma escolha pessoal
common_voice_pt_36533964|Animes são desenhos japoneses populares entre todas as faixas etárias
common_voice_pt_36533965|Verificação da hipótese no método científico
common_voice_pt_36533966|Relatório sobre a situação salarial e incidentes do Departamento.
common_voice_pt_36533970|Você pode encontrar um subtítulo no folheto?
common_voice_pt_36533975|Obrigações que podem ser garantidas com uma hipoteca.
common_voice_pt_36533977|Aquela cor rosa fluorescente está machucando meus olhos.
common_voice_pt_36533978|Um cowboy que executa em uma parada.
common_voice_pt_36533979|Setembro é colheitadeira e o vinho é feito bom e melhor.
common_voice_pt_36533980|Devia tentar então o Yahoo
common_voice_pt_36533981|Foi inundado até dez centímetros.
common_voice_pt_36533983|Identificação de organizações e instituições que fornecem informações.
common_voice_pt_36533984|Forneça um exemplo intuitivo de aplicação de uma equação Diofantina.
common_voice_pt_36533985|Este serviço deve ser oferecido em um espaço que garanta confidencialidade e discrição.
common_voice_pt_36533986|A existência do estado de Israel é questionada por países árabes
common_voice_pt_36533987|Transações privadas para comprar produtos de alta qualidade
common_voice_pt_36533995|Para melhor compreensão física, vamos primeiro recapitular onde está o ponto de giro.
common_voice_pt_36533997|Gerencie com cuidado as postagens na comunidade
common_voice_pt_36533998|Nessa abordagem, a eficácia da administração está associada
common_voice_pt_36534001|Foi a terceira vez que meu tablet reiniciou.
common_voice_pt_36534002|O consórcio terá o pessoal necessário para cumprir seus propósitos e propósitos.
common_voice_pt_36534003|Será considerado definitivamente aprovado se não houver sinistros no período de exposição pública.
common_voice_pt_36534004|Ignoramos a riqueza comparativa da França e da União.
common_voice_pt_36534005|Ela subiu os degraus naquele lugar, de supervisora a gerente e diretora
common_voice_pt_36534232|Estava limpando na hora
common_voice_pt_36534234|Quantas outras atividades tendem à efetividade prática da Convenção.
common_voice_pt_36534235|Quatro cilindros, pelo menos
common_voice_pt_36534241|Uma pessoa próxima também foi baleada.
common_voice_pt_36534242|Uma vez cancelado, eles podem enviar outro pedido via telemática.
common_voice_pt_36534243|Informou que divulgaria o áudio da conversa
common_voice_pt_36534244|A proposta comercial não foi entregue a tempo
common_voice_pt_36534245|Mantém informações atualizadas dos usuários sobre serviços feitos em qualquer formato.
common_voice_pt_36534249|Os robôs são usados na indústria
common_voice_pt_36534251|Qualquer pessoa que receba a oferta pode se inscrever no centro ou se demitir.
common_voice_pt_36534255|Canitar
common_voice_pt_36534256|Paciente que recebeu radioterapia
common_voice_pt_36534257|Luciano, Chico, Damião, Rosana e Isaías
common_voice_pt_36534283|Quantos graus são necessários para que dois ângulos sejam complementares?
common_voice_pt_36534284|Polvilhado no carro
common_voice_pt_36534285|Qual é a expectativa de vida das baleias-jubarte?
common_voice_pt_36534286|O que você acha do desempenho do facilitador?
common_voice_pt_36534287|Estudar o campo gravitacional e outras finalidades científicas
common_voice_pt_36534303|Ele psicografou quase quinhentos livros.
common_voice_pt_36534304|Um total de três são os que governam a macroestrutura do trabalho.
common_voice_pt_36534305|O número de infectados é muito grande.
common_voice_pt_36534306|Mas a largura de banda lenta pode causar problemas.
common_voice_pt_36534307|A Nasa planeja lançar um foguete amanhã.
common_voice_pt_36534317|Disseminada por outro espectro partidário
common_voice_pt_36534318|Gerenciar estoque do armazém, garantindo sua provisão e emissão.
common_voice_pt_36534319|Será útil superar esses obstáculos pelo caminho dos votos ou pela pressão direta.
common_voice_pt_36534320|Ele foi acusado de hackear o sistema de um banco.
common_voice_pt_36534321|A entrega solene do Prêmio e o ato acadêmico correspondente acontecerão em Barcelona.
common_voice_pt_36534562|O tribunal determinará o tempo máximo para sua conclusão.
common_voice_pt_36534563|Eu vi você esquivando-se de tristezas.
common_voice_pt_36534564|Salim mudou-se da Índia para a Holanda.
common_voice_pt_36534574|Mas eles nunca poderiam tê-lo ensinado em árabe.
common_voice_pt_36534601|Quem sabe se depois de tantos terrores a criança nasceria morta?
common_voice_pt_36534602|Um homem trabalha na soldagem de um corrimão.
common_voice_pt_36534603|A milícia extorque os comerciantes e moradores da região.
common_voice_pt_36534604|Consegui o emprego após aquela entrevista tumultuada
common_voice_pt_36534605|Você pode ficar razoável no básico em poucas horas.
common_voice_pt_36534625|O dicionário é o pai dos burros?
common_voice_pt_36534626|Ela está nublada.
common_voice_pt_36534627|Chegamos na estação do parque Yuanshan
common_voice_pt_36534628|O produto desta cisa serviu para pagar a festa do padroeiro São Pedro.
common_voice_pt_36534629|Este é o direito de lucrar, o socialismo refinado ou de segundo grau.
common_voice_pt_36534647|As pessoas examinam livros em uma biblioteca.
common_voice_pt_36534649|Leão, Virgem, Libra, Escorpião, Sagitário e Capricórnio
common_voice_pt_36534651|Ativar modo de segurança.
common_voice_pt_36534653|O tratamento é feito com ajuda de raios infravermelhos e ultravioleta.
common_voice_pt_36534654|Dê-me a sala de recepção.
common_voice_pt_36534667|Auto-falantes de alta qualidade.
common_voice_pt_36534670|Um suporte vegetal colorido em uma mercearia.
common_voice_pt_36534672|Os projetos têm uma temporalidade de médio e longo prazo.
common_voice_pt_36534673|Probabilidade de danos ocorridos.
common_voice_pt_36534674|Publicações não serão avaliadas quando o autor for o editor.
common_voice_pt_36534700|Destinatários: pessoas que não toleram a necessidade e precisam ser incorporadas.
common_voice_pt_36534701|Se montar uma locomotiva é conveniente e barato
common_voice_pt_36534702|Rever e preparar as auditorias em termos de transparência.
common_voice_pt_36534724|Parque Industrial Digital de Taipei inaugurado oficialmente no final de junho
common_voice_pt_36534725|O exército brasileiro foi convocado a se manifestar
common_voice_pt_36534726|Com licença, nudismo não é permitido nessa parte da praia.
common_voice_pt_36534727|Um homem usa ferramentas para trabalhar em um portão mecânico.
common_voice_pt_36534732|Abaixe o volume do quarto.
common_voice_pt_36534733|proveniência
common_voice_pt_36534734|O Fernando Henrique Cardoso foi presidente na década de noventa.
common_voice_pt_36534735|Pelo aplicativo o usuário faz a escolha dos produtos e o pagamento das mercadorias
common_voice_pt_36534736|Compre uma reimpressão deste livro
common_voice_pt_36534752|O bacalhau é o principal negócio da costa norte.
common_voice_pt_36534754|Não incluído na discussão no momento do planejamento
common_voice_pt_36534755|Empresários se reuniram para propor a taxação das grandes pobrezas
common_voice_pt_36534756|Cartão corporativo é um privilégio para poucos
common_voice_pt_36534777|A tropa nova do escuteiro de menino olha sobre quando em seus uniformes.
common_voice_pt_36534778|Controla as taxas acumuladas como a classificação das entidades colaboradoras.
common_voice_pt_36534779|Conectando-se da família ao local de trabalho
common_voice_pt_36534780|Elsa tricotou furiosamente.
common_voice_pt_36534781|Incluirá as empresas indicadas no artigo anterior e todos os seus funcionários.
common_voice_pt_36534787|Nas noites de inverno, havia refugiados naufragados em uma ilha deserta.
common_voice_pt_36534788|Vou pedir-lhe para falar sobre isso instantaneamente, mas não por e-mail.
common_voice_pt_36534789|Organize o arquivo documental da área e verifique sua correta manutenção.
common_voice_pt_36534790|Cem freiras invadiram o Vaticano.
common_voice_pt_36534791|Trabalhos derivados.
common_voice_pt_36534799|Ele foi acusado de hackear um sistema.
common_voice_pt_36534800|As telas sensíveis ao toque não fornecem feedback tátil.
common_voice_pt_36534801|Fundo de ciência biomédica
common_voice_pt_36534802|Quem quer ver pílulas de fígado?
common_voice_pt_36534803|Eles chamaram essa descoberta de obra mestre - ela era parte líquida e parte sólida.
common_voice_pt_36534814|Você percebe o tremeluzir das luzes de néon?
common_voice_pt_36534815|Sobre a cômoda, ao pé do oratório, ardia uma lamparina de azeite.
common_voice_pt_36534816|Os maiores traficantes não moram na favela.
common_voice_pt_36534817|Criptografia assimétrica usa pares de chaves.
common_voice_pt_36534830|os documentos anexos
common_voice_pt_36534831|O documento estratégico inicial do plano foi acompanhado pelo pedido.
common_voice_pt_36534832|Um processador de dois núcleos.
common_voice_pt_36534833|Mais de quatrocentos e sessenta mil categorias temáticas.
common_voice_pt_36534839|O tubo começou a enferrujar enquanto novo.
common_voice_pt_36534840|A multidão está em polvorosa com o resultado da eleição
common_voice_pt_36534842|Minha bolsa de estudos foi rejeitada.
common_voice_pt_36534854|Suspendemos a sessão, que retomaremos amanhã às dez da manhã.
common_voice_pt_36534855|Adiantamento do décimo terceiro
common_voice_pt_36534856|Tenho e-mail no Hotmail
common_voice_pt_36534857|Ainda não está usando o navegador Firefox?
common_voice_pt_36534858|Para começar, somos um país historicamente bilíngüe e multiétnico.
common_voice_pt_36534870|Eu não tenho blog
common_voice_pt_36534871|Chutar o balde da barraca, colocar fogo no parquinho
common_voice_pt_36534872|Até lá os preparativos para a festa chegaram.
common_voice_pt_36534873|O maquinário necessário para realizar a vala só pode percorrer os caminhos existentes.
common_voice_pt_36534878|A atividade é a produção de enguias, a mesma que é realizada hoje.
common_voice_pt_36534879|Um grupo de pessoas está fazendo aeróbica no oceano.
common_voice_pt_36534886|O governo proibiu a exportação de crustáceos.
common_voice_pt_36534887|a juízo de delibação no Brasil.
common_voice_pt_36534888|Na praça, as sacadas estavam apinhadas, como se esperassem a passagem de uma procissão.
common_voice_pt_36534890|É um clube privado, apenas para as pessoas mais respeitáveis.
common_voice_pt_36534896|O relatório preliminar de sustentabilidade ambiental do plano acompanha o pedido.
common_voice_pt_36534897|Cubra o vidro com uma tampa de latão.
common_voice_pt_36534898|Qual é a sua operadora de internet?
common_voice_pt_36534899|Ela perdeu a visão em um acidente de infância.
common_voice_pt_36534900|Os médicos estavam de plantão.
common_voice_pt_36534916|O relatório foi aprovado na comissão sem ressalvas
common_voice_pt_36534917|Compare a soma de verificação para verificar sua integridade.
common_voice_pt_36534918|Um atalho é muitas vezes curto demais para essas coisas.
common_voice_pt_36534919|Um homem montando um touro em um rodeio.
common_voice_pt_36534920|Ela se formou em design de interiores
common_voice_pt_36534931|O computador estava enlouquecendo, exibia um absurdo truncado e depois desligava.
common_voice_pt_36534932|Instalações Desportivas.
common_voice_pt_36534933|O microfone emitiu um sinal abafado.
common_voice_pt_36534934|Ao levantar-se deu com o médico e teve um sobressalto.
common_voice_pt_36534935|Então onde está sua arma?
common_voice_pt_36534960|Um balão de ar quente vermelho aterra em um campo entre uma multidão.
common_voice_pt_36534962|A partir de então, emitirá balanços anuais de atividades.
common_voice_pt_36534963|Portanto, você só tem que votar positivamente naqueles que mais lhe interessam.
common_voice_pt_36534964|Ela estuda Ciências Humanas.
common_voice_pt_36534965|Estes são ritmos que compõem um palíndromo.
common_voice_pt_36534971|Não misture a academia com a magnésia.
common_voice_pt_36534989|Também garantirá a conexão correta às redes externas existentes.
common_voice_pt_36534990|É muito inconveniente aumentar o salário
common_voice_pt_36534991|Qual é o seu papel no dia-a-dia na vida do indivíduo?
common_voice_pt_36534992|Uma cadeira de pelúcia escorregou da van em movimento.
common_voice_pt_36534993|A inflamação foi tratada com medicação
common_voice_pt_36534999|Senadora confronta empresário
common_voice_pt_36535000|Licenças de código aberto ou permissivas.
common_voice_pt_36535001|No ponto mais alto de Tarifa existe um antigo forte construído pelos mouros.
common_voice_pt_36535002|Exército nacional totalmente mobilizado alívio de desastres
common_voice_pt_36535044|Ser um demônio bêbado por dez dias é manter a cabeça.
common_voice_pt_36535045|Este subsídio pode variar dependendo das leis fiscais aprovadas anualmente.
common_voice_pt_36535046|Onde está essa bolsa de companhias aéreas?
common_voice_pt_36535047|Um dos primeiros paralelismos entre os campos melódico e rítmico aparece assim.
common_voice_pt_36535048|Participar de reuniões do Ministério da Indústria, Turismo e Comércio.
common_voice_pt_36535054|Mesmo o tecelão mais habilidoso está sempre rasgado.
common_voice_pt_36535055|Em outras palavras, a empresa consome no momento do empréstimo sobre seus recursos.
common_voice_pt_36535056|está nublado no Turquemenistão
common_voice_pt_36535057|Chapeleiro maluco
common_voice_pt_36535058|Um desses objetivos temáticos é promover a pesquisa, o desenvolvimento tecnológico e a inovação.
common_voice_pt_36535064|Varandas modernistas com três pessoas.
common_voice_pt_36535065|O período mais movimentado em todo o ano é fevereiro.
common_voice_pt_36535066|Os senhores estão atrasados para a reunião maçônica
common_voice_pt_36535067|Eu vou construir campos aéreos.
common_voice_pt_36535068|Cortar o pano de ouro em fitas finas.
common_voice_pt_36535089|A guarda da cidade teve que ser reduzida também devido à falta de financiamento.
common_voice_pt_36535091|Os programas compostos por várias atividades de formação não podem ser subsidiados.
common_voice_pt_36535092|Grãos de soja, lentilha e ervilha
common_voice_pt_36535247|Tu comestes 'bem? se tu vieres sozinho disse dos infortúnios
common_voice_pt_36535248|Uma mulher vende sua mercadoria na esquina com mesas e lençóis
common_voice_pt_36535249|Avaliação comparativa do efeito dos colírios
common_voice_pt_36535251|Ela disse durável não é novidade quando se trata de cadeiras.
common_voice_pt_36535261|O estado governante não gerencia.
common_voice_pt_36535263|Para poder atravessar décadas
common_voice_pt_36535264|Que mudança rápida foi essa, da adoração idólatra a uma repulsa instintiva?
common_voice_pt_36535265|Um homem inspeciona uma fileira de equipamentos.
common_voice_pt_36536110|Agora é a hora de eles manterem sua palavra e começarem a agir.
common_voice_pt_36536111|A tara destruidora do ministro do meio ambiente
common_voice_pt_36536112|O auxílio é traduzido para um grau superior a oitenta e cinco por cento.
common_voice_pt_36536113|Estas medidas de promoção não podem fornecer reflorestamento com fazendas de fazenda ou caça.
common_voice_pt_36536114|Empregos cheios de perspectivas de emprego
common_voice_pt_36536115|Cauda sem desempenho
common_voice_pt_36536116|Essa tomografia embaçada não me ajuda muito com o diagnóstico.
common_voice_pt_36536117|Quando visitou a periferia de Brasília
common_voice_pt_36536118|Pessoa na praia com um guarda-chuva.
common_voice_pt_36536119|Eu não quero matar ninguém.
common_voice_pt_36536131|Eu vou fazer compras on-line na Amazon.
common_voice_pt_36536136|O quarto componente de coordenadas homogêneas é geralmente definido como um.
common_voice_pt_36536137|Quanto ao Conselho, não será fácil consertar nada em segunda leitura.
common_voice_pt_36536138|Guerra Civil Americana, os bretões, a Revolução Industrial
common_voice_pt_36536139|Pode usar salsa, sálvia e tomilho
common_voice_pt_36536140|Ninguém queria discutir como todos nós acabamos presos em uma lancheira gigante.
common_voice_pt_36536141|Mas o tempo está se esgotando
common_voice_pt_36536143|Flexione os joelhos deixando a barra apoiada na parte superior das pernas.
common_voice_pt_36536145|A acupuntura é um serviço muito relevante.
common_voice_pt_36536146|Os noivos trocaram alianças ao final da cerimônia
common_voice_pt_36536147|Fisiograficamente, corresponde a um relevo ondulado.
common_voice_pt_36536148|Ele definitivamente vai comprar
common_voice_pt_36536149|onze, doze, treze, quatorze, quinze, dezesseis, dezessete, dezoito e dezenove
common_voice_pt_36536150|Promove ações de integração intersetorial com repercussões na saúde na Comunidade Valenciana.
common_voice_pt_36536151|Participaram do pregão seis concorrentes
common_voice_pt_36536152|Você tem algum estoque?
common_voice_pt_36536154|Roncador
common_voice_pt_36536155|A comissão emite seu relatório amanhã
common_voice_pt_36536156|Para hoje, o Instituto de Astrofísica e Ciências do Espaço, estão fechados.
common_voice_pt_36536157|Desempenho de hardware, gerenciamento de projetos e soluções de design Inovações: quatro pontos.
common_voice_pt_36536158|Que recepção eles receberam.
common_voice_pt_36536159|Lua crescente muda as pessoas.
common_voice_pt_36536161|Há algum item emprestado dentro da propriedade?
common_voice_pt_36536167|Josiel, Nívia, Edivan, Cleiton e Weliton
common_voice_pt_36536168|Laiane, Kaio, Francieli, Ryan e Maycon
common_voice_pt_36536170|Programa resposta espírita
common_voice_pt_36536171|Aplique as tabelas de avaliação de documentos em toda a documentação administrativa.
common_voice_pt_36536172|Os londrinos se arrependeram de visitar esse lugar horrível.
common_voice_pt_36536173|Constantemente impactando nossas crenças
common_voice_pt_36536191|Inunde os emails com pedidos para este livro.
common_voice_pt_36536192|Regulando as fontes de poluição urbana
common_voice_pt_36536194|Cuidadosamente coloque o dinheiro na gaveta
common_voice_pt_36536195|O registro é gratuito mas obrigatório e é feito através da página web.
common_voice_pt_36536224|Você deve prestar atenção aos possíveis significados dessas interseções da linha com os eixos.
common_voice_pt_36536225|Com o afeto das canções
common_voice_pt_36536226|Contra-julgamento veio após a destruição do Império.
common_voice_pt_36536229|Reembolsar a enorme dívida
common_voice_pt_36536230|três budistas caminham pela rua.
common_voice_pt_36536231|O presidente da Rússia é Vladimir Putin.
common_voice_pt_36536233|Ela se apresentou como lésbica no ano passado, você não ouviu?
common_voice_pt_36536241|Como você faz isso para trabalhar sem instalar nada no meu computador?
common_voice_pt_36536242|O tufão atingiu a costa de Montevidéu e logo mais atingirá Buenos Aires
common_voice_pt_36536248|Chama-se o princípio da favorabilidade.
common_voice_pt_36536249|Ela ficará bem molhada novamente.
common_voice_pt_36536250|As pessoas estão comendo por uma parede colorida verde-azulada.
common_voice_pt_36536251|Precipitação pode ser perigosa.
common_voice_pt_36536252|Já submeti meu projeto de iniciação científica e publicarei o artigo na próxima quinzena
common_voice_pt_36536253|Ele é comissário da Azul.
common_voice_pt_36536254|Adicione o artista aos meus Duetos.
common_voice_pt_36536255|Os refrescos de cortesia foram satisfatórios.
common_voice_pt_36536256|Portanto, é necessário estabelecer medidas corretivas que permitam mitigar esse possível impacto.
common_voice_pt_36536257|O layout inicial olha para o futuro
common_voice_pt_36536258|Abriu uma gaveta e tirou um baralho de cartas compridas e enxovalhadas.
common_voice_pt_36536259|Espadas colidiram em uma terrível cacofonia de som, mas ela não vacilou.
common_voice_pt_36536260|Entre os princípios mais internalizados, talvez o primeiro seja o da independência.
common_voice_pt_36536261|Para transferir para o pequeno teleférico
common_voice_pt_36536262|Os membros fornecerão a atualização de seus dados do censo.
common_voice_pt_36647825|É verdade, padeceu mais.
common_voice_pt_36647829|O peso medido estava errado
common_voice_pt_36664012|Esta lareira é vitoriana.
common_voice_pt_36664014|Eu vou antes do anoitecer.
common_voice_pt_36664016|Mas que bodega
common_voice_pt_36664017|O menino levou-os para o penhasco onde estivera no dia anterior.
common_voice_pt_36664018|É necessário executar o trabalho e apresentar o argumento do conceito em formato breve.
common_voice_pt_36664024|Estas moedas serão necessárias para pagar sua dívida.
common_voice_pt_36664930|Prótons, elétrons, nêutrons e bóson de Higgs
common_voice_pt_36664931|Palácio Itamaraty é a sede do Ministério das Relações Exteriores
common_voice_pt_36664932|Isso surpreendentemente primeiro; Um exame mais detalhado explica isso.
common_voice_pt_36664933|O ganso foi trazido direto do mercado antigo.
common_voice_pt_36664981|Defendamos a criptografia para proteger a segurança na rede
common_voice_pt_36664984|O fenômeno da migração das águas-vivas ocorre anualmente
common_voice_pt_36664986|A Umbanda e o Candomblé são religiões afro-brasileiras com uma rica ancestralidade
common_voice_pt_36664987|Eu estava apenas pensando em um ponche de rum flamejante.
common_voice_pt_36664988|Saindo da porta da sala de computadores
common_voice_pt_36688781|O uso que corresponde a esses espaços se torna um sótão.
common_voice_pt_36688783|Transformar é agir.
common_voice_pt_36688785|Identifique esse sujeito.
common_voice_pt_36688787|Obrigado por ler isto em voz alta.
common_voice_pt_36688788|Perdigão
common_voice_pt_36688810|Algoritmo de busca.
common_voice_pt_36688811|Se o prazo expirar sem usá-lo, a resolução correspondente será emitida.
common_voice_pt_36688813|Aumentar a vontade de aplicar
common_voice_pt_36688814|Mas sou tão desajeitado nas festas.
common_voice_pt_36688816|Em segundo lugar, devemos promover uma transformação modernizadora de nossa estrutura produtiva.
common_voice_pt_36688842|Especialmente participando da tarde
common_voice_pt_36688843|E os pedestres são os banhistas
common_voice_pt_36688844|Caminhe por cerca de quarenta minutos
common_voice_pt_36688846|Eles têm preconceitos contra estrangeiros.
common_voice_pt_36688862|Um pote escuro estava pendurado no armário da frente.
common_voice_pt_36688891|Tão desamparado na sua frente chorando
common_voice_pt_36688892|As despesas da entidade organizadora não podem exceder dez por cento da ajuda.
common_voice_pt_36688901|Demonstrais determinada opinião
common_voice_pt_36688903|Em cada caso, os candidatos terão um tutor para avaliar seu processo de prática.
common_voice_pt_36688942|Os anúncios indicarão o endereço de e-mail da sua consulta no site municipal.
common_voice_pt_36688944|Insuficiência venosa periférica que produz sinais de êxtase no esforço.
common_voice_pt_36688945|Enfileiramento é algo em que os britânicos se destacam.
common_voice_pt_36689044|Nosso gerador foi interrompido por ondas de alta frequência.
common_voice_pt_36689049|Esta alternativa consiste em memória de programa, projeto preliminar de urbanização e plano parcial.
common_voice_pt_36689072|Nuvens densas de fumaça ou poeira podem ser vistas através de um poderoso telescópio.
common_voice_pt_36689073|A Internet criou seus próprios mecanismos para evitar tais situações.
common_voice_pt_36689075|A transmissão ocorrerá em cadeia nacional
common_voice_pt_36695784|As atividades podem ser financiadas até cem por cento do custo.
common_voice_pt_36695785|Este documento será um título suficiente para acessar qualquer registro público.
common_voice_pt_36695786|Atividades que promovem pesquisa, conservação e disseminação do patrimônio etnológico da Catalunha.
common_voice_pt_36695787|O contexto é sempre necessário.
common_voice_pt_36695788|Ele deve estar disfarçado para evitar encontros com ladrões.
common_voice_pt_36695794|Até que a hipoteca não possa ser paga
common_voice_pt_36695795|Define parâmetros de controladoria
common_voice_pt_36695796|Saiba quais drogas são abusadas e quais tipos de drogas existem.
common_voice_pt_36695797|A retenção de dados não é a solução!
common_voice_pt_36695798|O prazo de garantia é estendido até que o relatório seja favorável.
common_voice_pt_36695804|Composição simples
common_voice_pt_36695805|Artigo, numeral, adjetivo, pronome, verbo e substantivo
common_voice_pt_36695807|Este aviso isenta a notificação individualizada.
common_voice_pt_36695808|Os servidores do projeto de voz comum não conseguiam lidar com a carga pesada.
common_voice_pt_36695809|Trabalhadores de escritório se divertindo.
common_voice_pt_36695811|No processo de comunicação e interação
common_voice_pt_36695812|Então a matrícula não vale de coisa alguma?
common_voice_pt_36695813|Dessa forma, posso continuar ditando sem pausas.
common_voice_pt_36695814|Você deve avaliá-lo em um experimento de percepção.
common_voice_pt_36695815|Empresa de telecomunicações e terceirização de atendimento ao consumidor
common_voice_pt_36695816|Interprete corretamente os símbolos gráficos e conheça os típicos da linguagem musical contemporânea.
common_voice_pt_36695817|Coordenar a entrega de terminais de teste para novos usuários.
common_voice_pt_36695818|O cometa passou raspando
common_voice_pt_36695819|As atividades de simulação podem ser entendidas como um método e como uma técnica.
common_voice_pt_36695820|Este é outro conceito recorrente na estrutura da identidade espanhola.
common_voice_pt_36695821|Devemos ser capazes de romper os limites
common_voice_pt_36695822|O gás hidrogênio escapou.
common_voice_pt_36695823|Desmoronamos a tigela com uma lixívia até restarem apenas frações.
common_voice_pt_36695824|É, até certo ponto, lógico em um movimento de construção e crescimento.
common_voice_pt_36695825|Aposto que vem fazer alguma reclamação
common_voice_pt_36695826|Notebook, desktop, impressora, netbook e tablet
common_voice_pt_36695827|Abra a janela ou aba anônima
common_voice_pt_36695828|Faça exercícios físicos diariamente
common_voice_pt_36695829|Esse lazer experiencial está positivamente relacionado à criatividade profissional.
common_voice_pt_36695830|Colocá-los em um frasco de vidro hermético, camadas, descascando com cada camada.
common_voice_pt_36695832|Esmagar a gaiola se o porto te chama.
common_voice_pt_36695833|O custo do desmantelamento e coleta de material será suportado pelo conselho da cidade.
common_voice_pt_36695840|Água de refrigeração das fritadeiras: circuito fechado.
common_voice_pt_36695841|Scanners com alimentadores automáticos de documentos realmente existem.
common_voice_pt_36695842|mas pausado e trôpego como quem se retira tarde do espetáculo.
common_voice_pt_36695843|A transação já expirou.
common_voice_pt_36695844|Na verdade, envolvido na produção agrícola
common_voice_pt_36695845|O escravo é um servidor que não discute e subjuga tudo sem murmurar.
common_voice_pt_36695846|Fale conosco por um dia
common_voice_pt_36695847|Estou ansioso para perder uma vida longa.
common_voice_pt_36695848|Ou seja, um é o principal e o outro é secundário ou acessório.
common_voice_pt_36695849|Existe um grupo identificável de especialistas que a representam, que acreditam e transmitem?
common_voice_pt_36695850|Quebra-pau no Palácio do Planalto
common_voice_pt_36695852|Está morrendo
common_voice_pt_36695853|Aplica técnicas de reconhecimento inicial relacionadas à condição do paciente.
common_voice_pt_36695854|A assinatura deste roteiro pelo participante supõe o fechamento de sua primeira fase.
common_voice_pt_36695860|Se os caracóis estiverem profundamente enterrados, acumularão invernos rigorosos.
common_voice_pt_36695861|Observação disfarçada
common_voice_pt_36695862|Melhor pegar um lápis e anotá-lo.
common_voice_pt_36695863|O para-raios foi acertado em cheio
common_voice_pt_36695864|Regularmente manter reuniões com provedores para transferir necessidades.
common_voice_pt_36695865|Eu colei de volta.
common_voice_pt_36695866|Este é um paradigma sociológico.
common_voice_pt_36695867|Decepção psicológica
common_voice_pt_36695868|Este livreto contém boas orientações para quem está buscando iluminar-se
common_voice_pt_36695869|Uma nota para ser sustentada durante todo o seu comprimento
common_voice_pt_36695872|Um inferno destruiu metade de Lisboa durante a inquisição portuguesa.
common_voice_pt_36695876|Isso é em binário ou hexadecimal?
common_voice_pt_36695877|Eu corri para comprar ingressos.
common_voice_pt_36695878|Simulador de ciberataques
common_voice_pt_36695879|Quantas visualizações esse vídeo recebeu?
common_voice_pt_36695880|Entende-se que a concessão será reduzida anualmente.
common_voice_pt_36695881|O joypad sem fio estava com problemas de conexão.
common_voice_pt_36695882|Ele não ajudou mais em circunstâncias extraordinárias.
common_voice_pt_36695883|Reconhece materiais têxteis, descrevendo suas propriedades e aplicações.
common_voice_pt_36695889|Use as vigas e o corrimão
common_voice_pt_36695890|eludindo as demais questões de caráter socialista e não socialista
common_voice_pt_36695891|Reabilitação da avó com mobilidade limitada
common_voice_pt_36695892|A estrada era tão íngreme que o motoqueiro teve que mudar algumas marchas.
common_voice_pt_36695893|Demorou apenas dois dias para obter a atualização.
common_voice_pt_36695894|Algumas famílias vulneráveis ainda não podem pagar o aluguel
common_voice_pt_36695895|Mais honrado na brecha do que na observância
common_voice_pt_36695896|Ele alugou um flat.
common_voice_pt_36695897|Construindo a cidade de Taipei como a capital da inovação do mundo chinês
common_voice_pt_36695898|Caracteriza os processos de animação sociocultural, analisando os princípios de intervenção.
common_voice_pt_36695904|Queremos a roda consertada.
common_voice_pt_36695906|Lápis, borracha, caneta e papel na mão
common_voice_pt_36695907|O assistente virtual em catalão não está disponível em nenhuma plataforma.
common_voice_pt_36695908|Mas não passa de um puxa-saco de patrão
common_voice_pt_36695909|Não há fogo cintilante.
common_voice_pt_36695910|É o modelo que emerge dos dados e a reação foi extraordinariamente positiva.
common_voice_pt_36695911|o desafio de perseguir, sistematicamente, ganhos de produtividade crescente
common_voice_pt_36695912|A formação de frases, orações, versos e tipologias textuais
common_voice_pt_36695913|Use isso internamente para implementar um serviço.
common_voice_pt_36695919|O cego contou as moedas antigas.
common_voice_pt_36695920|O canguru pulou ruidosamente.
common_voice_pt_36695922|Deve haver apenas alguns fornecedores para fazer isso.
common_voice_pt_36695923|A forma aerodinâmica das baleias é maravilhosa.
common_voice_pt_36695925|Fadas, gnomos, duendes e anões são criaturas mágicas
common_voice_pt_36695926|Hoje, apenas o Norte possui barcos, manufaturas, ferrovias e canais.
common_voice_pt_36695927|Povos africanos no desgaste tribal em um deserto.
common_voice_pt_36695928|Grupos de trabalho podem convidar pessoas especializadas ligadas ao objeto da análise.
common_voice_pt_36695929|Manutenção e segurança eficazes
common_voice_pt_36695930|Cotovelo, juntas, ossos, cartilagens, orelhas e joelhos
common_voice_pt_36695931|Não poupou esforços, médicos, remédios, ares, todos os recursos e todos os paliativos.
common_voice_pt_36695932|Verifique os sinais vitais.
common_voice_pt_36695933|O valor patrimonial das fazendas próximas irá descer.
common_voice_pt_36695934|Modo turbo
common_voice_pt_36695937|Também contratou o caso fora
common_voice_pt_36695938|Há uma anomalia crescente sendo detectada
common_voice_pt_36695939|Vá para a cidade de carro imediatamente
common_voice_pt_36695941|É uma higiene saudável.
common_voice_pt_36695942|Chineses estão esperando pelo carro
common_voice_pt_36695943|Os dutos transportarão todo o combustível
common_voice_pt_36695944|Cachorro correndo para fora do túnel na pista de obstáculos
common_voice_pt_36695945|Ele estava imensamente empolgado com a notícia.
common_voice_pt_36695946|Execute os procedimentos para entrar, registrar o retorno e devolver as garantias.
common_voice_pt_36695947|As roupas estendidas nos varais já estão secas
common_voice_pt_36695948|Tabuleiro de xadrez
common_voice_pt_36695949|O mesmo argumento é para a terceira inscrição, que reflete o legado do registrante.
common_voice_pt_36695950|Os acessórios são usados para inserir as informações no computador.
common_voice_pt_36695951|O vestido era azul turquesa.
common_voice_pt_36695952|O navio autônomo flutuou mais perto de receber sua carga voadora.
common_voice_pt_36695955|Cidade de navegadores e viajantes que, ontem como hoje, deixaram tudo virado do avesso.
common_voice_pt_36695956|Além das regiões historicamente falantes de espanhol do interior e do sul do país.
common_voice_pt_36695958|Nem todos os pagamentos são referentes ao mês de junho.
common_voice_pt_36695959|A atividade esportiva gera rotinas, agrupa sentimentos e fortalece a cultura do esforço.
common_voice_pt_36695960|Ele pagou pela garantia extendida
common_voice_pt_36695961|Nós precisamos de equipamentos do tipo.
common_voice_pt_36695963|O tolo vagueia, o sábio viaja.
common_voice_pt_36695964|A nova lei proíbe fumar em sistemas de transporte público.
common_voice_pt_36695965|Muitas pessoas pensam que os computadores nunca terão sentimentos.
common_voice_pt_36695966|Quando o astronauta entrou na vagem translúcida, transformou-se num material opaco.
common_voice_pt_36695967|Você pode obter mais informações consultando a lista detalhada dos recursos desta versão.
common_voice_pt_36695968|Jogadores de hóquei à espera do árbitro para soltar o disco
common_voice_pt_36695969|O pelicano abre o peito para alimentar seus filhos.
common_voice_pt_36695970|É um momento crucial, único e irrepetível em sua vida.
common_voice_pt_36695971|Tranquilidade é o primeiro dever dos cidadãos.
common_voice_pt_36695973|A carta de alforria se encontra no Museu
common_voice_pt_36695975|Não havia outro igual nas aldeias do lago.
common_voice_pt_36695976|São conquistas, se quisermos, modestas, mas tocadas pela genuína sensibilidade proletária.
common_voice_pt_36695977|O arco-íris ao anoitecer alegra o mestre.
common_voice_pt_36695978|Onde posso comprar cartões postais?
common_voice_pt_36695979|Eu deixei-me estar a contemplá-la
common_voice_pt_36695980|Todos os produtos que estão à venda devem ter seus preços devidamente rotulados.
common_voice_pt_36695981|A abordagem proposta fornece resultados de última geração a um custo computacional muito baixo.
common_voice_pt_36695982|O volume não aumentaria muito mais.
common_voice_pt_36695983|Houve um assalto na loja de hambúrguer no centro da cidade.
common_voice_pt_36695984|Essa ideia vem insistir na necessária coordenação entre projeto, uso e gerenciamento.
common_voice_pt_36695985|Mantenha-se afastado do ar infestado e use um terno molhado.
common_voice_pt_36695986|Era como eletricidade em suas veias.
common_voice_pt_36695987|A rede consiste em sete estações, detalhadas nas especificações técnicas.
common_voice_pt_36695988|Saí quando o zoneamento mudou e o mercado imobiliário explodiu.
common_voice_pt_36695990|Dois dólares canadenses valem mais que três dólares australianos
common_voice_pt_36695991|Será entendido que qualquer licitante aceita o grau suficiente.
common_voice_pt_36695992|Posso ajudar você a empacotar?
common_voice_pt_36695993|O evento será na quinta-feira.
common_voice_pt_36695994|Mais do que um slogan, é uma declaração de princípios.
common_voice_pt_36695995|Foi entregue de bandeja
common_voice_pt_36695996|Ventos do norte trazem resfriados e febres.
common_voice_pt_36695997|Houve o rompimento dos cabos submarinos
common_voice_pt_36695998|Uma mulher está apresentando vários documentos usando equipamentos multimídia.
common_voice_pt_36695999|É uma linha direta para o meu escritório e meu apartamento.
common_voice_pt_36696000|O vestido ensina artesanato e exercício.
common_voice_pt_36696001|Ligue para a minha namorada.
common_voice_pt_36696002|As escavações a serem realizadas serão essenciais para garantir a fundação do navio.
common_voice_pt_36696003|Quais são as pistas para a resposta?
common_voice_pt_36696004|Cicatrizes graves nas costas
common_voice_pt_36696005|Para manter bactérias ativas e bom gosto
common_voice_pt_36696006|Tem pedras empilhadas nas laterais.
common_voice_pt_36696007|A enfermeira andou pela enfermaria.
common_voice_pt_36696008|Encruzilhada de luz amarela
common_voice_pt_36696009|Está estabelecido em um único blog todos os dias.
common_voice_pt_36696010|Nenhuma redução será aplicada caso a diferença detectada seja inferior a cinco por cento.
common_voice_pt_36696011|Se você visualizar e não responder mais uma vez vou te defenestrar
common_voice_pt_36696014|O crepúsculo caía quando o menino chegou com seu rebanho em uma igreja abandonada.
common_voice_pt_36696015|Ambas as representações podem ser assistidas por conselheiros com voz, mas sem voto.
common_voice_pt_36696016|Ele cuidará para que os contrastes causem brilho, como acontece entre preto e branco.
common_voice_pt_36696018|Elabora relatórios de acompanhamento cronológico para as diferentes unidades do Departamento que propõem contratos.
common_voice_pt_36696019|Comércio através do Estreito de mercadorias e trânsito terrestre de passageiros
common_voice_pt_36696020|O menino assistiu a troca com fascinação.
common_voice_pt_36696021|A moderna teoria da colonização
common_voice_pt_36696022|As medidas de redução da poluição atmosférica devem ser tomadas durante os trabalhos.
common_voice_pt_36696023|Você terá um dia lucrativo se não tomar sol na cama.
common_voice_pt_36696024|Vamos baixá-lo pela janela com polias.
common_voice_pt_36696025|Nas lentilhas, tivemos um aborrecimento especial.
common_voice_pt_36696026|Tratam-se de estruturações arregimentadas
common_voice_pt_36696027|Corrente alternada trifásica é uma maneira eficiente de transmitir energia.
common_voice_pt_36696029|O pacote está marcado como desatualizado.
common_voice_pt_36696030|Eles não lhes asseguraram que na capital encontravam comida consistente nas estalagens.
common_voice_pt_36696031|A cartomante acabou, recolheu as cartas e fechou-as na gaveta.
common_voice_pt_36696032|Ajuste o alarme para as sete horas.
common_voice_pt_36696033|A Internet é construída sobre muitos protocolos que se complementam perfeitamente.
common_voice_pt_36696034|O computador não vai superaquecer
common_voice_pt_36696035|Com seu trabalho e suas contribuições, o partido poderia permanecer operacional.
common_voice_pt_36696038|Um furo pequeníssimo, quase invisível.
common_voice_pt_36696039|A risada grosseira encheu a sala vazia.
common_voice_pt_36696040|Não discriminação contra utilizações.
common_voice_pt_36696041|Diga-me a previsão do tempo aqui em sete anos
common_voice_pt_36702081|Alguém acidentalmente interrompeu a missão.
common_voice_pt_36702083|Minha lacuna de currículo de sete anos está marcada como "Não Drogas".
common_voice_pt_36702084|As lágrimas estão saindo rapidamente.
common_voice_pt_36702085|Ele vai apreciar sua honestidade.
common_voice_pt_36702086|Você pode criar diferentes formas hexagonais?
common_voice_pt_36702087|Compreende as estações de proteção catódica e acessórios instalados no tubo.
common_voice_pt_36702088|Aumentar a competitividade nacional
common_voice_pt_36702089|A banca de revistas do meu bairro parece ter fechado as portas de vez
common_voice_pt_36702090|Certifique-se de obter um atestado médico!
common_voice_pt_36702099|Tampe o frasco com uma tampa de latão apertada.
common_voice_pt_36702100|Placas de vídeo da Nvidia.
common_voice_pt_36702101|Ela atravessou a rua usando fones de ouvido estéreo e olhando para seu smartphone.
common_voice_pt_36702102|Abelhas precisam de flores para polinizar e produzir mel
common_voice_pt_36702103|Em caso de violação, o lojista e seu hóspede devem pagar a multa.
common_voice_pt_36702109|O prazo para colocá-lo também será de quatro meses.
common_voice_pt_36702111|O perfil teve mais de mil seguidores novos
common_voice_pt_36702115|Passando pelo mercado de vegetais quando você vai para casa
common_voice_pt_36702118|Controlar e validar a remuneração horária de todo o pessoal dos Serviços Territoriais.
common_voice_pt_36702126|As solistas tiveram um desempenho impecável na ópera
common_voice_pt_36702127|Participe na elaboração de instruções internas do Escritório.
common_voice_pt_36702128|na direção de seu próprio autodesenvolvimento
common_voice_pt_36702129|Não prevê obras e não há redução longitudinal da estrada.
common_voice_pt_36702151|Baixar e-mails para serem trabalhados
common_voice_pt_36702152|Você tem alguma informação adicional sobre o assunto?
common_voice_pt_36702153|O bardo compõe melodias assim como o alfaiate tece vestimentas
common_voice_pt_36702154|cinco senhoras bonitas ouvindo um apresentador de talk show.
common_voice_pt_36702155|A entrevista incluirá a documentação que credencia os méritos detalhados no currículo.
common_voice_pt_36702165|Há duas pessoas andando na rua carregando muita bagagem em suas malas.
common_voice_pt_36702166|Só é preciso uma centelha, uma singela fagulha
common_voice_pt_36702167|Por que a sarjeta cobre a rodada?
common_voice_pt_36702168|Dessa forma, você pode enviar e-mails de convite para compromissos e vice-versa.
common_voice_pt_36702175|Relata que todo mundo está seguro agora.
common_voice_pt_36702176|Os subornos não atingem seu objetivo quando trabalham com pessoas honestas.
common_voice_pt_36702178|A natureza desta questão contrasta significativamente com a questão da decisão.
common_voice_pt_36702194|Esmagando a parede de tijolos vermelhos
common_voice_pt_36702195|Sua baixa auto-estima é patética.
common_voice_pt_36702197|Organize a transferência de objetos materiais e pedaços de convicção.
common_voice_pt_36702198|A biblioteca está aberta a todos.
common_voice_pt_36702201|Uma mãe e uma criança estão interagindo em uma sala retrostilada.
common_voice_pt_36702202|O fabricante recomenda isso.
common_voice_pt_36702203|O urânio e o plutônio são radioativos.
common_voice_pt_36702204|Hoje tem jogo da Libertadores da América.
common_voice_pt_36702205|Me adiciona no WhatsApp
common_voice_pt_36702214|Qual a data de validade do mel daquele apiário?
common_voice_pt_36702215|Todos os dias eles têm mais produtos celíacos.
common_voice_pt_36702217|Temos que procurar um modelo alternativo e conviver com as multinacionais.
common_voice_pt_36702223|Era imperdoável e inexplicável.
common_voice_pt_36702224|Um grupo de motociclistas conduz em torno de um estacionamento
common_voice_pt_36702225|A taxa de rotatividade vem caindo nos últimos três anos.
common_voice_pt_36702226|Todas as mangueiras estão conectadas ao cubo defeituoso.
common_voice_pt_36702227|Qual foi a espessura da neve que caiu na região norte?
common_voice_pt_36702238|Esses anúncios serão vinculativos para fins de determinação de prazos.
common_voice_pt_36702241|A presente alteração não afeta o escopo regulatório do preceito.
common_voice_pt_36702242|Nem que a vaca tussa
common_voice_pt_36702243|Seria ideal se o WiFi fosse grátis.
common_voice_pt_36702257|Promover e incentivar a participação dos jovens.
common_voice_pt_36702258|Éderson, Luigi, Eveli, Elizângela e Pricila
common_voice_pt_36702259|A embaixada já foi comunicada
common_voice_pt_36702261|Área comercial subterrânea de Sapporo
common_voice_pt_36702275|Meu tablet da Wacom tem um fio suspeito.
common_voice_pt_36702276|Nós todos nos juntaremos quando gravarmos a última música.
common_voice_pt_36702277|Puxe esta alavanca para ativar o pistão.
common_voice_pt_36702278|O terraplanismo é um verdadeiro surto de loucura
common_voice_pt_36702279|Punição por desacato a servidor público
common_voice_pt_36702290|A orquestra tem sua estréia hoje.
common_voice_pt_36702291|De repente, um dos falcões fez um mergulho intermitente no céu, atacando o outro.
common_voice_pt_36702292|Elas proferirão o discurso de antemão
common_voice_pt_36702293|O corpo docente está superqualificado.
common_voice_pt_36702295|Você aceita transmitir programas proprietários em catalão?
common_voice_pt_36702300|As Ilhas Baleares são apenas algumas milhas náuticas.
common_voice_pt_36702301|Oportunidades e estratégias
common_voice_pt_36702302|Haverá uma sessão de música no pub para nove.
common_voice_pt_36702304|Os evangélicos lotaram seu templo
common_voice_pt_36702306|Um processo de registro é necessário.
common_voice_pt_36702315|A lâmpada de neon vermelha estava quebrada.
common_voice_pt_36702316|Inadvertidamente
common_voice_pt_36702318|Daqui algumas semanas eu mesmo lhe darei lições de vôo.
common_voice_pt_36702319|Quatro crianças estão fazendo uma ponte de ginástica nas mãos e nos pés.
common_voice_pt_36702330|A gema brilhante era estimulante de contemplar enquanto brilhava.
common_voice_pt_36702331|Um homem está dando instruções para um homem descarregar um carrinho de mão.
common_voice_pt_36702332|Reparar apenas o edifício
common_voice_pt_36702333|Sendo instruído a fazer outras coisas
common_voice_pt_36702360|Enviar minha lista de compras para Marlene
common_voice_pt_36702361|Posso ser usado para solicitar a invocação de um subsistema no sistema remoto?
common_voice_pt_36702362|Três homens estão trabalhando em um trabalho de soldagem.
common_voice_pt_36702363|Afetar a circulação sanguínea
common_voice_pt_36702364|Tudo isso foi possível graças ao notável aumento de colaboradores que ocorreu este ano.
common_voice_pt_36702381|Muitos brasileiros usam o WhatsApp.
common_voice_pt_36702382|Eles não emitem faturas neste escritório.
common_voice_pt_36702383|O depósito de lixo tinha um cheiro de mofo.
common_voice_pt_36702384|A mulher está posando de salto alto em uma escada enferrujada
common_voice_pt_36702385|Esta delegação dependerá organicamente, economicamente e funcionalmente do Conselho de Governadores do Colégio.
common_voice_pt_36702404|Os cabos precisam de isolamento para evitar curtos-circuitos.
common_voice_pt_36702405|O financiamento precisa ser comunicado por meio de
common_voice_pt_36702406|Girafas são vegetarianas.
common_voice_pt_36702407|Este homem está trabalhando na placa de circuito.
common_voice_pt_36702418|Esses ciganos são realmente espertos, pensou ele.
common_voice_pt_36702419|Efeito lupa sob cobertura da mídia
common_voice_pt_36702420|O carma é o somatório de boas e más ações
common_voice_pt_36702421|Qual é a diferença entre um relógio analógico e um relógio digital?
common_voice_pt_36702435|Amostras, descrições e fotografias dos produtos a serem fornecidos.
common_voice_pt_36702436|Mais cedo ou mais tarde, eles descobrirão como ler esses hieróglifos.
common_voice_pt_36702437|Fatores que aumentam a validade e confiabilidade da entrevista.
common_voice_pt_36702438|Uma pessoa está em pé sobre rochas irregulares acima da água abaixo.
common_voice_pt_36702439|Prepare tratamentos cosméticos personalizados, estabelecendo diretrizes de treinamento para novos hábitos.
common_voice_pt_36704316|Por favor, leve um cartão de visita.
common_voice_pt_36704317|Meu irmão é um jogador de futebol profissional.
common_voice_pt_36704318|Nos próximos anos, provavelmente iremos até Marte.
common_voice_pt_36704319|Às vezes eu preciso comprar alguns artigos de papelaria e outros suprimentos.
common_voice_pt_36704320|O artigo aborda a classificação de imagens com descritores de imagens locais.
common_voice_pt_36704322|Um portador trabalha em empunhar uma viga no lugar enquanto outros trabalhadores colocam vigas.
common_voice_pt_36704323|Controlar um processo mestre de multiplexação de conexão ativa.
common_voice_pt_36704324|Performance de arte barroca
common_voice_pt_36704325|Qual é o nome dado a um grupo de organismos geneticamente específicos?
common_voice_pt_36704326|Pedestres interagem com artistas de rua
common_voice_pt_36704327|A área dilui o escopo do projeto, combinando ambição com humildade.
common_voice_pt_36704329|A orquestra tem sua primeira aparição hoje.
common_voice_pt_36704331|Lista de idiomas disponíveis
common_voice_pt_36704332|Na autorização, a Administração determinará as medidas apropriadas de autoproteção que serão obrigatórias.
common_voice_pt_36704333|Homem executivo em um terno esperando.
common_voice_pt_36704335|uma das principais pesquisadoras do tema
common_voice_pt_36704336|Respire profundamente e você sentirá o cheiro de gás no ar.
common_voice_pt_36704337|A atuação do Vietnã na crise do coronavírus foi satisfatória
common_voice_pt_36704339|O custo do investimento não pode ser recuperado
common_voice_pt_36704340|A tomada roxa é para conectar a antena ao receptor.
common_voice_pt_36704341|Aconselhá-los a cooperar
common_voice_pt_36704342|Acredito, no entanto, que, apesar das exceções, podemos considerá-lo essencial.
common_voice_pt_36704344|Os vencedores desta modalidade passarão para a fase estadual como representantes da Catalunha.
common_voice_pt_36704347|A Tailândia acabou sendo um feriado muito satisfatório.
common_voice_pt_36704348|Cooperação e intercâmbio mais diversificados e internacionais
common_voice_pt_36704349|Os dados em chinês incluem páginas escritas em chinês tradicional e chinês simplificado.
common_voice_pt_36704350|Educação física, biologia, medicina, psicologia, direito, ciências sociais e estatística
common_voice_pt_36704351|Homem tentando guiar um kit no deserto.
common_voice_pt_36704352|Muitos novos recursos foram incorporados nas possibilidades de pesquisa na rede.
common_voice_pt_36704353|A parceria foi firmada entre as bancadas
common_voice_pt_36704354|Três pessoas estão desfrutando de cadeiras de massagem vibratórias.
common_voice_pt_36704355|Existe apenas um ticket para vendas diretas
common_voice_pt_36704356|Se este for o caso, o corredor ferroviário mediterrâneo estará entre esses projetos prioritários.
common_voice_pt_36704357|Tamara, Marlon, Welligton, Esdras e Diego
common_voice_pt_36704358|Relacionamento interpessoal ainda razoável
common_voice_pt_36704359|A funcionária foi contadora por catorze anos.
common_voice_pt_36704360|Você prefere débito ou crédito?
common_voice_pt_36704361|A moto dos pilotos estava completamente coberta de sujeira.
common_voice_pt_36704362|É composto por três testes obrigatórios, dois testes teóricos e um teste profissional.
common_voice_pt_36704363|O auxílio é traduzido em um grau superior a noventa e seis por cento.
common_voice_pt_36704364|Fatores que influenciam a permeabilidade da pele.
common_voice_pt_36704365|reservar uma mesa na Flórida para dez pessoas
common_voice_pt_36704367|Retifique o sal e sirva bem quente.
common_voice_pt_36704368|Cuecas e calcinhas, também chamados de roupas de baixo
common_voice_pt_36704369|Você quer divulgá-los?
common_voice_pt_36704370|Quais letras compõem o alfabeto tradicional?
common_voice_pt_36704371|Nós não temos muito conhecimento e tecnologia
common_voice_pt_36704373|Alho pode ser usado para combater vampiros.
common_voice_pt_36704374|Várias pessoas estão reunidas em torno de um monitor em uma sala mal iluminada.
common_voice_pt_36704375|A expectativa é de que o modelo se expanda
common_voice_pt_36704376|Uma lista de nomes é esculpida em torno da base.
common_voice_pt_36704387|Lírios, girassóis, rosas, papoulas e Amarílis são flores
common_voice_pt_36704388|Pode solicitar participação
common_voice_pt_36704390|Eu descobri que esqueci minha matrícula.
common_voice_pt_36704391|E isso também é verdade para as habilidades de linguagem.
common_voice_pt_36704397|não pode ter um enfoque único, mas múltiplo.
common_voice_pt_36704398|Lima é a capital do Peru.
common_voice_pt_36704399|Fraudes que roubam seu dinheiro
common_voice_pt_36704400|Fumando e bebendo
common_voice_pt_36704401|Ela dispersou os discípulos.
common_voice_pt_36704402|Somente o mudo está sempre satisfeito consigo mesmo.
common_voice_pt_36704403|Eu sou eletricista.
common_voice_pt_36704404|Tive de fazer um curso para me capacitar
common_voice_pt_36704405|O resultado é um mosaico extraordinário.
common_voice_pt_36704406|É necessário fornecer, quando formulado, uma avaliação.
common_voice_pt_36704813|A Direcção-Geral da Justiça facilita a abordagem do cidadão à justiça.
common_voice_pt_36704814|Um traiçoeiro, dois pervertidos.
common_voice_pt_36704815|Novas opções de integração de email para usuários que desejam enviar emails com anexos.
common_voice_pt_36704816|O teleférico é dividido em duas seções
common_voice_pt_36717032|Roteiro para o planejamento e cuidados preliminares
common_voice_pt_36717033|Os clientes esperaram com resignação a vez.
common_voice_pt_36717034|Qualquer planilha permite calcular essas equações imediatamente.
common_voice_pt_36717035|Essa página do grupo de pesquisa parecia boa, a propósito.
common_voice_pt_36717037|As certificações serão emitidas com a aprovação do Presidente.
common_voice_pt_36717048|Os dois homens correram para trás e encontraram o cilindro ainda na mesma posição.
common_voice_pt_36717049|Ansiedade, estresse e depressão são problemas cada vez mais comuns
common_voice_pt_36717055|Se o lugar reservado para os deficientes estiver vago, aumentará os de livre acesso.
common_voice_pt_36717063|Três bombeiros com tanques de oxigênio subindo uma escada.
common_voice_pt_36717064|De alguma forma, os parágrafos se embaçaram.
common_voice_pt_36717065|A cessão inclui, além do enredo, os diversos corpos construídos sobre o mesmo.
common_voice_pt_36717066|A cobra lutou freneticamente fazendo sons sibilantes que abalaram o silêncio do deserto.
common_voice_pt_36717077|Que sejam projetos de inovação, expansão e melhoria da competitividade.
common_voice_pt_36717079|Jurisprudência, filosofia e política acudiram-me, mas não me acudiram as forças necessárias.
common_voice_pt_36717080|Eles informarão sobre o programa, suas características e os requisitos de participação.
common_voice_pt_36717081|Resolvendo a gordura localizada
common_voice_pt_36717087|Quais foram os títulos de ontem?
common_voice_pt_36717088|Arquivo, registro, cálculo, faturamento ou tarefas semelhantes que exigem algum grau de iniciativa.
common_voice_pt_36717090|Traduzir este documento para o italiano.
common_voice_pt_36717091|Morfologia, sintaxe e fonologia
common_voice_pt_36717097|O agente secretamente entrou na embaixada do telhado.
common_voice_pt_36717099|O serviço médico será composto de acordo com a legislação vigente.
common_voice_pt_36717101|A ferramenta de videoconferência não era confiável para reuniões de alto risco.
common_voice_pt_36717102|A subsidiária apresentou prejuízos no trimestre
common_voice_pt_36717108|O comando vermelho extorque os comerciantes.
common_voice_pt_36717109|Para alcançar esta solução, a competição do estado será requerida.
common_voice_pt_36717110|A coleção histórica da Filadélfia está localizada na Biblioteca Real.
common_voice_pt_36717118|Relatórios e vídeos de análises de Empresas.
common_voice_pt_36717119|O espartilho apertou-o.
common_voice_pt_36717121|Ligue para a mãe para comprar um bilhete
common_voice_pt_36717122|Ele o ajudou em uma situação perigosa.
common_voice_pt_36717128|A mitologia grega teve papel fundamental na filosofia clássica
common_voice_pt_36717129|deveria ser desenvolvido um movimento amplo e estruturado
common_voice_pt_36717130|Você receberá seu dinheiro em sessenta dias.
common_voice_pt_36717131|Eu tenho estado muito ocupado nas últimas semanas.
common_voice_pt_36717132|Sempre que estou escrevendo um artigo
common_voice_pt_36717138|Eles se estabeleceram por enquanto
common_voice_pt_36717139|Digite três veículos: aqueles cuja classificação começa às cinco.
common_voice_pt_36717140|Execute programas de treinamento específicos para acrobatas no solo ou em dispositivos.
common_voice_pt_36717147|Hipster executa no violão.
common_voice_pt_36717148|Qual é a tabela nutricional da pizza congelada?
common_voice_pt_36717149|Acesse as configurações e faça a atualização do sistema
common_voice_pt_36717151|Você pode ir ao dispensador e fazer um pouco de lava.
common_voice_pt_36717160|Preocupações e condolências expressas pela comunidade internacional
common_voice_pt_36717162|Argentina, Uruguai, Paraguai e Brasil fazem parte do Mercosul
common_voice_pt_36717163|Deslize a caixa para esse espaço vazio.
common_voice_pt_36717164|Obrigação de emissão de fatura para todas as transmissões de bens.
common_voice_pt_36717176|O tribunal fará as verificações necessárias nos arquivos municipais para conceder os pontos correspondentes.
common_voice_pt_36717177|Nível de representatividade da entidade em relação ao setor que representa.
common_voice_pt_36717178|Exceto pelas minhas úlceras.
common_voice_pt_36717185|Fez um monte de contusões
common_voice_pt_36717186|Conteúdo sugerido pelo algoritmo.
common_voice_pt_36717187|É necessário explicitar em que consiste a reformulação.
common_voice_pt_36717188|Várias pessoas assistem a uma apresentação no palco com diferentes graus de interesse.
common_voice_pt_36717189|Quais filmes animados estão sendo reproduzidos no bairro?
common_voice_pt_36717190|Grave as exibições de filmes para o cinema mais próximo, mostrando filmes internacionais
common_voice_pt_36717191|Eu realmente gosto de assistir a transmissões ao vivo de conferências de desenvolvedores.
common_voice_pt_36717198|Um monge vestido de preto chegou aos portões.
common_voice_pt_36717203|A computação traiçoeira é projetada para impor restrições aos usuários.
common_voice_pt_36717205|Baixe este arquivo para o meu disco rígido.
common_voice_pt_36717206|Meter o bedelho onde não é convidado
common_voice_pt_36717212|Portanto, é essencial depurar o sistema legal e continuar promovendo sua simplificação.
common_voice_pt_36717214|Qual é a diferença entre transferência positiva e negativa?
common_voice_pt_36717215|O fogo não é um risco inerente à instalação.
common_voice_pt_36717216|Os pagamentos derivados de pactos de heranças da agricultura familiar não geram esse aumento.
common_voice_pt_36748869|Que eles encorajam atitudes positivas em relação à língua catalã.
common_voice_pt_36748870|Não há controle administrativo; passaportes são desconhecidos.
common_voice_pt_36748872|Participar no desenvolvimento e implementação de programas interdepartamentais.
common_voice_pt_36748876|Cristina, Gilmar, Izabel e Adílson
common_voice_pt_36748878|Supervisiona a transmissão de casas com proteção oficial.
common_voice_pt_36748879|Nasceu da leitura dos fundos precários da biblioteca voluntária da Sociedade Cultural de Benissa.
common_voice_pt_36748880|A estratégia e competitividade do espelho
common_voice_pt_36748881|A solicitação não recebeu nenhuma associação.
common_voice_pt_36748882|Os governos fizeram declarações intencionais ambiciosas sobre seu laptop.
common_voice_pt_36748883|A edição do servidor permite que você experimente facilmente a computação em nuvem.
common_voice_pt_36748884|Um policial chinês em pé na frente de sua estação.
common_voice_pt_36748886|Reequilibrar difere-se de calibrar
common_voice_pt_36748887|Era o mesmo em todos os monumentos que ele admirara durante a vigília.
common_voice_pt_36748888|O edital previa a criação de novas vagas
common_voice_pt_36748889|Monitora o posicionamento do orçamento e mede as contas.
common_voice_pt_36748890|Uma menina está andando em um recipiente de lixo.
common_voice_pt_36748891|Bitcoin é a criptomoeda da moda
common_voice_pt_36748892|Ficando cada vez mais doloroso
common_voice_pt_36748893|O carro acelerou tão ridiculamente rápido que os olhos do passageiro começaram a lacrimejar.
common_voice_pt_36748894|Monge, padre, pastor, monja, bispo, papa e papisa
common_voice_pt_36748896|A rede móvel poderá retransmitir energia elétrica
common_voice_pt_36748897|As linhas telefônicas podem não funcionar por um longo tempo ainda.
common_voice_pt_36748898|Em janeiro, os gizes são picados na caldeira.
common_voice_pt_36748899|Tainara, Cauã, Rian, Kauan, Adriele e Kauã
common_voice_pt_36748901|Leila, Augusto, Gerson e Rogério
common_voice_pt_36748902|Verificou-se que eles não existiam e foram colocados para criá-los.
common_voice_pt_36748903|Lua manchada, bonança garantida.
common_voice_pt_36748904|Purifique a segurança social
common_voice_pt_36748905|Você consegue pensar em adjetivos diferentes?
common_voice_pt_36748906|Os eventos cujo objetivo é a busca de financiamento ou apresentações comerciais.
common_voice_pt_36748907|A Espanha hoje está na vanguarda da Europa na implementação do software livre.
common_voice_pt_36748908|Por que suamos em situação de extremo cansaço?
common_voice_pt_36748909|O texto completo é publicado para este anúncio para servir como uma notificação.
common_voice_pt_36748910|Matias, Wellington, Laís, Isac e Iran
common_voice_pt_36748911|Qual a nacionalidade de Che Guevara?
common_voice_pt_36748912|As relações sino-brasileiras estão desgastadas
common_voice_pt_36748914|O boto-cor-de-rosa é representado por um homem belo e galanteador
common_voice_pt_36748915|Eu não assisto conteúdo legendado, prefiro dublado.
common_voice_pt_36748916|Nomeação pessoal não diferenciada
common_voice_pt_36748918|Como incorporamos pessoas na cooperativa?
common_voice_pt_36748919|Diretrizes que devem ser seguidas para controlar os resíduos gerados nesses processos.
common_voice_pt_36748920|Seu comportamento é embaraçoso. Aprenda a arte da relação social!
common_voice_pt_36748921|Desenvolva protótipos verificando o ajuste dos padrões no processo de criação.
common_voice_pt_36748922|Isto significa considerar este subsolo como um bem público não sujeito à propriedade privada.
common_voice_pt_36748923|Nós rolamos o tronco pela colina.
common_voice_pt_36748924|A arte rupestre é uma das minhas preferidas
common_voice_pt_36748925|A gravação é proibida na sala de aula
common_voice_pt_36748926|Conveniência e lei são coisas diferentes.
common_voice_pt_36748927|Qualquer outra atividade que possa contribuir para a realização dos objetivos fundacionais.
common_voice_pt_36748928|Faltou explicitar o contexto
common_voice_pt_36748929|A caravana teria muita sorte em chegar ao oásis.
common_voice_pt_36748930|Se houvesse, o órgão competente seria imediatamente verificado.
common_voice_pt_36748931|Noz-moscada vai bem em suflês
common_voice_pt_36748932|A égua cinza andou na frente do volante.
common_voice_pt_36748933|A autonomia universitária e seus limites: jurisprudência constitucional.
common_voice_pt_36748934|O líquido flamejava.
common_voice_pt_36748935|A documentação do programa de monitoramento ambiental estará disponível para as autoridades competentes.
common_voice_pt_36748937|É a sordidez monótona da sua vida, paralela à exterioridade da minha
common_voice_pt_36748938|Suécia tem alta na ocupação dos leitos de tratamento intensivo
common_voice_pt_36748939|Não há depósitos descontrolados e o ciclo de resíduos fechado permanece.
common_voice_pt_36748941|Sujeitos e objeto de expropriação.
common_voice_pt_36748942|A superfície da tampa será antiderrapante.
common_voice_pt_36748943|Conscientização de todos os operadores para que eles utilizem primeiro produtos que expiram antes.
common_voice_pt_36748944|Criação frequentemente relacionada
common_voice_pt_36748945|O que é passado é prólogo
common_voice_pt_36748946|Parecia um flutuador de gás enferrujado.
common_voice_pt_36748949|Sua camiseta estava encharcada de suor.
common_voice_pt_36748950|Você pode arrastar e soltar álbuns e criar marcadores para criar novos grupos.
common_voice_pt_36748951|Nova expansão: guardiões dos ancestrais
common_voice_pt_36748952|Organizar bases de dados para sistematizar a jurisprudência.
common_voice_pt_36748953|Rum perfumado!
common_voice_pt_36748954|Valide esta sentença ou teu pé irá feder durante toda a quaresma
common_voice_pt_36748955|Ele está vigiando a outra porta.
common_voice_pt_36748956|O levantador ainda estava ficando mais forte e sentiu sua força em seu rosto.
common_voice_pt_36748957|Demonstra pouca predisposição para o trabalho.
common_voice_pt_36748958|Usuários relatam lentidão e bugs
common_voice_pt_36748959|A falta de credenciamento neste processo implicará a não valorização do mérito.
common_voice_pt_36748960|Fêmea nova que examina um espécime em um microscópio.
common_voice_pt_36748961|Evolução da retinite por citomegalovirus após suspensão de terapia
common_voice_pt_36748962|Tem, portanto, credenciamento dos estudos realizados.
common_voice_pt_36748963|Os países lusófonos deveriam se unir ao invés de evidenciar nossas diferenças
common_voice_pt_36748964|Não é bom que o burro não estremeça no estábulo.
common_voice_pt_36748970|O fusca era branco com listras vermelhas.
common_voice_pt_36748971|fixo os mínimos gestos faciais de com quem falo
common_voice_pt_36748972|Fumar em locais onde é proibido por razões de segurança e higiene.
common_voice_pt_36748973|Atualizar o sistema.
common_voice_pt_36748976|Escolha uma loja que seja certificada por um vendedor seguro
common_voice_pt_36748978|O aplicativo, anexado, o Documento Inicial Estratégico e o rascunho da Modificação.
common_voice_pt_36748979|Um eclipse foi anunciado para o dia seguinte.
common_voice_pt_36748980|Manter lista de contatos atualizada.
common_voice_pt_36748981|é uma abstração que permite a interação com o objeto
common_voice_pt_36748983|O pântano vai congelar quando estiver frio o suficiente.
common_voice_pt_36748984|Duas prateleiras carregadas com vários frascos de perfume novidade.
common_voice_pt_36748985|Recibos de pagamento serão extratos bancários sem pagamento em dinheiro.
common_voice_pt_36748986|Este projeto não tem cabeça nem pé.
common_voice_pt_36748987|O advento da pornografia catalisou o desenvolvimento de algumas novas tecnologias
common_voice_pt_36748988|Capoeira é um estilo de luta típico da cultura afro-brasileira
common_voice_pt_36748989|Caracteriza as novas tendências do setor, analisando inovações cosméticas e cosméticos especiais.
common_voice_pt_36748990|Craqueamento é uma palavra estranha.
common_voice_pt_36748991|Protocolou um pedido de aditamento da investigação
common_voice_pt_36748992|Quero garantir que você e eu tenhamos alguma sobreposição entre suas próximas viagens.
common_voice_pt_36748998|Uma avaliação negativa pode envolver a não extensão desta atribuição.
common_voice_pt_36748999|Eu sei que ele as escreveu por causa dos erros ortográficos.
common_voice_pt_36749001|Atividades de solicitação de verão realizadas este ano
common_voice_pt_36749002|Que ele frequentou um seminário até os dezesseis anos.
common_voice_pt_36749005|Efeito antioxidante
common_voice_pt_36802117|Ninguém se atreve a mencionar a resistência
common_voice_pt_36802118|Pareceu-lhe que não havia problemas.
common_voice_pt_36802119|Uma grande parte do cilindro havia sido descoberta.
common_voice_pt_36802120|Palestrantes em experiências de carreira compartilham estágio
common_voice_pt_36802121|Concretização da meta
common_voice_pt_36802122|Benvinda de Alcantara Fernandes
common_voice_pt_36802123|Uma grande quantidade de pessoas se aglomerou em um sistema de metrô.
common_voice_pt_36802124|Prenda dois pinos de cada lado.
common_voice_pt_36802125|São aves fascinadas pela ausência de serpente
common_voice_pt_36802126|Você trouxe um novo sentimento para a minha loja de cristais.
common_voice_pt_36802127|Agora você se faz de Madalena arrependida?
common_voice_pt_36802128|Os amigos do rei são beneficiados.
common_voice_pt_36802129|Não há capacidade de autofinanciamento
common_voice_pt_36802130|Quais são os títulos?
common_voice_pt_36802131|Arcabouços literários perpetuam as contradições do preconceito linguístico
common_voice_pt_36802132|Canhotinho
common_voice_pt_36802133|Frágeis usam a violência, e os fortes as ideias.
common_voice_pt_36802134|A participação nas oficinas é gratuita, mas o formulário de inscrição deve ser preenchido.
common_voice_pt_36802135|Permitam-me adicionar uma palavra a este tópico.
common_voice_pt_36802136|Ela foi à farmácia para pegar as pílulas.
common_voice_pt_36802137|Atualmente, os horários para preparação de pedidos são às terças, quintas e sábados.
common_voice_pt_36802138|Compartilhamento de experiência de caso
common_voice_pt_36802140|A Repartição também pode optar por reavaliar as propostas.
common_voice_pt_36802141|Um grupo eclético de músicos e atores se apresenta para um grupo de turistas.
common_voice_pt_36802142|Deste ponto de vista, as argilas são ótimas.
common_voice_pt_36802143|A cadela tem olhos verdes.
common_voice_pt_36802145|Eu vou lançar um feitiço perigoso.
common_voice_pt_36802146|Abra o firefox.
common_voice_pt_36802147|A extensão não pode exceder vinte páginas em um lado.
common_voice_pt_36802148|A furadeira sem fio da Jade se tornou defeituosa.
common_voice_pt_36802149|Eu me sinto bastante ambivalente sobre o artigo.
common_voice_pt_36802150|Mas isso não contribui em nada para a mecânica do conhecimento locomotivo dos vagões.
common_voice_pt_36802152|Isso é uma fuga, não se encaixa em seus esquemas.
common_voice_pt_36802153|Acenderam fogos de artifício.
common_voice_pt_36802155|Caçadores e pescadores nunca enriqueceram em casa.
common_voice_pt_36802156|Sugestões podem ser assinadas ou anônimas.
common_voice_pt_36802157|Foi dos últimos que usaram presilhas no Rio de Janeiro, e talvez neste mundo.
common_voice_pt_36802158|Será encorajada a gestão florestal e agrícola, que prevê práticas respeitosas com a fauna.
common_voice_pt_36802160|Dito e feito
common_voice_pt_36802161|Rins, pulmão, bexiga, coração, intestino, estômago e esôfago
common_voice_pt_36802162|A colaboração de todos é fundamental
common_voice_pt_36802163|Quanto deu a contagem de plaquetas da paciente?
common_voice_pt_36802164|Focaliza esforços e maximiza a eficiência
common_voice_pt_36802166|Qualquer um que inverte o seu tempo legitimamente se afasta da felicidade.
common_voice_pt_36802167|Certos aplicativos também incorporam melhorias específicas.
common_voice_pt_36802168|Tudo isto tem me causado embaraços
common_voice_pt_36802171|tal frequência é cansativa.
common_voice_pt_36802172|Valdir, Cláudio, Eva e Fernando
common_voice_pt_36802173|Calculado por posição relativa
common_voice_pt_36802174|O tupi-guarani é uma das línguas indígenas presentes no interior do país
common_voice_pt_36802175|Debates tentam descobrir como invocar os infortúnios que eles prevêem.
common_voice_pt_36802176|Uma menina brincando na pia com brinquedos e alguns produtos químicos domésticos potencialmente perigosos
common_voice_pt_36802177|Eu machuquei
common_voice_pt_36802178|Consulte os termos de utilização
common_voice_pt_36802179|Homem que trabalha no andaime no local de trabalho da construção.
common_voice_pt_36802180|Macho com óculos de proteção sentado no chão com um panfleto.
common_voice_pt_36802181|Delitos de tráfico que constituem um crime.
common_voice_pt_36802182|Um piso encerado nos faz perder o equilíbrio.
common_voice_pt_36802183|Selecione um servidor espelho na lista da web.
common_voice_pt_36802184|A multidão engasgou quando perceberam que o orador estava completamente nu.
common_voice_pt_36802185|escoteiros em um palco com um microfone
common_voice_pt_36802186|Raimunda, Luzia, Roberto e Rita
common_voice_pt_36802188|As torrentes vão para o mar.
common_voice_pt_36802189|Ela está aprendendo a programar em Python.
common_voice_pt_36802190|Você pensa nele como um playground.
common_voice_pt_36802192|É melhor morrer tão fraco que desmaiar.
common_voice_pt_36802193|Cláudia tinha uma conta corrente no Itaú e na Caixa.
common_voice_pt_36802194|Patente alta, bigode grosso
common_voice_pt_36802195|A intervenção da entidade financeira foi um balão de oxigênio.
common_voice_pt_36802196|O gênio deve sair da lâmpada
common_voice_pt_36802197|Próprio moinho de arroz
common_voice_pt_36802198|Tratou-se de um maremoto
common_voice_pt_36802200|Certamente, quando você explicar as circunstâncias de nosso chamado prematuro, ela entenderá.
common_voice_pt_36802201|Um cartão pendurado na porta anunciava que várias línguas eram faladas na loja.
common_voice_pt_36802203|Da mesma forma, municípios limítrofes têm abundantes terras industriais disponíveis para conter atividades.
common_voice_pt_36802204|Verificou que ela tinha diabetes
common_voice_pt_36802205|Dois homens vestindo roupas escocesas tradicionais seguram as gaitas de foles nas mãos.
common_voice_pt_36802207|Ter planos a longo prazo
common_voice_pt_36802208|O mercado não possui um produto com boa confiabilidade e validade.
common_voice_pt_36802209|Nenhum caso foi devidamente vacinado.
common_voice_pt_36802210|Verifique se o site é financiado por anúncios, doações ou outros.
common_voice_pt_36802211|Verifique as principais funções do aplicativo no site.
common_voice_pt_36802212|Ciclo de nitrogênio: microorganismos que intervêm.
common_voice_pt_36802214|O demônio, cansado de fazer mal, foi colocado eremita.
common_voice_pt_36802215|Uma fantasia de abelha gigante abraça um menino.
common_voice_pt_36802216|Milhares de anos atrás, esta cidade era o centro de uma antiga civilização.
common_voice_pt_36802217|O crescimento econômico está além das expectativas
common_voice_pt_36802218|A maioria de nossas importações vem do porto de Roterdã.
common_voice_pt_36802219|Incapaz de ser verdadeiramente independente
common_voice_pt_36802220|Apreciamos profundamente o trabalho de todas as pessoas por trás dos projetos mencionados.
common_voice_pt_36802221|Vários agentes penitenciários foram mortos e partes das prisões foram danificadas.
common_voice_pt_36802223|As tipologias de erros no procedimento e a penalidade econômica que elas implicam incluem.
common_voice_pt_36802225|Indicações que ultrapassem o prazo indicado nesta base não são admitidas.
common_voice_pt_36802226|Por que os pesos são calculados dessa maneira?
common_voice_pt_36802227|Existem sementes de melão
common_voice_pt_36802276|O sistema para determinar o preço do contrato é o dos preços unitários.
common_voice_pt_36802277|Caminhávamos devagar, quando fomos surpreendidos por você
common_voice_pt_36802278|Ela é romântica.
common_voice_pt_36802279|A disposição do cumprimento das sentenças ditadas nos procedimentos judiciais que afetam o Departamento.
common_voice_pt_36802280|Introdução rápida de emojis e outros caracteres difíceis de acessar.
common_voice_pt_36802281|Estou observando um comportamento passivo-agressivo, disse o psicólogo em tom profissional.
common_voice_pt_36802282|Povos que fazem o alimento em uma frigideira gigante da plataforma giratória.
common_voice_pt_36802283|Algumas tempestades valem os destroços.
common_voice_pt_36802284|O terceiro ato foi monótono e cansado dos jogadores.
common_voice_pt_36802285|a sentença dada pelo juiz foi demasiado dura
common_voice_pt_36802291|No processo de avaliação, salas de pesquisa não credenciadas documentalmente não serão consideradas.
common_voice_pt_36802292|Quanto custa este assistente virtual?
common_voice_pt_36802293|Fui esticando minhas pernas desajeitadamente e sentindo meu caminho no escuro.
common_voice_pt_36802295|A exclusão não se aplica aos cigarros eletrónicos.
common_voice_pt_36802302|Não são considerados aqueles que ainda são exigidos pelos regulamentos.
common_voice_pt_36802303|Quando os penitentes desculpavam suas faltas no confessionário, a penitência era sempre a mesma.
common_voice_pt_36802304|A Magnólia vive em Águas Claras.
common_voice_pt_36802305|Meu cortador está quebrado.
common_voice_pt_36802306|Eu comecei a correr no ginásio na semana passada.
common_voice_pt_36802307|Lar de tubarões-martelo
common_voice_pt_36802308|Portanto, o crescimento foi um processo de feedback.
common_voice_pt_36802309|Uma pessoa fala em um protesto em um campus universitário.
common_voice_pt_36802310|Três pessoas estão organizando um dormitório
common_voice_pt_36802311|O encontro semanal no mercado facilitou as conversas.
common_voice_pt_36802313|O microfone era de alta qualidade.
common_voice_pt_36802314|Ao fundo sobre o canapé, estava Rita morta e ensangüentada.
common_voice_pt_36802321|Procurando por um momento no aeroporto
common_voice_pt_36802322|Este creme hidratante é fantástico.
common_voice_pt_36802323|Meu ex-namorado é um embuste
common_voice_pt_36802324|Nove adultos e quatro crianças fizeram tratamento no parque por lesões.
common_voice_pt_36802325|Dois jovens estão em uma cabana.
common_voice_pt_36802326|Especialista em consultoria
common_voice_pt_36802327|Os serviços de emergência foram chamados há cerca de uma hora.
common_voice_pt_36802328|como era Meca para o comerciante.
common_voice_pt_36802336|A tarefa está terminada!
common_voice_pt_36802337|Encorajamos todos a participar ativamente, obtendo seus comentários ou sugestões de mudanças.
common_voice_pt_36802338|Prepare e acompanhe eleições sindicais.
common_voice_pt_36802339|Selecione os alunos que irão competir em campeonatos posteriores.
common_voice_pt_36802355|Um grupo de pessoas está sentado debaixo de um telhado de zinco.
common_voice_pt_36802356|Diâmetro mínimo em ponta fina, sem casca, é de doze centímetros.
common_voice_pt_36802357|Reúna e comunique-se
common_voice_pt_36802358|Os trabalhadores, dentro da empresa, têm o direito de ingressar em qualquer centro sindical.
common_voice_pt_36802359|Sua sobremesa cheirava a mofo, não doce.
common_voice_pt_36802360|O meu celular é da Samsung.
common_voice_pt_36802361|Haverá muitas aplicações interessantes
common_voice_pt_36802362|A estrada para São Paulo foi duplicada.
common_voice_pt_36802364|Existem muitos tipos de materiais compostos
common_voice_pt_36802366|Manteiga de cacau para lábios rachados
common_voice_pt_36802375|Criar um assentamento industrial estatal
common_voice_pt_36802376|A comissão será consultada no próximo mês
common_voice_pt_36802377|Mas devemos especificar o que estamos falando.
common_voice_pt_36802378|Você já tentou doar para um movimento sem fins lucrativos?
common_voice_pt_36802379|Repórteres se reúnem para a prática de beisebol.
common_voice_pt_36802385|Ambos os suprimentos e irrigações têm garantias insuficientes.
common_voice_pt_36802386|Desporto. Associativismo.
common_voice_pt_36803580|Leve e não irritante
common_voice_pt_36803581|Oito pratas por esse relógio.
common_voice_pt_36803582|Mostre-me onde há vida no deserto.
common_voice_pt_36803584|A perícia concluiu que ele não estava no local do crime
common_voice_pt_36803585|Existem também vários dicionários de dicionários disponíveis online.
common_voice_pt_36803586|Indo para o tênis de mesa e não poderei fazer sua palestra.
common_voice_pt_36803587|Ele conhecia o recinto de feiras de gado mais popular.
common_voice_pt_36803588|No caso de modificação deste acordo, haverá um acordo unânime de ambas as partes.
common_voice_pt_36803589|Tenha uma firme convicção
common_voice_pt_36803590|Que maluquice!
common_voice_pt_36803591|Tem entre duas e cento e vinte e oito caixas ou botões para selecionar.
common_voice_pt_36803592|Uma parte do OpenOffice foi modificada para adaptá-lo às necessidades do catalão.
common_voice_pt_36803593|Ela está ensolarada.
common_voice_pt_36803594|Pentágono confirma autenticidade de vídeo com óvnis
common_voice_pt_36803597|O senado condenou a invasão das colônias do império.
common_voice_pt_36803599|Selecione produtos para preparar calorias e próteses relacionando as características ao objetivo estabelecido.
common_voice_pt_36803604|Foi feito com uso de inteligência artificial
common_voice_pt_36803606|Estabelecer uma visão de futuro e adaptabilidade
common_voice_pt_36803608|Grau: Licenciatura em Química, ou Bioquímica ou Biologia, ou grau equivalente, se houver.
common_voice_pt_36803610|A identidade dos doadores deve ser registrada em um registro público.
common_voice_pt_36803614|Não é por acaso que primeiro examino o município.
common_voice_pt_36803615|Hoje a comissão implicitamente decidiu estender o arsenal.
common_voice_pt_36803616|Alguma recomendação?
common_voice_pt_36803617|Gerenciados de tarefas do Windows.
common_voice_pt_36803618|Os lugares que eu quero ir provavelmente são organizados.
common_voice_pt_36803619|Um motociclista está dirigindo em um poço lamacento.
common_voice_pt_36803621|O Marcus tinha trabalhado na Fiat antes de ir para a Volkswagen.
common_voice_pt_36803623|Os pterossauros não são dinossauros, mas estão intimamente relacionados.
common_voice_pt_36803624|O consórcio foi muito pouco lucrativo
common_voice_pt_36803625|Salte a cerca e corra até o banco.
common_voice_pt_36803626|Um automóvel chegará no final do beco em meia hora, você deve entrar.
common_voice_pt_36803627|Eu preciso falar com meu advogado.
common_voice_pt_36803628|Também supervisione que as máquinas e utensílios que existem na cozinha estão limpos.
common_voice_pt_36803629|O homem preferia manjericão com salsa.
common_voice_pt_36803635|Como especular sobre isso?
common_voice_pt_36803636|Observar, ouvir, entender e admirar uma cidade não é suficiente para passar por ela.
common_voice_pt_36803637|A dissonância era equivalente ao pecado na cultura medieval cristã.
common_voice_pt_36803638|peneirava uma chuvinha miúda, triste e constante
common_voice_pt_36803639|Conte-me mais sobre as civilizações antigas
common_voice_pt_36803640|O oleoduto foi ampliado
common_voice_pt_36803641|Suas probabilidades de observação são calculadas como um produto de probabilidades de pixels.
common_voice_pt_36803642|homem de pé na esquina da rua em uma área metropolitana.
common_voice_pt_36803643|O telefone da parede tocava com frequência.
common_voice_pt_36803644|Um corredor descalço em um parque.
common_voice_pt_36803646|A Literatura é a técnica de compor e expor textos escritos.
common_voice_pt_36803647|A garganta do paciente parece inchada.
common_voice_pt_36803648|Faça o sequenciamento do material genético
common_voice_pt_36803650|Ele tem um milhão de seguidores
common_voice_pt_36803651|Editor de texto, calculadora e desfragmentador de disco
common_voice_pt_36803652|Utopias não são impossíveis.
common_voice_pt_36803653|A escada do caminhão de bombeiros não era longa o suficiente.
common_voice_pt_36803654|Vilela seguiu a carreira de magistrado.
common_voice_pt_36803655|Eles forneceram avisos sobre ladrões e tribos bárbaras.
common_voice_pt_36803656|A separação do lixo torna a reciclagem possível.
common_voice_pt_36803657|Esse é o nosso compromisso.
common_voice_pt_36803658|Tocar música rock
common_voice_pt_36803661|Sem planejamento financeiro
common_voice_pt_36803662|Gaiolas, livros e guarda-chuvas, se forem deixados, não são demais.
common_voice_pt_36803664|Use a escada rolante ou os elevadores
common_voice_pt_36803667|Ele escorria pela geladeira.
common_voice_pt_36803668|Não retornando
common_voice_pt_36803669|Os executores, os bens que eles administram, a menos que expressamente autorizados.
common_voice_pt_36803670|Posso segurar o pacote?
common_voice_pt_36803671|Baratas são fonte de alimento para escorpiões
common_voice_pt_36803672|Meu computador travou.
common_voice_pt_36803673|A moagem foi feita de acordo com o programa.
common_voice_pt_36803674|A herança foi bastante volumosa
common_voice_pt_36803675|Qual é o logradouro daquele indivíduo?
common_voice_pt_36803676|Batatais
common_voice_pt_36803677|O ataque ao nosso servidor raiz sobrecarregou nosso administrador sênior.
common_voice_pt_36803678|Nossa detecção de colisão só funciona para corpos rígidos.
common_voice_pt_36803679|Certifique-se de ler atentamente as instruções antes de iniciar seu projeto.
common_voice_pt_36803681|Prestígio do equipamento, feira, amostra ou bienal que acolhe a atividade no circuito profissional.
common_voice_pt_36803683|Sistema médico sadio
common_voice_pt_36803684|É um olhar de cumplicidade.
common_voice_pt_36803685|E descubra onde fica o escritório telegráfico mais próximo.
common_voice_pt_36803686|Toda a conversação a este respeito foi constrangida.
common_voice_pt_36803688|Mas eu não sou um crack e não culpo ninguém.
common_voice_pt_36803689|Mossoró
common_voice_pt_36803695|A maioria das ferramentas inclui melhorias, várias novas ferramentas de transformação.
common_voice_pt_36803696|Dentro dos órgãos oficiais, devido à especialização das funções, pode haver escalas.
common_voice_pt_36803698|Queremos dispersar o núcleo do casco.
common_voice_pt_36803699|O artigo faz referência a trabalhos biométricos anteriores de maneira razoável.
common_voice_pt_36803700|Dois garotos correndo por uma passarela de nível superior.
common_voice_pt_36803701|O padrão alfanumérico está truncado
common_voice_pt_36803702|Por exemplo, vinte e três por cento de melhoria nas operações na planilha.
common_voice_pt_36803704|Essas curvas são linhas de tendência polinomial, que também podemos formular como funções diferentes.
common_voice_pt_36803706|O comitê de revisão deve assinar um acordo de confidencialidade
common_voice_pt_36803707|As pessoas estão se deslocando em torno de um cruzamento movimentado da cidade
common_voice_pt_36803709|Advérbio, conjunção, preposição e interjeição
common_voice_pt_36803710|O não cumprimento desta prescrição resultará no cancelamento da autorização.
common_voice_pt_36803712|Um homem salta de uma saliência rochosa para a água.
common_voice_pt_36803715|Esmagando a parede de tijolos
common_voice_pt_36803717|Efeitos do vento, corrente, combinado e derivados da razão da sonda.
common_voice_pt_36803718|Veja os comentários, comentários e avaliações no site.
common_voice_pt_36803719|Depois, como se a morte espiritualizasse tudo, inclinou-se e beijou-a na testa.
common_voice_pt_36803720|Classifique o livro atual como zero.
common_voice_pt_36803721|A cobra deslizou em direção às pedras sombreadas sob o penhasco.
common_voice_pt_36803722|A rampa conduziu até a rodovia larga.
common_voice_pt_36803723|Mais valia acautelarem-se, sacrificando-se por algumas semanas.
common_voice_pt_36803724|Seus comentários nos ajudam a polir e nos encorajam.
common_voice_pt_36803726|Carne bovina é mais exportada que a suína
common_voice_pt_36803727|O vitral oferecia uma atmosfera hipnótica.
common_voice_pt_36803730|Piscando
common_voice_pt_36803731|Em nosso caminho para São Francisco, estávamos ouvindo música reggae e fumando maconha.
common_voice_pt_36803736|Taboão da Serra
common_voice_pt_36803737|Esta comida é bastante insípida, mas cara.
common_voice_pt_36803738|O psicopata geralmente tem alucinações.
common_voice_pt_36803739|Notifique o promotor, o Ministério Público, os coproprietários e os pais biológicos de menores.
common_voice_pt_36803745|Além disso, a intervenção efêmera pode ajudar a revelar oportunidades de design.
common_voice_pt_36803746|O acordo previa a eliminação dos mísseis balísticos e de cruzeiro, nucleares ou convencionais.
common_voice_pt_36803747|O Projeto Vênus traz uma visão alternativa de modelo econômico-social
common_voice_pt_36803748|Fornecer suporte técnico de alto nível em simulações e eventos planejados.
common_voice_pt_36803750|Dá um like no meu post
common_voice_pt_36803751|Atribuímos divergência à conduta das vozes.
common_voice_pt_36803752|Minimize possíveis danos
common_voice_pt_36803753|Foi ainda o que aconteceu ao eminente estadista.
common_voice_pt_36803754|Um menino novo que prende uma escova sobre o dissipador.
common_voice_pt_36803755|Serviço ativo com destino provisório, exceto aqueles que ocupam lugares de livre designação.
common_voice_pt_36803756|Três homens estão cantando karaokê em um bar.
common_voice_pt_36803757|As pessoas estão empacotando no mercado.
common_voice_pt_36803758|Organize o projeto gráfico analisando os elementos que o caracterizam.
common_voice_pt_36803765|Eu atribuo o exercício da autoridade dos pais exclusivamente ao progenitor da mãe.
common_voice_pt_36803766|Consequentemente, esta mineração pode não ser desenvolvida.
common_voice_pt_36803767|É o caso de uma nova fórmula química ou de uma invenção mecânica.
common_voice_pt_36803770|dirigentes intelectuais
common_voice_pt_36803771|As conexões destas canalizações com as instalações existentes serão previstas, se for o caso.
common_voice_pt_36803772|Eu poderia fazer um livro anedótico apenas por aquelas trinta horas.
common_voice_pt_36803773|Quatro mulheres operam laptops.
common_voice_pt_36803774|Atenas é a capital da Grécia e lar de diversas construções históricas
common_voice_pt_36803780|Espera-se que os fabricantes coordenem e concordem com os banners exibidos.
common_voice_pt_36803781|E o murmúrio durou mais que um simples juramento.
common_voice_pt_36803782|Os turistas de meias e sandálias parecem hilários.
common_voice_pt_36803783|Ele simula a operação de uma célula robotizada, projetando e executando operações de controle.
common_voice_pt_36803784|Limpar o desumidificador utilizado há mais de dez anos
common_voice_pt_36803785|Os chuveiros estão corretos e não há ninguém.
common_voice_pt_36803786|Por que o pinball é tão viciante?
common_voice_pt_36803787|o Centro Ciência Viva de Constância são os nossos espaços abertos.
common_voice_pt_36803788|Controlar o arquivamento e custódia da documentação da Área Básica da Polícia.
common_voice_pt_36803789|A corrida por fundos atingiu seu pico na terça-feira.
common_voice_pt_36803799|A porcentagem de dióxido de carbono no ar atingiu um nível extraordinário.
common_voice_pt_36803800|Eles praticavam um antigo ritual mongol para expulsar os demônios.
common_voice_pt_36803802|Aprenda a tocar a cifra de Hoje.
common_voice_pt_36803803|Colabore com o chefe da seção na preparação e monitoramento de eleições agrícolas.
common_voice_pt_36803805|Muitas oportunidades estão florescendo no país no momento.
common_voice_pt_36803807|Acumular conexões empresariais e tecnologia
common_voice_pt_36803808|Ametista do Sul
common_voice_pt_36803809|Você precisa completar este arranjo com os ensinamentos do acordeão diatônico.
common_voice_pt_36803811|Há um grupo de adolescentes indisciplinados brincando em seu jardim.
common_voice_pt_36803812|A arqueologia se desenvolveu muito no norte da África e Oriente Médio
common_voice_pt_36803814|Quem usa uma enxada desgasta um pouco.
common_voice_pt_36803818|A maior parte da energia será absorvida pela fricção cinética.
common_voice_pt_36803819|A pornografia é uma indústria ainda em ascensão
common_voice_pt_36803820|Eles inspecionaram o cardápio no restaurante.
common_voice_pt_36803821|Palavras vulgares; mas há vulgaridades sublimes, ou, pelo menos, deleitosas.
common_voice_pt_36803822|O mergulho do cisne estava longe de ser perfeito.
common_voice_pt_36803823|Mas certa noite apareceu a temível gata de bigodes brancos e rabo tremulante
common_voice_pt_36803824|Deverá ser uma imunização tripla ou quádrupla?
common_voice_pt_36803826|As partes podem ser acompanhadas por assessores.
common_voice_pt_36803827|Ele se espalhou pela atmosfera do planeta e obscureceu suas características mais familiares.
common_voice_pt_36803828|Eu preciso de uma mesa na junta spa
common_voice_pt_36803829|Trabalhadores tratam tecidos em piscinas externas de corante.
common_voice_pt_36803830|A bolsa de valores de São Paulo abriu o pregão em alta
common_voice_pt_36803847|O instagram só permite fotos
common_voice_pt_36803848|Ela está congelando.
common_voice_pt_36803849|Ele fez uma delação premiada
common_voice_pt_36803850|O link da web foi quebrado.
common_voice_pt_36803851|Eu podia ver a raiva em seus olhos quando ele levantou o braço ameaçadoramente.
common_voice_pt_36803852|A apropriação cultural foi duramente criticada
common_voice_pt_36803853|Para que serve leite de magnésia?
common_voice_pt_36803854|Adversidade e perda fazem um homem sábio.
common_voice_pt_36803855|ela me parece mais destinada a reconstruir consteladamente o universo.
common_voice_pt_36803862|Para combater a tuberculose é preciso desenvolver melhores medicamentos
common_voice_pt_36803867|Lida com reprodução e ovos, descrevendo e aplicando técnicas de reprodução e incubação.
common_voice_pt_36803869|Cento e duzentos ienes para frente e para trás
common_voice_pt_36803870|O útero é um órgão que se expande durante a gestação
common_voice_pt_36803871|Atirando a esmo
common_voice_pt_36807855|Abrir o navegador, ir até a terceira aba e silenciar o player de música
common_voice_pt_36807856|Função: Diminui o esforço do mago empurrando a cadeira de rodas.
common_voice_pt_36807857|respeitadas disposições específicas constantes de tratado.
common_voice_pt_36807858|Completou esta pintura
common_voice_pt_36807859|A música preferida da Juliana era Juliana e Fernando e Sorocaba.
common_voice_pt_36807868|Um monociclo abatido na frente de uma multidão.
common_voice_pt_36807869|Para perder gordura abdominal, busque ficar em déficit calórico
common_voice_pt_36807871|As capelas laterais têm um piso quadrado.
common_voice_pt_36807881|Dito isto, expirei às duas horas da tarde de uma sexta-feira
common_voice_pt_36807882|Qual o nome do cientista que descobriu a pasteurização e a vacina da raiva?
common_voice_pt_36807883|A vizinhança está sofrendo com uma infestação de formigas
common_voice_pt_36807884|O grafite desta parede é belíssimo
common_voice_pt_36807886|Ele era um guarda civil em Guantánamo e não errou.
common_voice_pt_36807887|Rever o conteúdo dos formulários de liquidação e auto-avaliações de taxas.
common_voice_pt_36807888|Corte a alça para apertar a caixa.
common_voice_pt_36807889|Mulheres em uma competição de natação de revezamento estão decolando da linha de largada.
common_voice_pt_36807890|Muitas vezes há trivialidade nos costumes, mas não brutalidade ou humildade.
common_voice_pt_36807896|O Partido Pirata advoga pela liberdade e privacidade na rede
common_voice_pt_36807897|O homem tem um bolo decorado com fogos de artifício indoor.
common_voice_pt_36807898|Harmonização facial já é uma prática compartilhada entre influenciadores digitais
common_voice_pt_36807900|Acione o cadastro positivo no seu birô de crédito
common_voice_pt_36807906|Uma mulher segura duas caricaturas de si mesma.
common_voice_pt_36807907|Eu vou escutar esse podcast.
common_voice_pt_36807908|Autoconhecimento: benefícios e como desenvolver
common_voice_pt_36807909|Aceleração de startups e fintechs
common_voice_pt_36807910|A fertilização cruzada entre setores e clusters facilita esse processo.
common_voice_pt_36807911|Um tesoureiro economiza os fundos municipais.
common_voice_pt_36807912|Comandantes da marinha, exército e aeronáutica entregam os cargos
common_voice_pt_36807913|O robô estava cheio de fios e placas de circuito.
common_voice_pt_36807914|Envie um depoimento para incorporá-lo às performances.
common_voice_pt_36807915|A Cabala é um conhecimento da mística judaica
common_voice_pt_36808641|A refinaria de Abreu e Lima está quase pronta
common_voice_pt_36808642|As pessoas constroem ou demolem.
common_voice_pt_36808643|Janelas foram cortadas em cada um dos carros.
common_voice_pt_36808644|Os testes incluirão conteúdos teóricos e realizações práticas.
common_voice_pt_36808645|Não pode participar em seguro agrícola como agricultor
common_voice_pt_36808651|Muito mais é aprendido olhando os livros de decoração.
common_voice_pt_36808652|A paralaxe de movimento é uma dica de profundidade monocular.
common_voice_pt_36808653|A situação de incapacidade temporária do trabalhador durante o período experimental perturba o cálculo.
common_voice_pt_36808654|A primeira seção é o grande teleférico
common_voice_pt_36808655|Receio que este evento seja apenas por convite, senhor.
common_voice_pt_36808656|Certamente o processo de adestramento vem de muitos anos atrás.
common_voice_pt_36808657|Se considerado, esses campos podem ser incluídos na tabela de atributos do arquivo geográfico.
common_voice_pt_36808658|Qual é a extensão da fronteira necessária para percorrer o quadro?
common_voice_pt_36808659|Ativamente ligar o mercado global
common_voice_pt_36808660|Os gases do tráfego eram insuportáveis.
common_voice_pt_36808662|ainda que não parenta, padeceu mais do que as parentas
common_voice_pt_36808663|É uma onda de frio originária dos Himalaias
common_voice_pt_36808664|Torça a válvula e libere o vapor quente.
common_voice_pt_36808665|Você pode compartilhar seu link do canal do Youtube?
common_voice_pt_36808666|Precisamos de mais privacidade online.
common_voice_pt_36808667|Proposta para processamento em uma única leitura.
common_voice_pt_36808668|Os homens fumavam narguilés e trocavam histórias do campo de batalha.
common_voice_pt_36808669|A taverna já era sua única casa.
common_voice_pt_36808670|A prova ainda vai ser periciada.
common_voice_pt_36808671|Ele estendeu a mão e pegou uma concha do chão.
common_voice_pt_36808673|As figuras assim obtidas constituirão a informação básica sobre a superfície.
common_voice_pt_36808674|Uma pequena grelha queima uma casa.
common_voice_pt_36808675|A fragrância leitosa é muito rica
common_voice_pt_36808676|A combustão do biogás no motor gerará a emissão de gases poluentes na atmosfera.
common_voice_pt_36808678|Uma cópia, se aplicável, de pré-inscrições ou inscrições nos centros selecionados.
common_voice_pt_36808679|Em resposta a mudanças e riscos econômicos externos
common_voice_pt_36808681|Os apoiadores do regime serão questionados na corte Internacional
common_voice_pt_36808832|Foi uma produção aclamada pela crítica
common_voice_pt_36808834|As partes concordam unanimemente em aceitar a proposta e, portanto, proceder à sua assinatura.
common_voice_pt_36808840|Contornos de pessoas olhando em casos de vidro que estão alinhando a passarela.
common_voice_pt_36808841|Eu juro no túmulo da minha mãe.
common_voice_pt_36808842|A toxicidade das redes sociais não está sendo devidamente combatida
common_voice_pt_36808843|Dois amigos foram notificados do acontecido.
common_voice_pt_36808885|Procure a fotografia premiada na competição
common_voice_pt_36808888|Demerval Lobão
common_voice_pt_36808890|Não importa quão pequenos somos, estaremos acompanhados.
common_voice_pt_36808892|Um jovem levanta seu skate na crista de uma rampa de skate.
common_voice_pt_36808903|Eles estavam todos furiosos quando a escapada falhou.
common_voice_pt_36808904|A partir desta dieta, você precisa prestar muita atenção.
common_voice_pt_36808905|Pensemos, por exemplo, no latim no mundo medieval da Europa Central.
common_voice_pt_36808907|Vamos falar sobre um desses professores barbudos e conversando com calma.
common_voice_pt_36808918|Está ventando muito aqui fora.
common_voice_pt_36808920|O LibreOffice quatro foi desenvolvido pela comunidade do LibreOffice.
common_voice_pt_36808921|Encontramos o dispositivo no armário.
common_voice_pt_36808922|É por isso que temos o Fundo de Garantia de Depósitos.
common_voice_pt_36808928|Dizem que é útil e é demonstrado todos os dias.
common_voice_pt_36808929|As algemas estão todas trancadas na velha caixa.
common_voice_pt_36808931|Informa sobre os recursos que são apresentados no processo de concentração de encomendas.
common_voice_pt_36808932|A rede elétrica não tinha aterramento
common_voice_pt_36808940|O licor tem um gosto estranho.
common_voice_pt_36808943|Não é possível retornar ao estado original
common_voice_pt_36808946|Várias crianças praticando artes marciais com espadas de madeira
common_voice_pt_36808949|Varrendo o chão, separando mercadorias, etc.
common_voice_pt_36808951|Um homem que trabalha com uma ferramenta de soldagem.
common_voice_pt_36808952|Repita esta frase
common_voice_pt_36808955|Os valores atualizados são mostrados no anexo a este Pedido.
common_voice_pt_36808957|O Flávio trabalhou cinco anos na Via Engenharia e três na Andrade Gutierrez.
common_voice_pt_36808958|Não é impossível delinear este personagem antecipadamente.
common_voice_pt_36808959|Um homem está fazendo malabarismos com duas bolas grandes e uma raquete de tênis.
common_voice_pt_36808961|Decisão que manteve Renan na relatoria
common_voice_pt_36808962|A motivação mobiliza a imaginação
common_voice_pt_36808969|Não usá-los é um desperdício de recursos públicos.
common_voice_pt_36808970|Um bom grupo de repórteres.
common_voice_pt_36808971|Este computador custa dois mil dólares.
common_voice_pt_36808972|A rede tem cargas no perímetro e é mantida no centro por uma corda.
common_voice_pt_36808979|Colinas intocadas
common_voice_pt_36808981|Onde estão os objetivos incertos?
common_voice_pt_36808982|A duração das cobranças é de quatro anos e pode ser reeleita indefinidamente.
common_voice_pt_36808990|Eles se sentiram alegres quando o navio chegou no porto.
common_voice_pt_36808991|o desenvolvimento de programas de capacitação
common_voice_pt_36808992|Na realidade, qual é o eixo do Mediterrâneo?
common_voice_pt_36808998|Quais os predadores do reino animal reconhecidos por caçar em grupo e se camuflar?
common_voice_pt_36808999|A amostra de controlo foi tratada como a amostra de teste.
common_voice_pt_36809000|Temo que você esteja bloqueando minha visão.
common_voice_pt_36809001|O aflito era aparente.
common_voice_pt_36809003|Uma mulher asiática competindo nos Jogos Olímpicos de inverno
common_voice_pt_36809004|Não há fronteiras.
common_voice_pt_36809005|Faça algumas verificações de dados duplicadas
common_voice_pt_36809006|O banco pressionou pelo pagamento da dívida.
common_voice_pt_36809007|Pedras preciosas estavam na caixa de metal.
common_voice_pt_36809008|Divisão de poderes entre a soberania federal e a dos estados.
common_voice_pt_36809009|O Facebook também coleta dados sobre não-membros.
common_voice_pt_36809010|Os sábios nos advertem sobre os riscos da alienação
common_voice_pt_36809011|Homens no exército segurando uma arma.
common_voice_pt_36809012|Policiais consideram a máfia responsável pelo massacre.
common_voice_pt_36809013|Eles não parabenizam quem estão vendendo, mas quem os compra.
common_voice_pt_36809014|Eu tenho um sentimento de excitação
common_voice_pt_36809015|jogador de futebol chutando a bola e outro jogador de futebol tentando bloquear
common_voice_pt_36809016|o plural de rato é congresso nacional
common_voice_pt_36809017|Obter o governador no telefone!
common_voice_pt_36809039|Estabelece as condições para a didática correta dos alunos do ensino fundamental.
common_voice_pt_36809040|Os destinos concedidos na resolução final desta chamada serão inalienáveis.
common_voice_pt_36809041|O caminho íngreme é doloroso para os nossos pés.
common_voice_pt_36809043|Gosto de estudar física ao invés de história.
common_voice_pt_36810549|Fornecer um ambiente de incubação de qualidade
common_voice_pt_36810550|As linhas de trem ofereciam um caminho fácil para seguir.
common_voice_pt_36810551|Assim, literatura, negócios, formas de interação social, etc., não podem ser patenteados.
common_voice_pt_36810553|Adicione o macarrão à panela e misture bem, junto com a carne.
common_voice_pt_36810555|A Globo vai transmitir a partida.
common_voice_pt_36810556|Sete selos estavam estampados em grandes lençóis.
common_voice_pt_36810557|Mídia cultural: papéis, vozes e imagens que atingem o público.
common_voice_pt_36810559|Essas frases são pequenos fragmentos de memória, imortalizados, e anônimos.
common_voice_pt_36810560|Disfunções que comprometem a mastigação, a deglutição, a digestão ou a excreção.
common_voice_pt_36810561|Atrasar os tratamentos estraga a qualidade de vida das pessoas.
common_voice_pt_36810563|Os americanos adoram grelhados.
common_voice_pt_36810564|O VirtualBox fornece seu próprio modo sem raiz.
common_voice_pt_36810565|O Paulo não tinha ideia do Snapchat da Francisca
common_voice_pt_36810566|Se fosse no sábado ou feriado, o evento seria realizado no próximo dia útil.
common_voice_pt_36810568|Você só pode estar querendo ser cancelado no Twitter
common_voice_pt_36810570|Rever a instrução e processamento de registros de sancionamento de shows de touradas tradicionais.
common_voice_pt_36810571|Receita adia entrega da declaração de Imposto de Renda
common_voice_pt_36810572|As sucessivas edições do mesmo curso não são suscetíveis de avaliação.
common_voice_pt_36810573|Tudo isso sem prejuízo dos interessados poderá exercer qualquer outra via que considerem adequada.
common_voice_pt_36810574|Sinta uma espécie de força ascendente
common_voice_pt_36810576|Qualquer declaração sobre a insurreição vermelha amanhã?
common_voice_pt_36810578|Vai gravar seus hábitos abertos
common_voice_pt_36810579|O vértice estava fora de alinhamento.
common_voice_pt_36810580|Um mecanismo econômico de expor esses custos é internalizá-los.
common_voice_pt_36810581|Fornecer colocação de emprego de curto prazo
common_voice_pt_36810582|A Terra tem cerca de quatro ponto cinco milhões de anos.
common_voice_pt_36810583|Por que a nudez nos causa tantos pudores?
common_voice_pt_36810584|Se eu for ao rodízio, só saio após levar o dono à falência
common_voice_pt_36810585|Fundamentos cognitivos que apelam à racionalidade
common_voice_pt_36810587|Levante a vela e leve o navio para o norte.
common_voice_pt_36810588|A combinação de trompetes, violinos e bateria é bastante incomum.
common_voice_pt_36810589|A polícia gentilmente nos forneceu uma lista.
common_voice_pt_36810592|Notifique esta resolução à Comissão de Negociação.
common_voice_pt_36810594|Ela tem queimado a vela em ambas as extremidades tentando terminar este papel.
common_voice_pt_36810596|Posição de liderança
common_voice_pt_36810597|Me acorde amanhã às seis horas e trinta e cinco minutos
common_voice_pt_36810598|São questões administrativas.
common_voice_pt_36810599|Um homem em um microfone tocando um piano e teclado.
common_voice_pt_36810600|Confira a previsão do tempo para hoje em São Bernardo do Campo.
common_voice_pt_36810601|Uma panela no fogão em chamas um cozinheiro com uma expressão intensa no rosto
common_voice_pt_36810602|Deserções, Desvios, Confiscos, Expropriações de Armas, Munições e Explosivos
common_voice_pt_36810603|Os tanques estavam cheios.
common_voice_pt_36810604|Na intranet tem mais informações
common_voice_pt_36810605|A aquisição fracassada gerou dúvidas sobre se a liderança da empresa é competente.
common_voice_pt_36810606|O número de incrementos é ilimitado.
common_voice_pt_36810607|Ambos foram informados do seu sucesso em um evento especial.
common_voice_pt_36810608|É conveniente deixar algum dinheiro quando necessário.
common_voice_pt_36810609|Cacau é a matéria-prima do chocolate
common_voice_pt_36810611|As casas são construídas com tijolos de barro vermelho.
common_voice_pt_36810612|Mulheres sendo salpicadas por tinta vermelha
common_voice_pt_36810614|Perigoso significa que garante a execução de leis de degradação aduaneira.
common_voice_pt_36810616|Mesmo assim, é excessivamente simplista dividir os sistemas eleitorais entre proporcional e majoritário.
common_voice_pt_36810617|Empréstimo sob o teto dos outros
common_voice_pt_36810618|No tempo do vintage, todas as cestas são boas.
common_voice_pt_36810619|Lutando contra brinquedos elétricos ilegais
common_voice_pt_36810621|rever desde o início estas teorias, ou rechaçá-las completamente
common_voice_pt_36810622|Eu tenho que encontrar um homem que conheça essa linguagem universal.
common_voice_pt_36810623|Todos os órgãos estão expostos em nossa sala de exposições.
common_voice_pt_36810625|Eles irão incorporar o logotipo específico da Agência de Resíduos da Catalunha.
common_voice_pt_36810626|Colaboradores são incentivados com benefícios
common_voice_pt_36810627|Homem que olha a parte traseira de uma escavadora em um campo do cascalho.
common_voice_pt_36810628|Selecionar local
common_voice_pt_36810629|Que esplendor de rosto e que maturidade tem a composição?
common_voice_pt_36810631|Agir e falar com mais delicadeza e respeito
common_voice_pt_36810633|Fez um vídeo no YouTube
common_voice_pt_36810634|Você precisa pagar antecipadamente?
common_voice_pt_36810636|Se não for possível contratar ninguém, será necessário publicar a oferta de emprego novamente.
common_voice_pt_36810638|Ele não parece um cara que entraria na linha.
common_voice_pt_36810639|Duas mulheres estão escalando rochas perto do oceano.
common_voice_pt_36810640|A operação tem um suprimento de água potável de um poço localizado na fazenda.
common_voice_pt_36810641|Pequeno pardal, alguns espinhos para semear.
common_voice_pt_36810642|Ninguém sabe o que há por trás desse portão.
common_voice_pt_36810643|O ditador era radical em sua ideologia.
common_voice_pt_36810645|Escolhemos uma topologia de toro para nossa rede.
common_voice_pt_36810646|Uma mulher examina um espécime usando um microscópio
common_voice_pt_36810647|Qual língua é falada em Angola?
common_voice_pt_36810648|Eu quero reservar uma pizzaria no Afeganistão.
common_voice_pt_36810649|O esquadrão movimentado foi lentamente até um forno de cal que estava no topo.
common_voice_pt_36810650|Cada conceito tem um link para um artigo que é explicado em mais detalhes.
common_voice_pt_36810651|As entrevistas dos amantes durante a noite foram tempestuosas.
common_voice_pt_36810652|Como fica claro a partir das bases, que podem ser consultadas via web.
common_voice_pt_36810653|Preparar e articular os meios processuais de prova, com investigação prévia dos fatos.
common_voice_pt_36810654|Além de rezar, é necessário trabalhar.
common_voice_pt_36810655|Adicione a música à minha lista de reprodução Calma Abaixo.
common_voice_pt_36810656|Essa música rap com suas batidas eletrônicas altas é chamada de hip-hop.
common_voice_pt_36810657|O cheque será certificado.
common_voice_pt_36810658|Bezerros
common_voice_pt_36810659|Protesto contra isso!
common_voice_pt_36810660|O desempenho do revendedor que resulta na depreciação do domínio público ou das instalações.
common_voice_pt_36810662|Tem extensos regulamentos comunitários.
common_voice_pt_36810663|A Dinamarca é pioneira da energia eólica renovável.
common_voice_pt_36810664|Algumas crianças vestindo coletes salva-vidas e segurando remos estão em uma jangada
common_voice_pt_36810666|O menino alcançou a pequena igreja abandonada quando a noite estava caindo.
common_voice_pt_36810667|E depois de um longo período de ajuste
common_voice_pt_36810668|Adivinha o resultado no primeiro experimento.
common_voice_pt_36810670|Fundo Monetário Internacional
common_voice_pt_36810673|Vantagens competitivas que podem ser usadas para reter e atrair talentos e capital humano.
common_voice_pt_36810674|Queria escrever duzentas frases.
common_voice_pt_36810675|Quais academias de ginástica estão abertas perto da minha residência?
common_voice_pt_36810676|De todas as reuniões realizadas pela Comissão Conjunta, a ata correspondente será levantada.
common_voice_pt_36810677|Ele começou a ler o livro que ele havia comprado.
common_voice_pt_36810678|Houve uma dor aguda na ferida
common_voice_pt_36810679|Depois de visitar o armazém e o canal
common_voice_pt_36810680|Alguém está disponível para ajudar no lugar?
common_voice_pt_36810681|A pesquisa estava em progresso.
common_voice_pt_36810683|As tampas servem aos seus recipientes
common_voice_pt_36810685|Montar uma locomotiva é conveniente e barato
common_voice_pt_36810686|Essa é a conclusão da teoria por mim exposta.
common_voice_pt_36810689|Quanto mais cidades portuárias tivermos, mais teremos que defender e perder.
common_voice_pt_36810690|A lusofonia se espalhou pela América do Sul e África
common_voice_pt_36810691|Eu vi um jovem de pé no cilindro e tentando sair do buraco novamente.
common_voice_pt_36810692|Fornecimento e instalação de um sistema de guia de áudio.
common_voice_pt_36810693|Também conterá as referências à bibliografia utilizada.
common_voice_pt_36810694|Depositamos nossos interesses em nossos corações e seu comportamento afeta nossa existência.
common_voice_pt_36810695|Documentos que certifiquem o treinamento específico necessário, quando apropriado.
common_voice_pt_36810696|Capacidades genéricas que caracterizam o conceito de gerente.
common_voice_pt_36810697|Ele estava em um sanatório no Rio de Janeiro.
common_voice_pt_36810698|A Califórnia é lar de muitas empresas de tecnologia enormes
common_voice_pt_36810699|Abordagens inovadoras são essenciais para melhorar a situação.
common_voice_pt_36810700|O motor do carro se apoderou.
common_voice_pt_36810701|Ele não assumiu a tarefa de regular as coisas secundárias da sociedade.
common_voice_pt_36810702|O Jorilson tem um cartão de crédito do Nubank.
common_voice_pt_36810703|O resultado terá que esperar por vinte minutos.
common_voice_pt_36810704|Eles estão desesperados e farão qualquer coisa por uma xícara de café.
common_voice_pt_36810706|tentativa de suicídio
common_voice_pt_36810707|Poderia ser corrigido
common_voice_pt_36810708|Esvazie-os com cuidado, ajudando com uma faca ou pincel similar.
common_voice_pt_36810709|Senhorio não está disposto a celebrar um contrato escrito
common_voice_pt_36810710|a partir de agora, a venda ao publico está encerrada
common_voice_pt_36810711|A calvície é determinada por fatores genéticos
common_voice_pt_36810712|Eu vi muitos anúncios cobrindo este site.
common_voice_pt_36810713|Apicultores devem migrar de fontes de mel
common_voice_pt_36810714|Planeje a pesca, analisando as variáveis que intervêm e estimando suas necessidades.
common_voice_pt_36810715|É uma das suas maiores dimensões políticas.
common_voice_pt_36810716|A guitarra quebrou e ela não podia mais tocar.
common_voice_pt_36810717|Pegue uma bandeja para esses grandes líderes importantes.
common_voice_pt_36810718|Os tutores da prática darão, no seu caso, a aprovação do relatório.
common_voice_pt_36810719|Carmelita Maria de Freitas Martins
common_voice_pt_36810720|Pode ir para a estação de teleférico
common_voice_pt_36810722|Te encaminhei por e-mail
common_voice_pt_36810723|Não esqueça que existem duas rotas
common_voice_pt_36810729|Enviamos um email para o representante da empresa
common_voice_pt_36810730|Dois homens andam de bicicleta pela rua em um dia ensolarado.
common_voice_pt_36810732|As pessoas estão passeando em um mercado
common_voice_pt_36810733|Use um lápis para escrever o primeiro rascunho.
common_voice_pt_36810735|A atmosfera estava impregnada com o doce aroma de fumaça.
common_voice_pt_36810736|Eu estou procurando um dispensador de água.
common_voice_pt_36810737|Abra um terminal e execute um programa.
common_voice_pt_36810739|Retire a sonda até saber exatamente onde o erro está localizado.
common_voice_pt_36810740|O ano orçamentário coincidirá com o ano civil.
common_voice_pt_36810741|As minas tinham sido administradas pelo conselho da cidade.
common_voice_pt_36810742|Enderece-os em ordem alfabética.
common_voice_pt_36810743|O ato também foi feito em frente à embaixada
common_voice_pt_36810749|Fez um post no Twitter
common_voice_pt_36810750|Emulação de sistema.
common_voice_pt_36810751|Também recomendo vincular os atalhos que permitem abrir rapidamente um favorito.
common_voice_pt_36810752|Este é um problema de percepção da falta de democracia.
common_voice_pt_36810754|Advogado entre advogados, parece um pássaro entre gatos.
common_voice_pt_36810755|Bem, eu sabia o que custam esses produtos de confeitaria rústica.
common_voice_pt_36810756|Vou desenterrar os cinco mil de alguma forma.
common_voice_pt_36810757|As expressões básicas, os músculos que intervêm, as combinações e as possibilidades expressivas.
common_voice_pt_36810758|Em que século o continente europeu foi devastado pela peste bubônica?
common_voice_pt_36810759|Muitas concessões foram feitas!
common_voice_pt_36810762|A Marília não tinha pontos da Azul nem da Gol.
common_voice_pt_36810765|Rede doméstica, casa quieta.
common_voice_pt_36810767|O mandato do presidente será de quatro anos e poderá ser reeleito.
common_voice_pt_36810771|É muito menos sensível a despertares espúrios do que o modo de sono.
common_voice_pt_36810772|Ele teve o perfil hackeado.
common_voice_pt_36810773|Dois artistas de rua estão fazendo truques com fogo
common_voice_pt_36810774|A lista, no entanto, de possíveis relações com o número três não termina aí.
common_voice_pt_36810781|É conveniente manter algum dinheiro.
common_voice_pt_36810782|Esta página foi editada pela última vez.
common_voice_pt_36810783|O degelo chegou cedo e libertou o riacho.
common_voice_pt_36810785|O comerciante foi irresistível quando ele começou a falar sobre seu vizinho.
common_voice_pt_36810786|Colete informações e integre
common_voice_pt_36810787|Há novos shows disponíveis no Netflix este mês?
common_voice_pt_36810788|A população das minas se estende e se torna grande.
common_voice_pt_36810789|O navio desencalhou, mas eu não
common_voice_pt_36810791|Firmando fogo, fogo do inferno.
common_voice_pt_36810792|um trabalhador da construção civil sentado em uma pedra, fazendo uma ligação.
common_voice_pt_36810793|Geralmente inibe e transfere a tomada de decisão para outro comando.
common_voice_pt_36810794|Diga-me os horários dos filmes animados no bairro.
common_voice_pt_36810795|Nomeação de pessoal através do pensamento político
common_voice_pt_36810797|É o chefe das forças aliadas.
common_voice_pt_36810798|Caminhei por cerca de seis minutos
common_voice_pt_36810799|O Ronei tem conta no Bradesco.
common_voice_pt_36810800|Os chineses dizem que levará dez minutos.
common_voice_pt_36810801|Um equestre conduz seu cavalo sobre um portão.
common_voice_pt_36810802|Informação e treinamento são instrumentos básicos desse nível de intervenção.
common_voice_pt_36810803|O País Valenciano é um território relativamente subdesenvolvido que financia outras regiões mais ricas.
common_voice_pt_36810804|Compre este livro
common_voice_pt_36810805|Muitas são justificativas e perspectivas.
common_voice_pt_36810806|Você tem Facebook?
common_voice_pt_36810807|Pagamento e morte sempre podem ser esperados.
common_voice_pt_36810808|Qualquer comportamento que possa infringir os direitos do professor
common_voice_pt_36810809|Dez minutos é como um estrabismo
common_voice_pt_36810810|masturbação, também chamado vulgarmente de punheta ou siririca
common_voice_pt_36810811|O besouro zumbiu no sol quente de junho.
common_voice_pt_36810812|Meu calendário estava cheio naquele mês.
common_voice_pt_36810813|A mussarela é um queijo cremoso que combina bem com tomate e manjericão.
common_voice_pt_36810814|Aqueles também querem ter lábios rosados?
common_voice_pt_36810815|Ela fala cinco idiomas, mas fluentemente.
common_voice_pt_36810816|A plataforma de petróleo afundou no mar.
common_voice_pt_36810817|Usado para coletar opiniões
common_voice_pt_36810818|Atua em um plano tático, dentro das políticas ou objetivos específicos claramente definidos.
common_voice_pt_36810819|Minha avó gosta de passar maquiagem
common_voice_pt_36810821|Reduza a dor da vítima
common_voice_pt_36810822|Condução pouco especializada
common_voice_pt_36810823|A lista era assustadoramente extensa.
common_voice_pt_36810824|É imperativo que haja uma forte vontade política para materializar o projeto.
common_voice_pt_36810825|O embuste não foi identificado até a conclusão da peripécia
common_voice_pt_36810826|Nestes casos, é necessário documentar as partes que devem ser eliminadas.
common_voice_pt_36810828|A instalação de coletores de energia solar só é suportada quando integrada nos edifícios.
common_voice_pt_36810829|Como eles conseguiram improvisar em tão pouco tempo, ela nunca saberá.
common_voice_pt_36810830|A televisão pode torná-lo burro, mas também pode ser uma boa educação.
common_voice_pt_36810831|O que é tornado público em conformidade com o estabelecido nos regulamentos acima mencionados.
common_voice_pt_36810832|Ele era bom em matemática.
common_voice_pt_36810833|Observando a figura solitária da avó
common_voice_pt_36810835|Existe uma fórmula econômica para saber onde está a elasticidade do mercado.
common_voice_pt_36810836|Menção específica das regras dos planos de estudo.
common_voice_pt_36810837|Propor e promover soluções adequadas para corrigir erros.
common_voice_pt_36810838|Um estudante universitário masculino está fazendo molho marinara
common_voice_pt_36810839|O que é o hinduísmo?
common_voice_pt_36810840|Dobramos o suco orgânico de gengibre com a polpa de gengibre cristalizada.
common_voice_pt_36810842|O que acontece com o batimento cardíaco enquanto nos aquecemos?
common_voice_pt_36810845|Equivocadamente comprou um cupom de transferência
common_voice_pt_36810851|Todos eles são gratos pelos serviços prestados.
common_voice_pt_36810852|Ele é um canalha.
common_voice_pt_36810853|Pode ajudar a melhorar o corpo ácido
common_voice_pt_36810854|Em nenhuma circunstância as cópias autenticadas ou fotocópias destes documentos serão válidas.
common_voice_pt_36810871|Favor que o outro projeto também fazia.
common_voice_pt_36810873|Os ciclistas vagam pelo canto dos vendedores.
common_voice_pt_36810874|A obra foi interrompida quatro vezes no último ano
common_voice_pt_36810875|Nunca é tarde para consertar
common_voice_pt_36810876|Calúnia e difamação serão julgadas no foro especializado
common_voice_pt_36810878|O preço usual era dois mil-réis.
common_voice_pt_36810879|Todas as faturas recebidas são creditadas no mês seguinte.
common_voice_pt_36810880|Transforme-se naquela voz, represente a esperança aos povos oprimidos
common_voice_pt_36810886|Para tanto, bastará justificar as despesas gerais decorrentes da contratação de terceiros.
common_voice_pt_36810887|Depende de todos nós, empresários, governadores e sociedade civil.
common_voice_pt_36810888|Centímetros, metros e quilômetros
common_voice_pt_36810889|A apreciação foi razoável na medida do possível
common_voice_pt_36810890|A entrega será realizada nos próximos dias
common_voice_pt_36810896|Esperando por décadas
common_voice_pt_36810897|O deputado atuava em diferentes comissões
common_voice_pt_36810898|Saiba mais sobre este plano de longo prazo
common_voice_pt_36810899|Almoço, janta, lanche e café da manhã, também chamado de pequeno-almoço em Portugal
common_voice_pt_36810900|Eu gosto de como o Atom me permite instalar novos plugins.
common_voice_pt_36810901|Eu sou vegetariana.
common_voice_pt_36810902|Dessas cinco perguntas, uma corresponderá ao programa geral e quatro corresponderão ao assunto específico.
common_voice_pt_36810903|A laje foi escavada em blocos pesados de ardósia.
common_voice_pt_36810904|Quantas casas decimais tem o número pi?
common_voice_pt_36810905|Você já rabisca coisas em um pedaço de papel quando está entediado?
common_voice_pt_36810906|Ainda temos muitos empréstimos para pagar.
common_voice_pt_36810907|Mas nem todos os corpos têm o mesmo nível de autoridade.
common_voice_pt_36810908|Precisamos chegar a tempo para podermos ver o show.
common_voice_pt_36810909|A garota no estande vendeu cinquenta títulos.
common_voice_pt_36810911|Dois ciclistas estão esperando em uma zona de travessia.
common_voice_pt_36810912|Deve olhar para o conceito do círculo da vida capital
common_voice_pt_36810913|Você está exigindo seus direitos.
common_voice_pt_36810914|Um ingresso para ver Harry Potter, por favor.
common_voice_pt_36810915|Sua proposta abarca a Classe Média e os miseráveis?
common_voice_pt_36810916|Os artistas folclóricos dos pobres estudam para o dinheiro dos ônibus.
common_voice_pt_36810917|Malhar no ferro enquanto está quente.
common_voice_pt_36810920|Um músico vestido de preto toca sua trombeta diretamente no microfone.
common_voice_pt_36810921|Desenvolvimento da Rede de Tecnologia Educacional.
common_voice_pt_36810922|O mais bem preservado é aquele localizado à esquerda da cena.
common_voice_pt_36810923|A raiz de todo mal está no egoísmo
common_voice_pt_36810924|Certamente, segundo a tarifa especial.
common_voice_pt_36810925|Desde esse incidente
common_voice_pt_36810926|Um edifício bem projetado não deve ter esses problemas.
common_voice_pt_36810927|Esta Comissão pode ser assistida por um jornalista recrutado para o efeito.
common_voice_pt_36810928|Amarrado como um elástico
common_voice_pt_36810931|Aos sábados geralmente há festas na minha cidade.
common_voice_pt_36810932|Dados são o novo petróleo
common_voice_pt_36810933|Fábio vendeu seu iPhone e comprou um Galaxy.
common_voice_pt_36810934|Estamos diante de uma mudança estrutural e não vamos esperar mais
common_voice_pt_36810935|A ciência tem discutido sobre a classificação zoológica da espécie há décadas.
common_voice_pt_36810936|Transferência bancária identificando o destinatário, o valor e a data.
common_voice_pt_36810937|Pessoas que circulam depois de um show
common_voice_pt_36810938|Eu trabalho em uma fábrica.
common_voice_pt_36810939|Fomos ao shopping ontem.
common_voice_pt_36810940|Então é isso que ela precisa fazer para continuar trabalhando.
common_voice_pt_36810941|Incerto esperando para pagar
common_voice_pt_36810942|Primeiro, segundo, terceiro, quarto, quinto e sexto
common_voice_pt_36810943|O teatro está fechado para reformas, mas reabrirá em vinte e dezenove.
common_voice_pt_36810944|Custa trinta libras.
common_voice_pt_36810945|Foi alinhado perfeitamente.
common_voice_pt_36810946|Porões: são permitidos sem limitação e podem ocupar o terreno.
common_voice_pt_36810947|Derrame os fluxos de náusea de líquidos e alimentos mastigáveis.
common_voice_pt_36810948|De forma um pouco abusiva, mas sem dúvida com efetividade social
common_voice_pt_36810949|Você aparece silenciosamente inadvertidamente
common_voice_pt_36810950|Assentamentos israelenses na região da Palestina
common_voice_pt_36810951|Faça uma busca no Google por gatos brancos.
common_voice_pt_36810952|Ela acusou um ex-condenado por perseguição e agressão sexual.
common_voice_pt_36810954|Uma vez pendurada
common_voice_pt_36810956|Cada fabricante pode escolher quais banners representam e quais não.
common_voice_pt_36810957|Influenciadores digitais têm alguma utilidade?
common_voice_pt_36810958|O arquivo foi encriptado
common_voice_pt_36810959|Quem quer que se sinta mal não vai contratar um semeador.
common_voice_pt_36810960|Uma mulher com um capacete vermelho está pulando.
common_voice_pt_36810962|Eles são ferramentas de mudança de identidade.
common_voice_pt_36810963|Pior a emenda que o soneto.
common_voice_pt_36810965|Envio de convites: para um mínimo de três pessoas de negócios, sempre que possível.
common_voice_pt_36810966|A nota era alta.
common_voice_pt_36810967|Emma bateu as unhas no celular.
common_voice_pt_36810969|Um lutador masculino americano fixando seu oponente.
common_voice_pt_36810970|Eu costumava dizer a ele que aquilo não passava de um sonho bêbado.
common_voice_pt_36810971|A maioria dos estágios nos anos anteriores
common_voice_pt_36810972|Um homem de cabelos grisalhos está sentado do lado de fora falando ao telefone.
common_voice_pt_36810973|Sem solidariedade não somos nada.
common_voice_pt_36810974|Estas taxas serão uniformes em todo o âmbito territorial do Consórcio.
common_voice_pt_36810975|Função: permite pressionar o acelerador com o pé esquerdo.
common_voice_pt_36810976|Estou na farmácia.
common_voice_pt_36810977|Quais são as manchetes de hoje?
common_voice_pt_36810978|Ele não precisa entender como a transformação é calculada.
common_voice_pt_36810979|Explique a importância da ancoragem
common_voice_pt_36810982|Uma aluna está estudando em uma biblioteca.
common_voice_pt_36810983|Um mergulhador de águas profundas está em pleno equipamento estudando uma tartaruga marinha.
common_voice_pt_36810984|Promover várias medidas de bem-estar
common_voice_pt_36810985|Algumas pessoas estão examinando vinhos em uma mesa.
common_voice_pt_36810986|Esta é uma vida que está sendo arbitrariamente
common_voice_pt_36810987|Continue a inventariar edifícios perigosos
common_voice_pt_36810988|Vamos usar o Anaconda para este projeto.
common_voice_pt_36810989|A majestade da montanha e a textura da formação rochosa
common_voice_pt_36810991|Isso não é democracia
common_voice_pt_36810992|Consultar calendário para esta final de semana.
common_voice_pt_36810993|Existem, de fato, duas classes de disciplina que não devem ser confundidas.
common_voice_pt_36810994|Alguns homens estão em frente a uma fileira de bandeiras.
common_voice_pt_36810995|Se não houver acordo, pode ser tributado judicialmente.
common_voice_pt_36810996|Ele comprou um fuzil.
common_voice_pt_36810997|Manhã participando da conferência de imprensa do projeto
common_voice_pt_36810998|Palácio do Catetinho
common_voice_pt_36810999|O baralho cigano serve como oráculo
common_voice_pt_36811000|O vídeo foi tirado do YouTube
common_voice_pt_36811001|A manifestação contou com apoio dos professores
common_voice_pt_36811002|As mulheres se revezaram construindo uma pilha alta e estável de pedras.
common_voice_pt_36811003|Esta não é sua caixa de correio.
common_voice_pt_36811004|Não vai te machucar e podemos fazer a edição da cidade.
common_voice_pt_36811005|O sangue dos mortos, a voz chorosa da natureza chama: é hora de partir.
common_voice_pt_36811006|A grade horária foi mantida
common_voice_pt_36811011|Lembre-se do tamanho do tanque de gasolina.
common_voice_pt_36811012|Acabei de encontrar uma loja com um assento.
common_voice_pt_36811013|Eles se conheceram através de mensagens de vídeo on-line.
common_voice_pt_36811016|Siga as indicações para o centro da cidade.
common_voice_pt_36811017|Garcia, defronte, conseguia dominar a repugnância do espetáculo para fixar a cara do homem.
common_voice_pt_36811018|Em qualquer caso, a Junta na Assembléia, por unanimidade, pode determinar outro critério.
common_voice_pt_36811020|Esta caravana tem um gerador de corrente incorporado para alimentar os frigoríficos.
common_voice_pt_36811021|Isso nos ajuda a homogeneizar as traduções entre os projetos.
common_voice_pt_36811023|A transferência exigiu duas horas e dezenove minutos e dez segundos para concluir.
common_voice_pt_36811024|Ligar o ar condicionado leva a um aumento do consumo de combustível.
common_voice_pt_36811025|Foi escondido de vista por uma massa de folhas e arbustos.
common_voice_pt_36811026|Agora temos uma nova ideia para envio.
common_voice_pt_36811027|As regras de correio podem ser usadas para mover, encaminhar ou excluir novas mensagens.
common_voice_pt_36811028|Em outras palavras, as autoridades públicas devem adotar uma atitude proativa em transparência.
common_voice_pt_36811029|Demanda por todas as etapas das pessoas ou negócios
common_voice_pt_36811030|Eu estou atualmente desempregado.
common_voice_pt_36811032|A ética no serviço público é fundamental
common_voice_pt_36811033|Mas recebi um telefonema do meu pai.
common_voice_pt_36811035|Garantir a justiça de residência
common_voice_pt_36811036|O corpo é puxado pelo cinto de segurança
common_voice_pt_36811039|Um bom exemplo de dinossauro é o Pterodáctilo.
common_voice_pt_36811040|Os agentes isolaram o local até a chegada dos peritos
common_voice_pt_36811041|O proprietário ou detentor da clínica enfrentará as despesas da administração.
common_voice_pt_36811042|Mostre-me os horários dos filmes
common_voice_pt_36811044|É uma obrigação para um negócio.
common_voice_pt_36811045|O rabino estava presente na sinagoga
common_voice_pt_36811046|Ele comprou uma Ferrari.
common_voice_pt_36811047|Era uma emoção tão grande que suas veias estavam cheias de adrenalina.
common_voice_pt_36811048|Enquanto ajuda a comprar e vender na loja
common_voice_pt_36811050|Poder corrompe
common_voice_pt_36811052|Passou este passe
common_voice_pt_36811053|A polícia estará em contato físico direto com as massas
common_voice_pt_36811054|Tudo o que temos é passageiro
common_voice_pt_36811055|Nenhum cimento vai segurar madeira dura.
common_voice_pt_36811056|O dragão soprou um jato de fogo de nove metros de comprimento.
common_voice_pt_36811057|Noto à margem do que li
common_voice_pt_36811058|Dê a esta série atual uma classificação de um.
common_voice_pt_36811060|O xerife do condado, um funcionário da justiça, executa a sentença.
common_voice_pt_36811061|Foi uma espécie de fascínio que paralisou minhas ações.
common_voice_pt_36811062|Roxo, lilás, rosa, amarelo, verde, marrom e azul
common_voice_pt_36811063|O fogo queimou quarenta por cento da mata nativa
common_voice_pt_36811064|As conclusões que tiramos são, portanto, absolutamente previsíveis do que dissemos até agora.
common_voice_pt_36811066|Adicione o artista à lista de reprodução de explosões nucleares.
common_voice_pt_36811068|Sua proposta é conectar nossos cérebros aos smartphones
common_voice_pt_36811069|Suspeita de infecção urinária
common_voice_pt_36811070|Aqui nossos cordeirinhos nascerão.
common_voice_pt_36811073|Ele precisava de uma bebida.
common_voice_pt_36811074|Chuva no final de setembro, em outubro de plantio de cogumelos.
common_voice_pt_36811077|do impacto financeiro de decisões tomadas na esfera de gestão de pessoal.
common_voice_pt_36811078|Faça uma redação sobre Ciência Política amanhã.
common_voice_pt_36811080|Palhaços misteriosos foram colocados no labirinto.
common_voice_pt_36811082|O natal é a festa mais esperada pelos comerciantes
common_voice_pt_36811083|As equipes de localização correspondentes já enfileiraram a agulha.
common_voice_pt_36811084|Por isso, simplesmente estruturo minha lista em torno de minhas motivações e situações.
common_voice_pt_36811085|Um cometa veio a poucos quilômetros da Terra, quase obliterou a lua.
common_voice_pt_36811086|Tem uma tendência patriarcal séria
common_voice_pt_36811087|repositórios, que contêm dados, objetivando o armazenamento, a disponibilização
common_voice_pt_36811088|Aplique anualmente de acordo com os regulamentos
common_voice_pt_36811094|Limpar o auditório do rescaldo de um concerto.
common_voice_pt_36811097|A apólice de seguro irá expirar em vinte e vinte.
common_voice_pt_36811098|Faça um voto direto no momento
common_voice_pt_36811099|Isso ocorreu em mil novecentos e sessenta e dois
common_voice_pt_36811100|A comissão discutiu o parecer
common_voice_pt_36811102|Podemos fechar o sistema de aquecimento?
common_voice_pt_36811103|Você pode arquivar esses arquivos? por favor?
common_voice_pt_36811104|A nova loja vai começar a construção.
common_voice_pt_36811106|A loja é exatamente do tamanho que eu sempre quis que fosse.
common_voice_pt_36811107|Será uma reunião social entre cônjuges
common_voice_pt_36811109|Eu trabalho para uma empresa de alimentos.
common_voice_pt_36811110|Homem que usa o machado para derrubar uma estrutura.
common_voice_pt_36811111|Ignore como eles chegaram aqui e que milagre eles fazem quando a primavera começa.
common_voice_pt_36811112|Marketing na Internet e big data
common_voice_pt_36811113|Um desfile descendo a rua.
common_voice_pt_36811119|Todo mês tem um progresso diário
common_voice_pt_36811120|Mas vai demorar menos de dez horas.
common_voice_pt_36811121|Pesquise por veículos baratos.
common_voice_pt_36811123|Será necessário contribuir junto com a relação, os certificados emitidos pela Administração correspondente.
common_voice_pt_36811124|O antigo pátio tinha um cheiro de mofo.
common_voice_pt_36811125|O montante do auxílio será de trezentos euros por ano.
common_voice_pt_36811126|Tornar projetos de longo prazo sustentáveis
common_voice_pt_36811129|Um grupo de pessoas protestando em uma cidade.
common_voice_pt_36811130|Cada uma das seções de seus sete movimentos conclui com um coral homofônico.
common_voice_pt_36811132|Beber e dirigir são ações irresponsáveis.
common_voice_pt_36811133|Unidade que processa arquivo: secretária.
common_voice_pt_36811134|O chefe não foi informado desse projeto
common_voice_pt_36811135|Em segundo lugar, um estudo estratégico das empresas deve ser realizado.
common_voice_pt_36811137|As condições acordadas neste acordo formam um todo indivisível.
common_voice_pt_36811139|João tinha internet da Oi, mas queria mudar pra Claro ou pra Vivo.
common_voice_pt_36811140|Qual é o sumário?
common_voice_pt_36811141|Reserve.
common_voice_pt_36811142|Fortalecer a participação cidadã
common_voice_pt_36811143|O evento não deveria ser considerado uma brincadeira.
common_voice_pt_36811144|Ele também permite que você instale gerentes para conteúdo específico quando necessário.
common_voice_pt_36811145|As árvores balançavam uniformemente na brisa.
common_voice_pt_36811147|Eles estavam em frente ao apartamento de um notário.
common_voice_pt_36811148|Os bandidos duram mais que a traça.
common_voice_pt_36811149|Outras modificações profundas no motor afetam a geração de alternativas e serão descritas posteriormente.
common_voice_pt_36811150|O mensageiro traz boas novas
common_voice_pt_36811151|Nenhum mérito que não esteja devidamente credenciado será registrado.
common_voice_pt_36811152|O espaço rapidamente se encheu de pessoas.
common_voice_pt_36811153|Portador da mensagem divina nesta cena, o anjo canta um assunto manifestamente significativo.
common_voice_pt_36811155|Fins de semana são sempre divertidos.
common_voice_pt_36811156|Eu tenho indigestão.
common_voice_pt_36811157|Será definitivamente resolvido através de procedimentos legais
common_voice_pt_36811158|Mude a posição do mouse.
common_voice_pt_36811160|E isso é basicamente porque a pesquisa terminológica é baseada em um procedimento onomasiológico.
common_voice_pt_36811161|As funções de conselho, supervisão e correção que os Estatutos reservam à sua autoridade.
common_voice_pt_36811162|O engate entre o cavalo e o carro quebrou.
common_voice_pt_36811163|O selvagem é abandonado a si mesmo assim que puder agir.
common_voice_pt_36811164|Existe alguma previsão de aumento do salário mínimo diante dessa inflação galopante?
common_voice_pt_36811165|A casa de três andares foi construída em pedra.
common_voice_pt_36811166|É o perfil longitudinal no eixo das vias públicas.
common_voice_pt_36811167|sou livre com um esplendor alado cuja vibração me estremece no corpo todo.
common_voice_pt_36811168|O dentista estava reclamando da minha higiene bucal medíocre.
common_voice_pt_36811169|A intolerância deve ser combatida em todas as suas formas
common_voice_pt_36811170|Uma senhora falando em um megafone.
common_voice_pt_36811171|Finalmente, as bancadas são selecionadas, classificadas, embaladas e paletizadas.
common_voice_pt_36811172|Especificação das aplicações que o trabalho possui no sistema educacional.
common_voice_pt_36811173|Os retângulos têm quatro linhas.
common_voice_pt_36811177|Que, de maneira espiritual e científica, eu também sabia sobre essas questões.
common_voice_pt_36811179|Promover a recuperação e reconstrução na área do desastre
common_voice_pt_36811180|Os catalisadores possibilitam reações químicas em baixas temperaturas.
common_voice_pt_36811181|Executa o processamento da tela, reconhecendo as características técnicas dos elementos.
common_voice_pt_36811182|É uma circunstância agravante que causa perturbações ou desordem pública.
common_voice_pt_36811183|Isso gerou desmotivação para o trabalho agrícola.
common_voice_pt_36811184|Ele esqueceu a senha do banco.
common_voice_pt_36811185|Desde o ano passado a startup fez algumas ações mais pontuais
common_voice_pt_36811186|Pode também incluir perícia e liderança em processos de mudança organizacional e sucessão familiar.
common_voice_pt_36811187|Proteínas têm muitas funções no corpo humano.
common_voice_pt_36811190|Existe uma história de doença cardíaca na sua família?
common_voice_pt_36811192|Salvamento espetacular em meio à enchente
common_voice_pt_36811193|Os cidadãos das áreas afetadas pelo tufão são aconselhados a deixar suas casas imediatamente.
common_voice_pt_36811195|Me mostre vídeoaulas de raciocínio lógico
common_voice_pt_36811196|No segundo caso, para incentivar a população a usar valenciano em sua comunicação escrita.
common_voice_pt_36811197|Quando o nosso avião decola novamente?
common_voice_pt_36811200|Os fornecedores serão incluídos quando fizerem uma missão complementar.
common_voice_pt_36811201|Se as cópias fornecidas não corresponderem, elas não serão consideradas.
common_voice_pt_36811202|Os insurgentes reuniram gravetos e madeira.
common_voice_pt_36811206|Uma cadeia de montanhas com cristas irregulares como os dentes de uma serra
common_voice_pt_36811207|Este grau qualifica para o exercício da profissão regulamentada de fisioterapeuta.
common_voice_pt_36811209|Reconhecimento de voz.
common_voice_pt_36811210|Eu não quero assinar nenhum autógrafo.
common_voice_pt_36811211|Informar e derivar as ações decorrentes dos contratos assinados nas reuniões.
common_voice_pt_36811212|Se um regulamento de ordem pública é necessário, o município deve executá-lo.
common_voice_pt_36811214|A cera de parafina é um ingrediente importante de uma vela.
common_voice_pt_36813594|Um desafio é lançado aos pesquisadores da extensão.
common_voice_pt_36813595|Produtos produzidos pela empresa
common_voice_pt_36813596|Treze totens foram espalhados por esta ilha.
common_voice_pt_36813597|Este lugar provisório pode ser alterado quando devido a razões administrativas.
common_voice_pt_36813598|Português, matemática, história, biologia e redação
common_voice_pt_36813604|Quanto custará a propina?
common_voice_pt_36813605|Compra de bilhetes que não são garantidos pela fatura correspondente não serão aceitos.
common_voice_pt_36813606|Paulo tinha um cartão Visa e um Mastercard.
common_voice_pt_36813607|Feche a aba antes das ondas pegarem.
common_voice_pt_36813608|Esse recital fez meu cérebro implodir.
common_voice_pt_36813614|Esta seria uma visão muito estreita.
common_voice_pt_36813615|onde a areia era mais substancial.
common_voice_pt_36813616|É necessário monitorar muito, porque há um risco de deslizamentos de terra.
common_voice_pt_36813617|A expectativa foi grande devido ao atraso, especialmente porque foi a primeira vez.
common_voice_pt_36813618|Pedido inicial para certificado de trabalho
common_voice_pt_36813625|muitas pessoas tirando fotos das montanhas na frente de um sinal de nenhum caminhão
common_voice_pt_36813626|Confrontada com uma escolha entre cappuccino e café expresso, ela optou por um americano.
common_voice_pt_36813629|Cuide de pessoas relativamente acessíveis
common_voice_pt_36813633|O registro no serviço é opcional, sendo aberto para o público em geral.
common_voice_pt_36813636|O futebol é frequentemente confundido com o rugby.
common_voice_pt_36813638|Também trabalhe com você para trabalhar horas extras.
common_voice_pt_36813639|A estratégia é colocar mais pressão sobre os congressistas
common_voice_pt_36813642|as primeiras gravações eram feitas em discos
common_voice_pt_36813644|Cinco adultos de terno e vestido tiram uma soneca em um pedaço de grama.
common_voice_pt_36813647|A rejeição do presidente subiu a níveis estratosféricos
common_voice_pt_36813656|Leite desnatado geralmente é mais saudável
common_voice_pt_36813658|Mariana tentou passar no vestibular.
common_voice_pt_36813660|Nova Castilho
common_voice_pt_36813667|Mantém conversas em inglês, simples e rotineiras no setor, interpretando as informações iniciais.
common_voice_pt_36813669|Um mecânico de macacão azul trabalha em um ônibus.
common_voice_pt_36813670|Nikola Tesla nasceu no Império Austríaco e foi inventor e físico
common_voice_pt_36813681|No âmbito da competência
common_voice_pt_36813683|Um homem verifica o pneu traseiro de uma bicicleta que é embalada com engrenagem.
common_voice_pt_36813700|A taxa de liquidação de cada membro do consórcio será igualmente entre todos eles.
common_voice_pt_36813703|Protetor labial pode ser uma opção para dias muito gelados
common_voice_pt_36813704|As contribuições estenderam e embelezaram o texto latino, mas modificaram-no consideravelmente.
common_voice_pt_36813705|De tudo isso, informará o Secretário de Estado do Turismo e Comércio Interno.
common_voice_pt_36813711|Era nosso agregado desde muitos anos
common_voice_pt_36813712|Linguajar inapropriado para menores
common_voice_pt_36813713|Os fazendeiros se entreolharam e ficaram em silêncio.
common_voice_pt_36813714|Deixe o parlamento rever o orçamento
common_voice_pt_36813715|Pelo menos há aquecimento no carro
common_voice_pt_36819839|Ajudaria o leitor a entender melhor o seu método.
common_voice_pt_36819840|Ela deu a cada um deles metade para fazê-los trabalhar juntos.
common_voice_pt_36819841|Os árbitros notificarão as partes da sentença por meio do Secretário do Tribunal.
common_voice_pt_36819842|Além disso, afirma que a maioria das populações pode ser considerada ecologicamente extinta.
common_voice_pt_36819843|Isso lhe dá comandos para começar e uma boa estrutura para repetir comandos rapidamente.
common_voice_pt_36827955|Ele permite que os usuários se comuniquem com os editores de maneira absolutamente confidencial.
common_voice_pt_36827956|Comprar entradas para o espetáculo de teatro de terça-feira
common_voice_pt_36827958|Atribulações modernizantes do nosso século
common_voice_pt_36827959|O banco vai reabrir na próxima semana.
common_voice_pt_36827961|Caderno, mochila, cola, compasso, tesoura e grafite
common_voice_pt_36827962|Se você não assinar a autorização, precisará fornecer a documentação mencionada acima.
common_voice_pt_36827963|Consiste em espaços abertos sem distribuição interna.
common_voice_pt_36827964|Atualmente, tem quase quatro mil assinantes em seu boletim mensal.
common_voice_pt_36827966|Programa de intercâmbio internacional para o mercado internacional
common_voice_pt_36827967|Não aceite críticas construtivas de quem nunca construiu nada
common_voice_pt_36827970|Partição é tão doce e armagurado
common_voice_pt_36827971|Após esse período, você tem mais vinte dias corridos para concluir o procedimento correspondente.
common_voice_pt_36827972|Comentários de Marx a “Estatismo e Anarquia” de Bakunin
common_voice_pt_36827973|Um processo dinâmico que é necessário atualizar periodicamente.
common_voice_pt_36827974|Assim, para esta sentença, pronunciamos, mandamos e assinamos.
common_voice_pt_36827976|Elas sofrerão de cólera se permitirem se infectar
common_voice_pt_36827978|A espaçonave tem condições de sobrevoar
common_voice_pt_36829345|Somos muito vulneráveis
common_voice_pt_36829347|Mãe e filha jogando um jogo de tabuleiro
common_voice_pt_36829348|Assume o controle das medidas preventivas e acessórias dos procedimentos sancionatórios.
common_voice_pt_36829350|A corrida terminou em apenas trinta e nove minutos, superando todas as expectativas.
common_voice_pt_36829352|Eles colocaram os símbolos da peregrinação nas portas de suas casas.
common_voice_pt_36829353|A América Latina precisa enfrentar seus problemas de maneira coordenada
common_voice_pt_36829354|Baixar o conteúdo da matéria e transmitir no Podcast
common_voice_pt_36829357|A penalidade se tornará firme no dia seguinte à notificação.
common_voice_pt_36829358|Existem sites de pesquisa que não coletam e nem compartilham seus dados privados
common_voice_pt_36829359|Seja da citação.
common_voice_pt_36829360|Métodos de gerenciamento de organização e operação
common_voice_pt_36829361|Depois que a locomotiva mudou a bateria
common_voice_pt_36829364|Esses impactos serão basicamente o movimento de terras e rochas da encosta.
common_voice_pt_36829365|Astrofísica faz alerta sobre buraco negro
common_voice_pt_36829366|O Ministério da Economia Sustentável está plenamente ciente da relevância dos clusters.
common_voice_pt_36829367|A brisa parecia branca e solitária.
common_voice_pt_36829368|Isso se tornou um culto na Romênia.
common_voice_pt_36837467|Seja qual for o caso, eu teria evitado qualquer referência explícita além daquelas mencionadas.
common_voice_pt_36837468|O equipamento de ginástica é bastante completo.
common_voice_pt_36837471|Ambas as experiências reais e eventos imaginários podem ser narrados.
common_voice_pt_36862505|linkers, depuradores, integrado, depuração, digitar, digitação, digitado, digitalizado, digitalização
common_voice_pt_36862508|tempestivamente
common_voice_pt_36862509|ornamentais, hematite, metalurgia, cobre, ligas, fusão, dureza, flexibilidade
common_voice_pt_36862511|coca, pó, neve, branco, caspa do diabo, sopro, speedball
common_voice_pt_36862512|gerenciador de janelas
common_voice_pt_36862513|Companhia de Edição, Impressão e Publicação de Alagoas
common_voice_pt_36862515|bureta, trompa, cadinho, porcelana, cápsula, almofariz, pistilo, pilão, centrífuga
common_voice_pt_36862523|tributo, previdência, movimentação financeira
common_voice_pt_36862525|carga elétrica, corrente elétrica, tensão elétrica, resistência elétrica
common_voice_pt_36862526|Navegação aérea
common_voice_pt_36862527|usina hidrelétrica, ventilação
common_voice_pt_36862528|faculdades
common_voice_pt_36862529|fundamentada
common_voice_pt_36862530|individualizada
common_voice_pt_36862531|Termobahia
common_voice_pt_36862532|dativo
common_voice_pt_36862540|exação, outorga, expulsão, extradição
common_voice_pt_36862541|flexão, tensor, viscoelasticidade, fluência, fadiga, mecânica da fratura, momento fletor
common_voice_pt_36862542|à ordem do juízo será corrigida monetariamente
common_voice_pt_36862543|terras aráveis, regenera, dissociação, populacional, postula, degradação, ferrugem do caule
common_voice_pt_36862567|instrução-máquina, microcontroladores, mnemônicos, mnemônicas
common_voice_pt_36862569|gânglios simpáticos, parassimpáticos, salivação, brônquios, vesícula biliar
common_voice_pt_36862579|o presidente e o vice-presidente da República
common_voice_pt_36862581|apreciará
common_voice_pt_36862582|conjugadas, diluição, abatimento, subníveis, blocos, encerramento, abatido, galerias
common_voice_pt_36862584|identificação
common_voice_pt_36862585|prévia
common_voice_pt_36862586|refrigeração, dilatação, equipartição, calórica
common_voice_pt_36862587|sanções processuais
common_voice_pt_36862588|corrente
common_voice_pt_36862595|metanol, ácido fórmigo, fígado, moléculas, enzimas, hepáticas, radioativas, radiação
common_voice_pt_36862596|deferência
common_voice_pt_36862597|metralha, ajeita, bonde, caveira, norte-nordeste, guardiões, katiara, okaida, bota preta, cerol fino
common_voice_pt_36862599|controvertida
common_voice_pt_36862600|requisitar
common_voice_pt_36862601|currículo
common_voice_pt_36862602|relativos
common_voice_pt_36862603|financiamento, mariposa cigana, parasitoides, vespas, conservação
common_voice_pt_36862608|débito
common_voice_pt_36862610|formalizando
common_voice_pt_36862611|insolvência
common_voice_pt_36862612|tributos, impostos, taxas, contribuições
common_voice_pt_36862614|concessionárias
common_voice_pt_36862615|ultrassonografia transcraniana
common_voice_pt_36862616|cuja repetição for necessária ficarão a cargo da parte, do auxiliar da justiça
common_voice_pt_36862617|detentor
common_voice_pt_36862618|turmalina, ametista, túneis, pluviais, fluviais, catas
common_voice_pt_36862625|contrapartida
common_voice_pt_36862627|Confluência, bolivariana
common_voice_pt_36862628|logaritmo, decimal, neperiano, longitude, meridianos, perpendiculares, losango, geométrico, equidistantes, circunferência
common_voice_pt_36862630|Equações, incógnita, refletida, espelho, regressão linear, poliedro convexo, vértices, arestas
common_voice_pt_36862632|lanchas, motos, jet-skis, pedestres e banhistas
common_voice_pt_36862633|colaboradora, experimental, estágio, autoral, firebird
common_voice_pt_36862634|cindida
common_voice_pt_36862635|desfavorável
common_voice_pt_36862636|ingerido, via oral, sintetizado
common_voice_pt_36862642|fungos, jurema, psilocybe, psicotrópico, alucinações
common_voice_pt_36862643|secreção
common_voice_pt_36862644|biocarvão, grama, feno, petroquímicos, lubrificantes, nitrogenados, comercialização, plástica
common_voice_pt_36862646|influir
common_voice_pt_36862652|extinguindo-se
common_voice_pt_36862655|Avaré, Playboy, assassinato, juiz-corregedor, desmoralizar, regime disciplinar diferenciado, celas
common_voice_pt_36862656|hidrológico
common_voice_pt_36862663|arrestados
common_voice_pt_36862667|vulnerabilidade
common_voice_pt_36862669|Refinaria de Manaus
common_voice_pt_36862670|informalidade
common_voice_pt_36862678|preventiva, computado, posteriormente, assegurar, temporária, cautelar, ocorrência
common_voice_pt_36862681|inalado, ingerido ou injetado
common_voice_pt_36862688|apartear
common_voice_pt_36862689|dispor
common_voice_pt_36862690|mialgia, miocardite, miocárdio, protozoários, fungos, autoimunes, miocárdio
common_voice_pt_36862691|plataforma
common_voice_pt_36862700|vórtice, flui, denso, densa, horário, anti-horário, profundores, densidades, empenagem
common_voice_pt_36862702|metílico, pseudocolinesterase, norcocaína, hidroxicocaína, hepáticas
common_voice_pt_36862706|imiscível, incolor, inodora, insípida, insolúvel, isóbaro, isótono, isótopos
common_voice_pt_36862707|antídoto, astrobiologia, carniceiros, saprófitos, biogeografia
common_voice_pt_36862713|improcedência
common_voice_pt_36862715|viabilizar
common_voice_pt_36862720|Conselho Seccional da Ordem dos Advogados do Brasil
common_voice_pt_36862722|indólicos, feniletilaminas, anticolinérgicos
common_voice_pt_36862723|santo daime, união do vegetal, seitas, hematoencefálica, neuroquímica
common_voice_pt_36862725|coeficiente, colinear, subconjuntos, decágono, decâmetro, decênio, decigrama, decímetro, décimo
common_voice_pt_36862726|mitigação do rastreamento
common_voice_pt_36862727|rugosidade, evaporação, camada compactada, equinos, bovinos, humidade, micro-fauna, decomposição
common_voice_pt_36862728|instauração
common_voice_pt_36862734|admissão
common_voice_pt_36862735|limitante, notações, analítica, referenciada, estimativas, implícita, nulos, nulas, matematicamente
common_voice_pt_36862736|movimentação, suprimento, gestão, fluxo, acabados
common_voice_pt_36862738|autêntica
common_voice_pt_36862739|concretização, abstrata, incriminadora, violar, juridicamente, devedor, executivo exigibilidade
common_voice_pt_36862741|agitador, analítica, bastão, pompete, microscópio, bico, amianto, rede, tela, tripé, garras, argolas
common_voice_pt_36862742|ópio
common_voice_pt_36862743|notários
common_voice_pt_36862751|inversamente, equivale, predição, previsões, tremores, previsão, prisma, poliedro, políginos, paralelogramos
common_voice_pt_36862753|alistados, jurados, sorteados, idoneidade, constitucionalmente, assegurados, plenitude, votações, veredictos
common_voice_pt_36862759|Gestão de Recursos Distribuidora de Títulos e Valores Mobiliários
common_voice_pt_36862760|esbulho
common_voice_pt_36862761|remanufaturado, atacado, varejo, cooperativismo, correios, aquaviário, resíduo sólido, esgoto
common_voice_pt_36862762|boca de asfalto, arpão, babila, baga, mocosar, mocós
common_voice_pt_36862763|gratificação
common_voice_pt_36862764|O ônus da prova incumbe
common_voice_pt_36862765|réus
common_voice_pt_36862767|secções cônicas, curvas, interseccionando, elipse, parábola, hipérbole
common_voice_pt_36862768|empilhadas, paletes, empilhadeira
common_voice_pt_36862770|downloads
common_voice_pt_36862772|pentagrama, pentaminó, congruentes adjacentes, perímetro, contorno, circunferência, raio, calculado
common_voice_pt_36862779|denunciado
common_voice_pt_36862783|rescisão
common_voice_pt_36862785|Centrais Elétricas de Rondônia
common_voice_pt_36862786|habilitados
common_voice_pt_36862787|sociedade de advogados
common_voice_pt_36862788|retido, ajuizar, soltura, anistia
common_voice_pt_36862789|periodicidade
common_voice_pt_36862801|Companhia de Desenvolvimento do Complexo Industrial e Portuário do Pecém
common_voice_pt_36862802|inventariante
common_voice_pt_36862803|javascript
common_voice_pt_36862804|Laboratório Industrial Farmacêutico de Alagoas
common_voice_pt_36862805|subdiretório, lista hierárquica, diretório-raiz
common_voice_pt_36862806|entrância, hierarquia, áreas, forense
common_voice_pt_36862807|morfina, codeína, aspirina, ibuprofeno, inflamação, enzima
common_voice_pt_36862810|bunfa, bute, cabresteiro, cabrito, cachorrinho, cadeiero, cafuá, caguêta
common_voice_pt_36862811|logarítmica, Ambev
common_voice_pt_36862812|temporária
common_voice_pt_36862813|heptassílabo, hexaedro, prisma retangular, cubo, hexágono, polígino, hexagrama, equiláteros, Salomão
common_voice_pt_36862820|retirada
common_voice_pt_36862822|inventariado
common_voice_pt_36862823|excessivamente difícil
common_voice_pt_36862824|corpus juris civilis
common_voice_pt_36862829|seguintes percentuais
common_voice_pt_36862830|peróxido, metaloproteínas, oxidases, oxigenases, ferro-enxofre
common_voice_pt_36862831|exação, arrecadação, cobrança, fisco, encargo
common_voice_pt_36862832|estável
common_voice_pt_36862833|frustrada
common_voice_pt_36862834|comprovante
common_voice_pt_36862838|furada, fuzuê, gabi, bagunça, apronto, gabirú, gafanhoto, gaiata, gaiola, galego
common_voice_pt_36862839|liminar, concedido, examinar, ministro relator, litisconsórcio
common_voice_pt_36862840|certificando
common_voice_pt_36862846|Deferido
common_voice_pt_36862849|superveniência
common_voice_pt_36862850|relé, relés, linearizada, matrizes, iteração, reutilizáveis, bidimensional, unidimensional
common_voice_pt_36862852|basculamento, manualmente, metálica
common_voice_pt_36862854|pronuncia, representantes, exposição resumida, remição, semi-aberto
common_voice_pt_36862855|companhia, frente, estado-maior central, contra-inteligência, antipatia, indígenas, afrodescendentes, grotões
common_voice_pt_36862856|tributários
common_voice_pt_36862857|incorporação
common_voice_pt_36862859|neurorreceptores, recaptação nas sinapses, homeostase
common_voice_pt_36862860|tutor
common_voice_pt_36862872|encadernadas
common_voice_pt_36862874|bug, gama, delta, ômega, zênite, longa duração
common_voice_pt_36862886|borrão
common_voice_pt_36862889|marcos
common_voice_pt_36862890|renunciante
common_voice_pt_36862891|decantação, estufa, capela, exaustor, banho maria, frasco lavador, pisseta, deflagração
common_voice_pt_36862892|unilaterais
common_voice_pt_36862894|retirante
common_voice_pt_36862895|autor, réu, impetrante, impetrado, querelante, querelado
common_voice_pt_36862916|extintivos
common_voice_pt_36862918|sinais, binário, circuitos eletrônicos internos
common_voice_pt_36862919|vermífugo
common_voice_pt_36862922|repartições oficiais
common_voice_pt_36862923|emendas
common_voice_pt_36862924|financeiros, suprimentos, transportar
common_voice_pt_36862925|equitativo
common_voice_pt_36867438|bisturi, cureta, espátula, punção, canulação, retina, porta-agulha, trefina
common_voice_pt_36867439|Flexibilização de direitos
common_voice_pt_36867440|lona, plástica, lonado, inoxidável, triplo, braçadeira, cortante
common_voice_pt_36867441|gravura extraída, lanterna, sindicato mineiro, jigas, perfuração de rocha, broca de diamante
common_voice_pt_36867445|reprográfica
common_voice_pt_36867447|gráfico
common_voice_pt_36867449|picho, pichulé, pico, pifar, pijama, pila, pimentão, pinóia, lôgro
common_voice_pt_36867453|dinamite, martelos pneumáticos, britadores de maxilas, moinhos de bolas
common_voice_pt_36867456|quarteadores de amostras, prensas hidráulicas, orvalho, moinhos multiuso, fertilizantes, martelos
common_voice_pt_36867458|azeitona, babaçú, bacanaço, badú, bagana, baixar, balão apagado, balzáquia
common_voice_pt_36867459|servidões
common_voice_pt_36867460|laudo
common_voice_pt_36867461|Companhia Espíritossantense
common_voice_pt_36867462|bactérias, guandu, mucuna, baiano, silvina, sal gema, peróxido de potássio
common_voice_pt_36867468|hidretos, diodos, semicondutores, hidretos, polimerização, organotitânio, tetraetilchumbo, enolatos, covalente
common_voice_pt_36867469|autenticadas
common_voice_pt_36867470|poços, explorações, neolítico, giz, escavadas, minérios metálicos
common_voice_pt_36867471|tais obrigações do beneficiário.
common_voice_pt_36867472|tacitamente
common_voice_pt_36867478|temporalidade
common_voice_pt_36867481|decorrer
common_voice_pt_36867482|embreagem, rolamento, disco, caixa-seca, pedal, platô, bobina de ignição, mola helicoidal, biela, manivela
common_voice_pt_36867483|periodicamente
common_voice_pt_36867484|inverossímeis
common_voice_pt_36867486|nítrico, clorídrico, tantálio, oxidante
common_voice_pt_36867487|desatendimento
common_voice_pt_36867488|sertralina, citalopram, ecstazy
common_voice_pt_36867490|credenciada
common_voice_pt_36867491|legítima, solenemente, reside, marcial, orgânica
common_voice_pt_36867492|campo tensorial, coordenadas curvilíneas, misto, antissimétrico, simétrico, operador, feixe
common_voice_pt_36867493|suscetíveis
common_voice_pt_36867494|interindividuais, pacificação, conspiração, instituído, compondo
common_voice_pt_36867495|prosseguimento
common_voice_pt_36867496|Cessa
common_voice_pt_36867502|concordes
common_voice_pt_36867503|teorema, vacitação, centrífugas, componentes, noções, velocidade, aceleração, expressão diferencial da continuidade
common_voice_pt_36867504|lactante, lactente, laparoscopia, laparoscópio, linfedema, linfócitos, linfoma, pastia, melasma, cloasma
common_voice_pt_36867505|amigável, divisores, soma, ascendente, estritamente, capicua, cardinal, cíclico, composto, decimal, ciclicamente
common_voice_pt_36867506|fogaréu, fogueteiro, foguetista, fritar, fubá, fuleragem, caído, fumacê, funça, fundão
common_voice_pt_36867514|galvanizado, vacúolo, simbiose, tímpano, traqueia, taxonomia, retina, progesterona, parasitologia, olfato
common_voice_pt_36867532|anidrido, cianatos, nitrato, nitrila, nitrito, nitroso compostos, oxima, piridina, carbamato, disulfeto
common_voice_pt_36867533|autocomposição
common_voice_pt_36867534|aditamento
common_voice_pt_36867535|raquiotomo, abano, refletor, quadripe, retorcedor de placa, seladora, tríplice, oscilatória, sagital
common_voice_pt_36867562|longarinas, proa, protuberância ogival, compressibilidade, macroscópica, compressível, incompressível
common_voice_pt_36867563|credores
common_voice_pt_36867564|biquadrada, biunívoca, braça, lógicos, retangular, calcular, cálculo, decimal, centésimos
common_voice_pt_36867565|carnalita, cloreto, nitrato, magnésio, salitre do Chile, amônio, sódio sintético
common_voice_pt_36867566|gelo, fumaça do diabo, pônei, bomba, caimão, laje, abridor de olhos, kryptonita, lancha, nuvem
common_voice_pt_36867567|regimento
common_voice_pt_36867568|adesão
common_voice_pt_36867574|remuneração do intérprete ou do tradutor nomeado
common_voice_pt_36867575|aplicativo, software, hardware, automatizado, armazenadas, localmente, diagnóstico, correção, intérpretes
common_voice_pt_36867577|haveres
common_voice_pt_36867578|interoperabilidade
common_voice_pt_36867579|impeditivo
common_voice_pt_36867580|mista, homogeneizadores, homogeneizador, manivela, rotação, solubilidade, helicoidal
common_voice_pt_36867581|Termoceará
common_voice_pt_36867582|demandar
common_voice_pt_36867583|alvará
common_voice_pt_36867598|carbonilações, metanol, hidrogenação, hidroformilação, polietileno, polipropileno, amônia, arsina, fosfina
common_voice_pt_36867602|solvente, sublimação, suspensão
common_voice_pt_36867603|procedurais, altíssimo nível, imperativo, declarativo, procedural, mapeamento, ortogonais, dinamicamente
common_voice_pt_36867614|cana-de-açúcar, agroindústria, subprodutos, processados, usinas de beneficiamento, óleo, rações
common_voice_pt_36867615|tombador, helicoidal, torrões, semi-helicoidal, cilíndrica, pulverizado, recortadas, pegajosos
common_voice_pt_36867617|realce, esmeralda, detonações, escavações, extrair, cristais
common_voice_pt_36867618|revestimento, guarnição, acoplamento, rígido, laçada, presilha, baixo, inferior, lama, abafador, porca
common_voice_pt_36867628|casuísticas, protelar, procrastinar, prolongar, adiar propositadamente
common_voice_pt_36867632|dispensadas
common_voice_pt_36867634|monocultura, pomar, arrozal, queimada, terraceamento, lavoura
common_voice_pt_36867657|ordenha, vagões, bezerras, bebedouros, comedouros, silos, arruelas, ensaque, pingadeira, galvanizado
common_voice_pt_36867658|inocorrência
common_voice_pt_36867659|Companhia Imobiliária de Brasília
common_voice_pt_36867660|Mujica, uruguaia, subculturas, rastafári, Jah, Jamaica, austral, babilônico
common_voice_pt_36867661|trepano, córnea, tunelizador, trocater, púbica
common_voice_pt_36867683|carregadores de boot, inicializar, distros
common_voice_pt_36867685|citoplasma, coágulo, cólon, comorbidade, congênito, demência, dislipidemia, duodeno, edema
common_voice_pt_36867708|cavidade, reto, perimétrio, precoce, tardia, quadril, articulação, acetábulo, fêmur, saturação, hemoglobina
common_voice_pt_36867709|condensada, mesoscópica, polímeros, astrofísica, cromodinâmica, fotônica, ótica, heliofísica
common_voice_pt_36867710|incidente manifestamente infundado
common_voice_pt_36867711|fentanil, manteiga, apache
common_voice_pt_36867722|arrazoados
common_voice_pt_36867723|seu xavier, carcereiro, simpatia, suador, suar, sujeira, tacsola, tempestade
common_voice_pt_36867725|pulverização, pulverizar, distribuidora, paralelas, junções, uniões
common_voice_pt_36867726|Totalitarismo, autoritarismo
common_voice_pt_36867741|rebote, foto-período, liofilizadores, plataformas, aquecedoras, solos, gangorra, rotor, sinterizada
common_voice_pt_36867742|mantenedores, instável, empacotadores, acessibilidade e internacionalização
common_voice_pt_36867744|romanos, transcendentes, polinômio, oblíqua, obtuso, octaedro, octógono, octante, polígino, poliedro
common_voice_pt_36867746|visuais e auditivas, estramónio
common_voice_pt_36867754|recomendação, reconvenção, excepcional, pacificar, unificar, divergentes, contrariar, tratado
common_voice_pt_36867755|decantação, demócrito, densidade, destilação fracionada, diácido, dibase, diluição, diluída, diluir
common_voice_pt_36867756|preclusão
common_voice_pt_36867757|radiodifusão
common_voice_pt_36867763|interpolação, completude, inferência
common_voice_pt_36867764|ceifeira debulhadora, colhedeira, colhedora, ceifadeira, lavouras, tração
common_voice_pt_36867765|hepatite, cédulas, aquosa, biodisponibilidade, zumbido, distorção, baque, meia-vida, cardiotóxicos
common_voice_pt_36867766|micro-tubos, chapas, controlador, teflonizada, pirocerâmica, concentradores, concentrador, destilador
common_voice_pt_36867773|lançamentos, ressonantes, deformações, polias, empuxo, sensorial, elasticidade
common_voice_pt_36867774|desentranhamento das contrarrazões
common_voice_pt_36867775|onduladas, velocimetria laser, velocimetria por imagem de partículas
common_voice_pt_36867777|antecessor
common_voice_pt_36867788|milhar, milheiro, milímetro, milésima, minuto, sexagésima, angular, módulo, monômio, mosaico, aritmética, repetida
common_voice_pt_36867789|repetitivas
common_voice_pt_36867790|transferência
common_voice_pt_36867791|feito, flagrante delito, impróprio, presumido, apontado, próprio ofendido, presumir, culpabilidade
common_voice_pt_36867792|recomposição
common_voice_pt_36867793|lixiviação, magnéticos, verticais, viscosímetros, cinemáticos, ductilômetro, reciprocante, ultratermostatizados
common_voice_pt_36867794|convencional
common_voice_pt_36867805|Pilha, alcalinas, duracell, rayovak, cartela, sony, alcalina
common_voice_pt_36867806|monetariamente
common_voice_pt_36867807|ordinariamente
common_voice_pt_36867808|Arembepe Energia
common_voice_pt_36867835|Buceta, piroca, pau, pênis, vulva, pinto, xana, xota
common_voice_pt_36867837|Terapia, psicólogo, psiquiatra, neurocirurgião
common_voice_pt_36867839|churupito, chuveirar, chuveiro, lôgro, coberto, cobertura, coice de mula, coió, completa, conjesta
common_voice_pt_36867840|Piraquê, Prolagos, Prumo, Parmê, Rocco, Forza, Trivella, Spoleto
common_voice_pt_36867859|testamenteiro
common_voice_pt_36867860|tioéster, enantiômero, ciclizar, quiralidade, enolato, anéis, metilação, fosfato de dinucléotido
common_voice_pt_36867861|Tito, titoísmo
common_voice_pt_36867862|peneiração, periodicidade, peróxido, piramidal, peso, poliácido, pontes, ionização, precipitado, aperiódicas, periódicas
common_voice_pt_36867863|Empresa Gestora de Ativos
common_voice_pt_36867871|narguilé, fumo mascado, mascada, cancro
common_voice_pt_36867873|efluentes, fluorídrico, corrosivos, venenosa, carvalho venenoso, alérgenos
common_voice_pt_36867875|trigonometria
common_voice_pt_36867877|musculatura esquelética, narcoanalgésicos, antitérmicos
common_voice_pt_36867885|assírios, arianos, citas, trácios, dácios, xamãs, Altai, Sibéria, Heródoto
common_voice_pt_36867888|auto-executoriedade
common_voice_pt_36867889|alargamento, cano, cilindro, festim, mimetismo, celulares, parafusos, repetição, automáticas
common_voice_pt_36867905|deferimento
common_voice_pt_36867907|acidificação, esgotamento, eutrofização, aquáticos, anoxia, escoamento, lixiviação, azoto, fósforo
common_voice_pt_36867908|agro-biológica, biocenóticas, algas, crustáceos, culinária, escola-comuna, ecossistemas
common_voice_pt_36867909|transação, cominada, oferecer, propor, transitar em julgado, recorrer
common_voice_pt_36867925|inflamabilidade, Tasmânia, dermatites
common_voice_pt_36867926|o juiz rubricar-lhe-á
common_voice_pt_36867927|pluralidade
common_voice_pt_36867928|empacotar, encher os canos, tapeação, valentão, briguento, enrustir, gaiato, escamar, escrache
common_voice_pt_36867929|paquímetro, milimetrado, distração, cerclagem, reta, peneira, perfurador de glenoide, serrilhada
common_voice_pt_36867942|mediante ata lavrada por tabelião
common_voice_pt_36867948|oligofrenia, debilidade mental, cretinismo, deficiência
common_voice_pt_36867952|emissores, gotejadores, triangulares, rodas, concêntricos, inseticidas, fungicidas, feijão
common_voice_pt_36867953|prestações vincendas
common_voice_pt_36867954|rotocultor, secador rotativo, tratometro, trator, triturador de galhos
common_voice_pt_36867955|quadrilha, qualificação, agravada, queixa-crime, quinto
common_voice_pt_36867956|rotulagem, protocolo de cartagena, genoma, glifosato
common_voice_pt_36867958|secreção, sonda nasogástrica, tricorder, ventilador
common_voice_pt_36867960|abrasão, bulbo, trifásica, leitões, baias, umedecer, estampada, escoamento, antidesperdício
common_voice_pt_36867961|certificará
common_voice_pt_36867970|insumos, descarte, disponibilidade, requisitado
common_voice_pt_36867973|finalidade
common_voice_pt_36867977|arbitral
common_voice_pt_36867978|outorgante
common_voice_pt_36867979|evasão de divisas, laranjas, diligências
common_voice_pt_36867980|analgésicos, esclerose múltipla, depressão, sintetizados, medicinal, autodestruição
common_voice_pt_36867987|improvisado, culatra, ajustado, receptor, tampado, pino, fixo, alinhado, bruscamente
common_voice_pt_36867988|autuará
common_voice_pt_36867989|agropecuária, agricultura, pecuária, biocombustíveis, agrícola, bovinocultura, suinocultura
common_voice_pt_36868005|diodo semicondutor, unijunção, junção bipolar, termiônicos, arseneto, termiônica, integrados, dopante, dopagem
common_voice_pt_36868007|aerodinâmica supersônica
common_voice_pt_36868008|macronutrientes, carbono, hidrogênio, oxigênio, nitrogênio, fósforo, enxofre, cálcio
common_voice_pt_36868019|triagem, fisiológicas, reatividade, recenticidade, zinco
common_voice_pt_36868022|impenhorável
common_voice_pt_36868028|registrada
common_voice_pt_36868029|Petista, bolsominion
common_voice_pt_36868080|cautelar, precaução, antecipar, concedida, prejuízos, periculum in mora
common_voice_pt_36868085|giro apólice quebra armazém atacadistas balsa bi-trem reboque blocagem logística
common_voice_pt_36868097|neuropróteses, confetti, exoesqueleto energizado, mama, biônico, próteses auditivas osteointegradas, diversor
common_voice_pt_36868098|precatória, rogatória, cláusula leonina
common_voice_pt_36868099|verbas de sucumbência arbitradas em embargos à execução rejeitados
common_voice_pt_36868100|regulagem, tratores, carregadoras frontais, plantio, feno, forragem, tratos culturais
common_voice_pt_36868102|coordenador
common_voice_pt_36868103|naloxona, sublingual, pílula, diluentes impróprios, esterilizados, psicossociais, buprenorfina
common_voice_pt_36868104|gradiente, declive, rampeamento, gráfico, ligação, grama, grandeza escalar, vetorial, grau, circunferência, notação, expoente
common_voice_pt_36868105|caso o processo esteja na instância originária:
common_voice_pt_36868106|difamação, tipificados, honorabilidade
common_voice_pt_36868107|protocolada
common_voice_pt_36868108|dell, openoffice, paquistão, punjab, utilizadores, descarregam
common_voice_pt_36868114|octal, raízes, somatório, sigma, sintética, parcelas, nomenclatura, potências, expoentes
common_voice_pt_36868116|aviventando
common_voice_pt_36868118|imparciais
common_voice_pt_36868120|associações, sociedades, fundações, registro
common_voice_pt_36868121|penhora
common_voice_pt_36868122|sancionado
common_voice_pt_36868123|desequilíbrio, proliferação, pragas, subsistência, agricultura familiar, irrigação, êxodo rural
common_voice_pt_36868124|abreviação, super-logarítmicas, logarítmico, normalizado, topológico, vetorial, diferenciabilidade, arbitrário
common_voice_pt_36868126|escalonamento, gerenciamento de memória, entrada, saída, sistema de arquivos
common_voice_pt_36868130|crocodilagem, crocô, curriola, dança de rato, dar milho, pinote, vacilar, plá, picote, uma banda
common_voice_pt_36868133|precarização, comunistas
common_voice_pt_36868135|assegurados
common_voice_pt_36868136|cartazes
common_voice_pt_36868137|confidencialidade
common_voice_pt_36868143|resultantes
common_voice_pt_36868144|biosfera, biólogo, evolutiva, herpetologia, bíceps, audição, baço, biotecnologia, neodarwinismo
common_voice_pt_36868145|fazedor, aborteiro, fazer nome, presença, castelo, varal, ferreiro, fechar
common_voice_pt_36868146|desmonta, carrega, transporta, quartzo, argilas, braçais
common_voice_pt_36868147|periódicas, trigonométricas, geometria, sólidos, geoplano, prancheta, políginos, aprofundamento, geométricos
common_voice_pt_36868148|circunstanciada
common_voice_pt_36868149|abastecimento direto integrado
common_voice_pt_36868150|ascendência, descendência, graduar, colaterais, afinidade
common_voice_pt_36868151|décuplo
common_voice_pt_36868152|formulado
common_voice_pt_36868153|Transpetro
common_voice_pt_36868154|arroladas
common_voice_pt_36868174|exploradas, ventilação, pilares, sal-gema, petróleo, gás natural, aço
common_voice_pt_36868175|bluetooth, rádio, aux, temporarizador, voltagem
common_voice_pt_36868176|incumbe às partes prover
common_voice_pt_36868177|numerará
common_voice_pt_36868178|outrem, doloso, culposo, hediondo
common_voice_pt_36868185|impugnante
common_voice_pt_36868187|spin, energia-momento, métrico, relatividade geral
common_voice_pt_36868188|amanita muscaria, cogumelo, muscimol
common_voice_pt_36868189|extrato, cardiovascular, transtorno bipolar, oscilações, distúrbios mentais, respiratórias
common_voice_pt_36868192|diâmetro, corpúsculos, radiano, alcalino-terroso, radioativo, quimicamente, telegrafia, telefone, radiofonia, hertzianas
common_voice_pt_36868204|itinerante
common_voice_pt_36868206|ingeridas, comprimidos, cápsulas, retal, supositórios, enemas
common_voice_pt_36868207|Empresa Gaúcha de Rodovias
common_voice_pt_36868209|Conservador, conservadorismo, populismo, populista, conservadora
common_voice_pt_36868210|extratos
common_voice_pt_36868211|inexequibilidade
common_voice_pt_36868212|interdito
common_voice_pt_36868214|deprecante
common_voice_pt_36868215|distribuidores, sementes, combustível, ração, mecanizado
common_voice_pt_36868216|crônicos, hidratam, desmineralização, coágulos sanguíneos, ativador, plasminogênio tecidual
common_voice_pt_36868218|rasuras
common_voice_pt_36868219|semoventes
common_voice_pt_36868221|Proflora – Florestamento e Reflorestamento
common_voice_pt_36868223|procurações outorgadas
common_voice_pt_36868225|corresponsável
common_voice_pt_36868226|emissora
common_voice_pt_36868229|expressamente
common_voice_pt_36868230|transferências, volta, desparafusar, tapeçaria, admissão, tucho, bucha, arruela, bomba d'água
common_voice_pt_36868231|funis, acrílico, eixo, hélice, termostatização, soldada, pasteurização, hidrólise, sorológicos
common_voice_pt_36868232|furadeira, mourão, submersível, cambão, aparador, microtrator, cônico, leque, direcionador, gatilho
common_voice_pt_36868239|Simplificação
common_voice_pt_36868240|deprecante, deprecar, derrogação, ab-rogação
common_voice_pt_36868241|encanamento, cartuchos, bules, antenas, percussão, elástico, caseira, espoleta
common_voice_pt_36868246|ajuizamento
common_voice_pt_36868248|pinta, pintar a macaca, pioiento, pipoca, pirandelo, fininho, pirar, pirituba, pisante
common_voice_pt_36868249|minerável, potável, termal, hidratado, álcool
common_voice_pt_36868250|inestimável ou irrisório
common_voice_pt_36868251|prevista
common_voice_pt_36868252|depositado
common_voice_pt_36868253|recesso
common_voice_pt_36868254|suave, médio, íngreme, espessura, limitante, estreito, intermediário, espesso
common_voice_pt_36868255|memorial descritivo
common_voice_pt_36868258|evidenciem
common_voice_pt_36868259|curva fracionada indicadores de desempenho
common_voice_pt_36868266|consanguíneo
common_voice_pt_36868267|hemorragia, entorpecimento, mesolímbica, viciante, miocárdio, sanguíneas, paragem cardiorrespiratória súbita
common_voice_pt_36868269|escoamentos, contrações, dispositivo duplo tubo, hidrodinâmica, manométricas, propulsão
common_voice_pt_36868270|descartável, pulsátil, laríngea, microporoso, molas destacáveis, nebulizador, normatização
common_voice_pt_36868271|excluí-la
common_voice_pt_36868272|loré, lumumba, lunfa, lunfa pesadão, arrombador de cofres, macaca
common_voice_pt_36868273|gestão comercial, planejar, implementar, eficaz, eficiente
common_voice_pt_36868274|recomendável
common_voice_pt_36868275|Confisco, bolsas, moradia, trabalho, terra, pão
common_voice_pt_36868276|dopar, estupradores, droga
common_voice_pt_36868277|antígeno, passiflora, simeticona, betacoroteno, climatização
common_voice_pt_36868278|aquacultura, aquaponia, hidroponia, aeroponia, agronômica, agrárias, agroecologia
common_voice_pt_36868279|radiológicos, amamentação, mutação, aborto espontâneo, radônio, caçadores-coletores
common_voice_pt_36868281|Quintilha, estância, versos, quinzena, quociente
common_voice_pt_36868282|detran, identificação, condutor, transferir, emplacar, emitir a multa, pagar
common_voice_pt_36868285|avaliação, viabilidade, tomada, recuperação, lavra
common_voice_pt_36868286|crack, psicose, esquizofrenia, despersonalização, dopamina, fumavam, neuropsicológico
common_voice_pt_36868287|micro laringe, sacabocado, intratunel, dissecção, cremalheira, hipofaringe, intestinal, lambote, uretral
common_voice_pt_36868289|rubricará
common_voice_pt_36868295|auditiva
common_voice_pt_36868296|cinematográfica
common_voice_pt_36868297|projéteis, pêndulos, magnetismo, eletricidade, cromodinâmica, microscópica
common_voice_pt_36868298|reclusão, alucinações, delírios, convicções, desorganização, esquizofrenia
common_voice_pt_36868312|progressão geométrica, projeção
common_voice_pt_36868313|cloreto de sódio, natrão, vidro, sabões, alume, curtumes, clorídrico, sulfúrico, nítrico, água régia
common_voice_pt_36868314|fisiológicos, epilepsia, metabólicas, paranoide, irritabilidade, cansaço, catatônico
common_voice_pt_36868325|contrafração, inculcar, fraudulenta
common_voice_pt_36868327|portátil, portabilidade, compilar, plataformas, arquitecturas
common_voice_pt_36868328|aviventação
common_voice_pt_36868329|vacina, facada, vagolino, veneno, verme, vermelhinho, camisolão, vichenzo
common_voice_pt_36868330|lato sensu, lavrar, exarar, redigir, ata, emitir, expressar
common_voice_pt_36868335|Mecanicista, mecanicismo
common_voice_pt_36868337|desfazimento
common_voice_pt_36868339|calendário
common_voice_pt_36868345|hipercinéticos, déficit de atenção, desvio de conduta, desafiador opositivo, mutismo eletivo
common_voice_pt_36868346|hipoteca judiciária
common_voice_pt_36868347|loteamentos
common_voice_pt_36868355|admissibilidade
common_voice_pt_36868356|Rádio e Televisão Difusora de Roraima
common_voice_pt_36868358|primário, secundário, terciário, durável, intermediário, consumo
common_voice_pt_36868366|remanescente
common_voice_pt_36868367|juramentado
common_voice_pt_36868368|impulsionada, gerenciamento, abastecimento, gerir, manuseio, embalagem, obtenção
common_voice_pt_36868373|mineira, pedreira, prospecção, teor, economicamente extraível
common_voice_pt_36868374|pirâmide, poliedro, polígono, triângulos, plano, dimensões, não colineares, sobrepostas, plurívoca
common_voice_pt_36868377|gancheira, instrumental, veterinária, cortador, raspador, dissector, descolador, micromotor
common_voice_pt_36868378|talarico, ta moscando, lara, se pá, arrastar, arrastada, mercenária
common_voice_pt_36868379|unívoca, polinomial, afim, bijetora, circular, periódicas, sobrejetora, seno, cosseno, tangente
common_voice_pt_36868381|dividendo, divisão, divisibilidade, divisor, divisores primos, dízima periódica, dodecágono, dúzia
common_voice_pt_36868382|a granel frigoríficas suprimentos cadeia compartilhado controle custos estoque contêiner
common_voice_pt_36868383|tortura, contraceptivos, abortar, grávidas, molestamento, acampamentos
common_voice_pt_36868384|pretório, prevaricação, prevenção
common_voice_pt_36868394|servo-pneumática, desgaseificação, triaxial, cíclico, esclerômetros, adensamento, triaxiais, estático, dinâmicos
common_voice_pt_36868395|microempresas
common_voice_pt_36868396|quinquagésimo, quinquenal, quinquenário, quinquênio, quinquídio, quinteto, quintilha
common_voice_pt_36868397|saneamento
common_voice_pt_36868398|eufóricos, recreacional, psiquiatria, dissociativos, delirantes, aerossóis
common_voice_pt_36868409|varicap, reatância, dielétrico, energizadas
common_voice_pt_36868410|Petrobras Biocombustível
common_voice_pt_36868412|Agropalma, Equatorial, Extrafarma, Leolar, Projeto Jari
common_voice_pt_36868424|quadriláteros, probabilidade, quociente, lançamento, aritmética, escalar, cosseno, seno, progressão aritmética
common_voice_pt_36868425|reversíveis, acionamento, irrigação
common_voice_pt_36868427|liquidado
common_voice_pt_36868428|glebas
common_voice_pt_36868429|anabolizante, versão sintética da testosterona
common_voice_pt_36868434|concatenada, caracteres, denotado, comprimentos, cadeias, tipicamente, explicitamente, degenerado
common_voice_pt_36868436|Compilador, instruções, compilação, intermediária, executável, interpretador, microcódigo, recompilação, transcompilação
common_voice_pt_36868437|biópsia, delicada, machadinho, atrauma, atraumática, conjuntiva, aorta, endoscopia, pelicano
common_voice_pt_36872059|quadrilátero, mágico, quadrante, delimitada, quadrantes, quadricelular, quadríduo, quadriênio, quadrilátero
common_voice_pt_36872060|zica, rolo, baioneta, zoiudo, zuêra, baderneira, zureta
common_voice_pt_36872061|eletroreológico, ferrofluidos, reometria, reômetro
common_voice_pt_36872063|corolário, óptica, tomografia computadorizada, ultrassom, sismologia, meteorologia, oceanografia, fonética, cartografia
common_voice_pt_36872064|juros simples, emprestado, aplicado, compostos, calculado, saldo, correspondente, incorporado, render
common_voice_pt_36872065|cabeçote, elevação, pantográfico, craniano, mortuária, mortuário, estacionária, triturador, hidroaspirador, estacionário
common_voice_pt_36872066|embolia, circulatório, indissolúveis, sexualmente, transmissíveis, reutilização, seringas
common_voice_pt_36872067|Companhia de Gestão dos Recursos Hídricos
common_voice_pt_36872068|designar
common_voice_pt_36872069|democratização, doutrina, extermínio, narcotraficantes, ex-secretário
common_voice_pt_36872070|antiderrapante, monofásicos, veneziana, removível, venturi, monobloco, epóxi, blindado
common_voice_pt_36872072|incidentes
common_voice_pt_36872074|hidráulico, jato, pressão, declive, desmoronamento, leitos submersos, mascarita, escafandro, chupadora
common_voice_pt_36872075|Transsexuais, transsexual, travesti
common_voice_pt_36872076|cessionária
common_voice_pt_36872077|anexados
common_voice_pt_36872078|depósito bancário
common_voice_pt_36872080|Eletronuclear
common_voice_pt_36872082|marlboro, camel, lucky strike, souza cruz
common_voice_pt_36872084|Andes, Incas, cristianismo, constipação, anorexiante, mastigavam
common_voice_pt_36872086|descompactar, plantio, afofar, enxadas, bifurcados, tracionados, fundido, arenoso, aiveca, polidas
common_voice_pt_36872087|espaço-tempo, pêndulo, espalhamento, matricial, diagramas, termodinâmica, astrofísica, física teórica, física aplicada
common_voice_pt_36872088|precatório, expedido, transitadas em julgado, débitos, oriundos, credor, devedor, irrecorrível, fazenda pública
common_voice_pt_36872089|factício, procuração
common_voice_pt_36872090|carboxílico, nitrogenadas, amina, amida, imina, imida, azida, azocomposto, nitrocomposto
common_voice_pt_36872091|cânhamo
common_voice_pt_36872094|promovente
common_voice_pt_36872095|epena, bufotenina, floral
common_voice_pt_36872096|interpretadores de comandos, editores de texto, imagem, tocadores de som
common_voice_pt_36872097|cristalografia, grafos, metamatemática, combinatória
common_voice_pt_36872099|encaminhamento, procedimentos, pertinentes, temática, subprocuradores-gerais
common_voice_pt_36872102|universal
common_voice_pt_36872104|denunciação
common_voice_pt_36872105|contencioso
common_voice_pt_36872106|docas embalagem frete lotação peso valor fornecedor gerência estoques gerenciadora giro hub
common_voice_pt_36872107|porventura
common_voice_pt_36872108|anuência
common_voice_pt_36872109|breves
common_voice_pt_36872110|escusam
common_voice_pt_36872111|cientificar
common_voice_pt_36872118|Estruturada, funcional, imperativa, orientada, aspecto, segmentação, callback
common_voice_pt_36872120|patrona
common_voice_pt_36872122|arrendatários, soja, milho, pecuária leiteira, de corte
common_voice_pt_36872123|interposta
common_voice_pt_36872124|recondicionados, vagem, adubadeira, plantadeira, roçadeira, navalhas, cavalete, bica, polia
common_voice_pt_36872125|rolagem, rasterização, esquemas, preenchimento automático
common_voice_pt_36872126|afrodisíacas, visionárias
common_voice_pt_36872128|plágio, plebiscito, constituinte, derivado, constituído, originário
common_voice_pt_36872129|signatários
common_voice_pt_36872131|impugnação
common_voice_pt_36872132|os vencidos responderão solidariamente
common_voice_pt_36872133|logicamente
common_voice_pt_36872134|possuidor
common_voice_pt_36872136|pó, solventes, solvente, não voláteis, prensado, filtrado, glicerina, topicamente
common_voice_pt_36872167|Indústrias Nucleares do Brasil
common_voice_pt_36872168|ajustes
common_voice_pt_36872169|arrecadados
common_voice_pt_36872171|preparação, sustentação, proporcionam
common_voice_pt_36872172|poeira branca, zen, fio dental
common_voice_pt_36872173|hipossuficiente, homicídio, dolosa, culposa, qualificado, simples
common_voice_pt_36872174|agudo, obtuso, raso, reto, complementares, suplementares, geometria, apótema, aproximação
common_voice_pt_36872175|jarros, agitadoras, aquecedoras, mantas, liofilizadores, importados, homogeneizadores, gaiolas
common_voice_pt_36872176|promovido
common_voice_pt_36872177|falecido
common_voice_pt_36872178|toxicidade, radiológicos, mutação, infertilidade, radônio, marisco, carcinógenos, corrosivas, mutagênicos
common_voice_pt_36872179|depor
common_voice_pt_36872180|locomóvel, moinho de martelo, picador florestal, pulverizador, rolo compressor, rosca transportadora
common_voice_pt_36872181|impedimento
common_voice_pt_36872182|vigente
common_voice_pt_36872183|auto-hospedagem, desmontador, descompilador, lexicográfica, parser
common_voice_pt_36872184|subsidiário
common_voice_pt_36872186|argyreia nervosa
common_voice_pt_36872187|Empresa Brasileira de Infraestrutura Aeroportuária
common_voice_pt_36872188|transação
common_voice_pt_36872189|indisponíveis
common_voice_pt_36872190|coma, abstinência, disforia, antipsicóticos, agonistas, amantadina, privação, imunização
common_voice_pt_36872193|retalhamento
common_voice_pt_36872194|sebo nas canelas, sentar o aço, apunhalar, sentar o dedo, atirar, sessão espírita, espancamento
common_voice_pt_36872195|intimidade
common_voice_pt_36872196|quorum, reclamação, reclamante, injusto, desfeito, repare, fechado
common_voice_pt_36872197|traveco, travesti
common_voice_pt_36872198|subsistirem
common_voice_pt_36872199|córregos
common_voice_pt_36872200|investigadores, interamericana, mancomunaram, privatização, corporações multinacionais
common_voice_pt_36872202|trauma, asma, voz rouca, dispneia, gripe, congestão nasal, contrai, dilata
common_voice_pt_36872203|semanticamente, transportável, criterioso
common_voice_pt_36872204|ouvidas
common_voice_pt_36872206|confessados
common_voice_pt_36872207|compila, pen drive, memória ram, processador
common_voice_pt_36872208|semicondutor, semicondutores, centrifugadora
common_voice_pt_36872209|dedar, dentuça, depenar, descascar, destrambelhado, avoado, diamba, dicar, dita, dona justa
common_voice_pt_36872211|acórdãos
common_voice_pt_36872212|protecionistas, arrendatários, meeiros, senhorialismo, agregação, excedente
common_voice_pt_36872214|advertida
common_voice_pt_36872215|capoeiras
common_voice_pt_36872216|Destacamento Traíra, semi-permanentes, cessou, dissolveu, efetuaram, política-democrática
common_voice_pt_36872217|citando
common_voice_pt_36872218|descartada, memória, tipada, estaticamente, contrapartida, abstratas, hexadecimal, montador
common_voice_pt_36872219|bruxismo, gengivite, desidratação, boca seca, metanfetamina
common_voice_pt_36872220|informações
common_voice_pt_36872221|obtenção
common_voice_pt_36872223|descolamento prematuro da placenta, hemorragia intracerebral, teratogênica, congênitas, malformações do feto
common_voice_pt_36872224|polietileno, debulhador, derriçadeiras, atomizador, picadeira, forrageiros, ensiladeira, desintegradores
common_voice_pt_36872225|empobrecendo, injustamente, lícita, disposição legal
common_voice_pt_36872226|feltro, para-lama, alargador, funil, engraxadeira, volante, neblina, pedal do freio, garfo, forquilha, chassis
common_voice_pt_36872227|interlineares
common_voice_pt_36872228|kurumin
common_voice_pt_36872231|cadastrado
common_voice_pt_36872232|autoria, automação, diretiva interpretadora, shebang
common_voice_pt_36872233|trombose, coágulo, urticaria, alérgica, alergia, avermelhada, arredondada, bexiga, feto, aborto
common_voice_pt_36872234|indeterminado
common_voice_pt_36872235|desinteresse
common_voice_pt_36872236|edificações, aeronaves, navios, veículos espaciais, hemodinâmica, biofísica, variáveis
common_voice_pt_36872237|homogêneos, típicos, divisas, efetuação
common_voice_pt_36872239|concernente
common_voice_pt_36872400|comerciais
common_voice_pt_36872402|suplemento, agrofísica, agrometeorologia, biodinâmica, convencional, irrigada, itinerante, monocultora
common_voice_pt_36872403|kratom
common_voice_pt_36872404|ação rescisória
common_voice_pt_36872405|amd ryzen
common_voice_pt_36872406|hioscina, hiosciamina, atropina, tropânicos
common_voice_pt_36872407|graficamente, vagarosa, gama, unicidade, canônica, recursivo, holomórfica, convexa, multifatoriais
common_voice_pt_36872409|expedição
common_voice_pt_36872410|revogação, desacato, desaforamento
common_voice_pt_36872411|Lesa-pátria, Sônia Guajajara
common_voice_pt_36872412|ciclometalação, migratória, nucleofílica
common_voice_pt_36872415|gambé, ganso, garfar, gato brabo, gelada, gererê, goma, gororóba, grampo, groselha, grude
common_voice_pt_36872417|relator
common_voice_pt_36872419|homologação
common_voice_pt_36872420|bacharelado, graduação tecnológica, cursos técnicos, pós-graduação
common_voice_pt_36872421|readaptação, cúpula, transferido, máxima, piranhão, opressão, pretendia, vingar
common_voice_pt_36872422|Baixada Santista Energia
common_voice_pt_36872423|desviados, direcionados, aleatoriamente, peneirado
common_voice_pt_36872424|forenses
common_voice_pt_36872425|investimentos
common_voice_pt_36872426|guarda de crianças e adolescentes
common_voice_pt_36872427|Companhia de Saneamento do Estado do Acre
common_voice_pt_36872428|adjudicados
common_voice_pt_36872429|requisição
common_voice_pt_36872430|intramusculares, retardarem, imunodeficiência, carga viral, alzheimer, Aústria, Itália, República Tcheca
common_voice_pt_36872432|incidentemente
common_voice_pt_36872433|as dívidas ativas e passivas, indicando-se-lhes as datas
common_voice_pt_36872436|global, asperger, savantismo
common_voice_pt_36872437|cancerosas, fentanil, soda cáustica, contração, neurotoxinas, envenenamento, biocidas
common_voice_pt_36872438|Planificação
common_voice_pt_36872439|cetamina
common_voice_pt_36872440|notários, oficiais registradores, contraprestação, repartição pública, certidão
common_voice_pt_36872441|fatorial, geométrica, plana, pentágono, trapézio, geométricos, poliedro, arestas, ratear, decimal, fracionário
common_voice_pt_36872442|facultado
common_voice_pt_36872443|negligência, inércia, psíquica, indiferença, cautelas exigíveis, displicência, relaxamento
common_voice_pt_36872444|pari passu
common_voice_pt_36872445|cagueta, bater grade, batota, beca, bela roba, berrante, berro, biabada, bicuda, bidraque, bidú
common_voice_pt_36872449|cômputo geral da fixação
common_voice_pt_36872453|boro, silício, arsênico, selênio, tetracarbolino, lítio, cobre
common_voice_pt_36872454|fricção, soldadura, brisance, coquetel molotov
common_voice_pt_36872455|perfazer
common_voice_pt_36872456|Glauber Braga
common_voice_pt_36872457|exequatur
common_voice_pt_36872458|inviolável
common_voice_pt_36872459|ou solidariamente aqueles que se coligaram para lesar a parte contrária
common_voice_pt_36872460|proibitório
common_voice_pt_36872461|testemunhas
common_voice_pt_36872462|pré-alfa, alfa, safari, microsoft edge
common_voice_pt_36872463|adulterantes, tranquilizantes, inalar, vaporizados, bongs, cachimbos
common_voice_pt_36872465|pá, pacas, pacau, paco, pálido, pão na graxa, papagaiada, papa-gente
common_voice_pt_36872466|Revisionistas, eurocomunistas, eurocomunismo
common_voice_pt_36872467|vedado
common_voice_pt_36872468|idôneo
common_voice_pt_36872469|alimentícia
common_voice_pt_36872470|remetido
common_voice_pt_36872472|fenda, opaco, prismáticas, deflexão, espectros, dielétricas, dinâmico, divergente
common_voice_pt_36872473|Geleião, Cesinha, Penitenciário, Bangu, radicais, atentados, prisional, depostos
common_voice_pt_36872474|protestado
common_voice_pt_36872476|preteriu
common_voice_pt_36872478|assinada digitalmente
common_voice_pt_36872479|logotipo, mascote
common_voice_pt_36872480|traslado
common_voice_pt_36872482|colateral
common_voice_pt_36872483|assegurarão
common_voice_pt_36872486|autarquias
common_voice_pt_36872487|Estática, dinâmica, atrito, inércia, choque, gravitação
common_voice_pt_36872488|supérstite
common_voice_pt_36872489|dirigentes, negociações, secretariado, Simón Bolívar
common_voice_pt_36872491|assento, plenário, sediada, descentralizadas, dignidade, saúde, educação, acessibilidade, assistência social
common_voice_pt_36872492|procedência
common_voice_pt_36872494|novação
common_voice_pt_36872495|intervenção federal, instrução, intimação, isonomia, togado, classista
common_voice_pt_36872496|oficiará
common_voice_pt_36872497|ação autônoma
common_voice_pt_36872498|representar
common_voice_pt_36872499|operações, excentrincidade, cônica, faces, fator, multiplicados, multiplicação, fatoração, fatorar, decompor, primos
common_voice_pt_36872501|títulos da dívida pública
common_voice_pt_36872502|aeroacústica, tensorial, coordenadas, multilinear, geometria euclidiana, álgebra tensorial, geometria diferencial
common_voice_pt_36872503|Empresa Baiana de Ativos
common_voice_pt_36872504|tubulação, tubagem, agricultores, malha, derivação, enovelamento, irrigado, microaspersão
common_voice_pt_36872505|xarope, xepa, xinfrim, michuruca, xumbrega, zebedeu, tapeado, zebra, sentenciado
common_voice_pt_36872506|averiguar, delituosos, delinquentes, contraventores
common_voice_pt_36872508|partilhados
common_voice_pt_36872509|parentesco
common_voice_pt_36872510|Economicismo, economicistas
common_voice_pt_36872511|bitributação, apreensão, cabo, caducar, calúnia
common_voice_pt_36872512|circuito, perpendicularmente, frequencímetro, fusão
common_voice_pt_36872513|vendrame, fiscal, desprivatização
common_voice_pt_36872514|prima facie
common_voice_pt_36872515|registradores
common_voice_pt_36872516|conjuntamente
common_voice_pt_36872517|revestir-se, entidade, enriquecimento ilícito
common_voice_pt_36872518|átomos, criptônio
common_voice_pt_36872520|resistividade, condutividade, condutância, capacitância, indutância, dipolo, convergência
common_voice_pt_36872521|Imperialismo, imperialista, globalista, globalismo
common_voice_pt_36872522|gozará
common_voice_pt_36872523|Desterrados, assassinados, dizimados
common_voice_pt_36872524|autoclave, balde, giratório, estofado, ponteiras, rodízios, esmaltada, biombo
common_voice_pt_36872525|enunciam
common_voice_pt_36872526|agroquímicos, agroplásticos, películas, estufas, mudas, polímeros, polietileno, linear, densidade
common_voice_pt_36872527|carteiro
common_voice_pt_36872529|lesco lesco, libertina, limpar-se, linguarudo, linha de frente, lisante, loló, loque
common_voice_pt_36872530|rateadas
common_voice_pt_36872531|despojados
common_voice_pt_36872533|escoltas limitadas, empresa argelina de tratores, ford, fiat, exportadora, peças, john deere
common_voice_pt_36872536|inquirição
common_voice_pt_36872538|fornecedores, estocagem, transportes, clientes
common_voice_pt_36872539|arrasto, quadriciclo, abafador, herbicida, rabicho, alcance, protegida, linhas
common_voice_pt_36872540|giratório, conformação, solos, secos, duros, arenoso, recortadas, terraços, tombamento
common_voice_pt_36872541|descaminho, transgressão, clandestinamente
common_voice_pt_36872543|factorial duplo, hiperfactoriais, superfactoriais, superduperfatorial, fatorados, digama, desarranjo
common_voice_pt_36872544|ratificado
common_voice_pt_36872546|atentatório
common_voice_pt_36872547|reembolsará
common_voice_pt_36872550|dióxido de carbono, ozônio troposférico, latitudes, vulneráveis, joeirando
common_voice_pt_36872552|relativo, constante, expelirem, percurso, frasco, tubo, estreita-se, disparado
common_voice_pt_36872553|fotóforo, formão, lipoaspirador, goiva, canaleta, trapezoidal, posicionador, implantes, transtibial
common_voice_pt_36872554|perecimento
common_voice_pt_36872555|mano, mandrake, encosta, encostando, goma, agradece, fita, perreco
common_voice_pt_36872556|Racionalizar, radiano, central, subtendido, raio, raiz quadrada, reajuste, tarifas, recíproco, redução
common_voice_pt_36872557|lidocaína, estricnina, amarelado, biossíntese, quebradiça, oleosa
common_voice_pt_36872558|Bloomberg, Gazprom, Yandex
common_voice_pt_36872559|arquivamento
common_voice_pt_36872560|embaraços à sua efetivação
common_voice_pt_36872561|depositário, designado, mandado, menores abandonados, expedido, demanda, citação
common_voice_pt_36872562|energética, naval, informal, ilegal, varejista, atacadista, turismo
common_voice_pt_36872563|mediatriz, perpendicular, traçada, segmento, medida, múltiplo, multiplicando, fatores comuns, elevados, expoente
common_voice_pt_36872564|acionistas
common_voice_pt_36872565|Motorola, MotoG, Iphone
common_voice_pt_36872569|liquidada
common_voice_pt_36872570|comprimida, sinapse, neurônios, monoamina oxidase, constrição, adrenalina, hormona, simpático
common_voice_pt_36872571|agonista parcial, receptores, ansiolítico, cepas, ansiogênico, mitigação, sedativo, estimulante
common_voice_pt_36872572|Mauricio Grabois
common_voice_pt_36872573|estabilizada
common_voice_pt_36872574|platina, mercúrio, tálio, chumbo, bismuto, polônio, astato, radônio, frâncio, rádio, laurêncio
common_voice_pt_36872575|traçado
common_voice_pt_36872576|controverter
common_voice_pt_36872577|binóculos, bateria, bolômetro, bóson, calefação, capacitância, capacitor, cátion, centrípeta, oscilação, acumulador
common_voice_pt_36872578|instruída
common_voice_pt_36872580|desligamento
common_voice_pt_36872581|barrar, golpismo, neoliberalismo
common_voice_pt_36872582|far-se-á
common_voice_pt_36872583|modernização
common_voice_pt_36872585|defensor público-geral federal
common_voice_pt_36872586|libelo, assistida, soberana, provisória, temporário, infrinja, revogada, comparecimento obrigatório, intimado
common_voice_pt_36872587|licença comercial, demo, alfa, beta, pré-anúncio, pré-alfa, caixa-branca, caixa-preta
common_voice_pt_36872588|pastagem
common_voice_pt_36872591|Casimiro
common_voice_pt_36872592|neurológicos, reforçadores, disforia, hemoptise, broncoespasmos, febre, eosinofilia pulmonar
common_voice_pt_36872595|Tupolev, Rosatom, Kaspersky
common_voice_pt_36872596|confinação
common_voice_pt_36872597|boca de fumo, bagulho, bolinha, loló, cafungar, chapado, caretaço, dichavar, fininho, grilado, ligado, larica
common_voice_pt_36872598|tabagismo, cartucho, refil, vaporizador, vapers, atomizador, e-líquido
common_voice_pt_36872600|versar
common_voice_pt_36872601|impugnar
common_voice_pt_36872603|casimira inglesa, catrevage, catuaba, caveirista, cesariana, navalhada, chalar, chalé
common_voice_pt_36872604|biofísica, neurofísica, geofísica, físico-química, sociofísica, econofísica, cosmologia
common_voice_pt_36872606|instância, interdição, interpelação, coletivos, difusos
common_voice_pt_36872607|queixo duro, quenga, quinzão, quirela, quiriquixi, quizumba, racha, rampeira
common_voice_pt_36872608|agropecuarista, leite, queijos, carnes, embutidos, fios, corantes, colheitadeiras
common_voice_pt_36872609|incidirão
common_voice_pt_36872610|montante
common_voice_pt_36872613|oxiácidos, orbital, anfótero, óxido, ferroso, férrico, óxidos
common_voice_pt_36872614|vaquina, balde, parzinha, calombar, balão
common_voice_pt_36872615|perímetro
common_voice_pt_36872616|xaroposo, litosfera, crosta terrestre, lúmen, luminoso, faísca, milionésima, meridiano, décima, iridiada, espectral, avermelhada
common_voice_pt_36872618|contestado, recorrida, referendo, consulta, complementar, ratifica, rejeita, submetido
common_voice_pt_36872619|fiapo, punhal, faca, fininho, firula, vadio, beira, fita, fita podre, informante
common_voice_pt_36872620|arquicórtex, artéria, arteríola, astério, átrio, aurícula, áxis
common_voice_pt_36872621|representação, encaminhada, apuração, requisita, encaminha cópia, autos
common_voice_pt_36872622|infra-estrutura, jazimento, cava, encostas, bancos, topográficas, estéril
common_voice_pt_36872623|testa de ferro, lavar a jega, lazeira, lei do cão, lelé da cuca
common_voice_pt_36872624|discerni-los
common_voice_pt_36872625|pleiteada
common_voice_pt_36872626|registrais
common_voice_pt_36872627|influência, solicitar, exigir, cobrar, obter, promessa, pretexto de influir, insinua
common_voice_pt_36872628|apenso
common_voice_pt_36872629|requisitará
common_voice_pt_36872630|turbidímetro, freezer, condutivimetro, calibração, vidraria, certificado, fotoestabilidade, bureta
common_voice_pt_36872631|narinas, anestética, vasoconstrição, cauterizada, mucosas orais e nasais, sistêmicos
common_voice_pt_36872632|pressão arterial, complicações gastrointestinais, dor abdominal, ranger, involuntário
common_voice_pt_36872633|cobertura, arruela de apoio, trava, espaçador, fixa, vela, mola espiral, roda dentada, arranque
common_voice_pt_36872634|desmonte, furado, detonação, fragmentação, vagonetas, caminhões
common_voice_pt_36872635|Privatização, privatiza, privatizou
common_voice_pt_36872636|Reformistas, etapistas, reformismo
common_voice_pt_36872637|eletroporador, endoscopia capsular, ultrassônica, esfigmógrafo, esfíncter, esparadrapo
common_voice_pt_36872638|obstruídos, autoestima, autoimagem, autoconfiança, sintomatologia
common_voice_pt_36872639|solubilidade, estequiométrico, coloide, combustão, combustível, concentrada, condensação
common_voice_pt_36872640|evicção
common_voice_pt_36872641|cigarro, nicotina, fumar, fumado, fumante, psicoativa, tabaco, charuto, cigarrilha
common_voice_pt_36872642|retardamento
common_voice_pt_36872643|radiológico, marisco, carcinógenos, mutagênicos, teratógenos, Paracelso
common_voice_pt_36872644|atrofia, hidrocloreto de cocaína, overdose, alucinações, mucosa, pós-transcricional, incessantemente
common_voice_pt_36872646|usuários corporativos, atualizações de segurança, beta
common_voice_pt_36872647|cumulação
common_voice_pt_36872651|infrutíferas
common_voice_pt_36872652|concussão, condescendência
common_voice_pt_36872653|imunitário, metabólitos, intoxicação, triagem, imunoensaio, cromatográficas, dietéticos
common_voice_pt_36872654|inseguras, travamentos, criptografia, redesenho, certificado, gama, cabeçalhos, tokens, binário, privativas, reprojetada
common_voice_pt_36872655|disforia de gênero, desordem da maturidade, cleptomania, tricotilomania
common_voice_pt_36872657|hortaliças, flores, economizando, bulbo molhado, aspersão, automatizados, fixos, laterais
common_voice_pt_36872660|designação, enumerado, qualificativos, agravado, intensidade, perversidade, maldade
common_voice_pt_36872662|manobras, trapaças, trabalhadora, bolsonarismo
common_voice_pt_36872663|preterição
common_voice_pt_36874033|sorológicos, ductilômetro, descongelamento, refrigerados, refrigeradas, resina, fermentadores, reatores
common_voice_pt_36874034|microrganismos, bactérias, fertilidade, diamônio, monoamônio, serpentina, olivina, silicato
common_voice_pt_36874035|Caralho, merda, filho da puta, idiota, imbecil, otário, trouxa, estúpido
common_voice_pt_36874036|mensalão, lama, acrônimo, lava-jato, petrolão, tucano, ambulâncias
common_voice_pt_36874037|hiperêmese, resina, brotos, caules, herbácea, skunk
common_voice_pt_36874044|aquecido, alto torque, frequência, inversor, rotativos, agitadores, agitador, rotativo
common_voice_pt_36874045|som, vídeo, modem, rede
common_voice_pt_36874046|galileu, gerador, alternada, contínua, vapor, gás, higrômetro, areômetro, polinômio
common_voice_pt_36874047|cambiais, subsidiados, oleaginosas, gergelim, deflacionando, fitopatologia, modelagem, culturas
common_voice_pt_36874239|perfuração, perfuratriz, diâmetro, comprimento, distâncias, furos, calculadas
common_voice_pt_36874241|cárter, cilindros, cabeçote, amortecedor, diferencial, fosso, tarugo, cavilha, ajuste, dreno, bujão
common_voice_pt_36874242|Equações diferenciais, algébricas, simulações numéricas, modelos computacionais, próteses ósseas
common_voice_pt_36874268|tampo, fórmica, cabeceira, uterina, cureta, femural, maleável, descolador, fetal, dissector, divã
common_voice_pt_36874270|serviente
common_voice_pt_36874271|normalidade, avogadro
common_voice_pt_36874272|multiplicador, multiplicando, múltiplo, multívoca, monetários, perpendicular, curva, numerador, algarismos, hexadecimal
common_voice_pt_36874282|ebulição, eco, elétrons, repulsões, atrações, elipse, oblíquo, geratrizes, empuxo
common_voice_pt_36874284|outras medidas indutivas, coercitivas, mandamentais ou sub-rogatórias.
common_voice_pt_36874285|delimitar
common_voice_pt_36874297|custeada com recursos alocados no orçamento do ente público
common_voice_pt_36874300|Sobrevindo
common_voice_pt_36874301|destituição, impetrar, indiciar, imprescritível, improbidade
common_voice_pt_36874317|citação, confessar, reconhecer a procedência do pedido, transigir, desistir, renunciar
common_voice_pt_36874319|esquizoide, esquizotípica, paranoide, antissocial, narcisista, histriônica
common_voice_pt_36874320|bombeamento, sucção, polpa, tubulações, transportada, impermeável, flutuante, compressor
common_voice_pt_36874327|intrauterina, anormalidades comportamentais, cardiovasculares, parto prematuro, trato urinário, fenda labial e palatina
common_voice_pt_36874328|administrado, furtados, desviados, peculato, mandado, expedido, prender, soltar, ordem
common_voice_pt_36874329|francesa, Europa, Oceania, Finlândia, Eslováquia, Eslovênia
common_voice_pt_36874338|hippie, etnofarmacológicas, bioquímicas, etnocentrismo
common_voice_pt_36874339|manifestar-se-á
common_voice_pt_36874340|reverterá
common_voice_pt_36874341|rescisória, acautelar, aditamento, dativo
common_voice_pt_36874346|haletos, alquila, vinila, arila-magnésio, carbonila, aldeído, cetona
common_voice_pt_36874347|cavitação, similaridade, tubulações, escoamentos, instabilidade, cordas vibrantes
common_voice_pt_36874349|parada, papo reto, tatu, xerife, jega, jumbo, fita dada, rato de mocó
common_voice_pt_36874350|cravados
common_voice_pt_36874352|transmissível
common_voice_pt_36874354|deficiência
common_voice_pt_36874355|adquirente
common_voice_pt_36874357|tenda, receptação, tendeiro, teresa, retalhos, tesoura, batedor, tico-tico
common_voice_pt_36874367|passível, ajustamento de conduta, antecipa, eficaz, descumprir, tipicidade, concretização, abstratamente
common_voice_pt_36874368|requisitada
common_voice_pt_36874377|septo, ampliação, redução, semicírculo, delimitadas, diâmetro, seno, hipotenusa, septulo
common_voice_pt_36874380|vagões, jazidas, beneficiamento, geológicas, geográficas, ambientais
common_voice_pt_36874382|pendente
common_voice_pt_36874386|gás lacrimogênio, cloro, cloreto de hidrogênio, membranas mucosas
common_voice_pt_36874390|carris, mineiros, metalúrgicos, explosivos, mina, Hungria, bombas, vapor, estanho
common_voice_pt_36874392|subsolo, nióbio, tantalita, manganês, balança comercial, mineradora
common_voice_pt_36874393|Eólica
common_voice_pt_36874400|unânime, desacordo, ementa, enunciado, emolumento
common_voice_pt_36874401|integralmente
common_voice_pt_36874403|bolinha, arrebite, vasoconstrictor
common_voice_pt_36874406|contabilista
common_voice_pt_36874411|amônia, anidra, dolomítico, nitrato de cal, cianamida, neutros, nitrocal, cloreto
common_voice_pt_36874419|renda per capta, resto, paralelogramo, numerada, congruentes, retas concorrentes, oblíquas, paralelas
common_voice_pt_36874431|fotoelétrico, centrípeta, manômetro, retenção, Arquimedes, levitação, flutuantes, laser, rígido
common_voice_pt_36874433|dopaminérgica, ritmo circadiano, farmacocinética, metabolizada, colinesterases, hidrolítica
common_voice_pt_36874434|vinhaça, destilação, alcalinizante, filtro prensa, leguminosas, enraizamento, inoculadas, fixadoras
common_voice_pt_36874435|ciência marginal, ciência lixo, pseudociência
common_voice_pt_36874446|seleneto de zinco, siliceno, monocristalino, policristalino, sulfeto, telureto de bismuto
common_voice_pt_36874447|Netek é uma marca de unidade de estado sólido
common_voice_pt_36874448|ligador, vinculador, linker, executável, carregamento, carregador, parâmetros, listando, segmentos
common_voice_pt_36874449|in natura, desidratados, cristalinas, metanfetamina, aspiradas
common_voice_pt_36874450|coligativas, intermoleculares, coloidais, plasmáticos, micromerítica
common_voice_pt_36874466|quinhoeiros
common_voice_pt_36874467|agrossilvicultura, agronomia, ecologia, permacultura, sustentável, urbana
common_voice_pt_36874468|fabricar, importar, exportar, reexportar, vender, trocar, ceder, expor
common_voice_pt_36874469|hemogramas, psicoterapia, ocupacional, musicoterapia, psicopedagogia
common_voice_pt_36874472|majorengo, majú, majura, plantonista, malaco, mamãezada
common_voice_pt_36874473|Primeiro Comando da Capital, roubos de cargas, tráfico de drogas, assaltos a bancos, sequestros
common_voice_pt_36874474|custosa, saídas, entradas, entrada, saída, sincronizada, sincronização, sincronizado, sincronizou, sincronizei
common_voice_pt_36874475|pipetador, macropipetadores, microcentrífugas, multiposição, secagem, mufla, dispensador, frasco reagente
common_voice_pt_36874482|blindada, bandeco, maringa, jato, veneninho, capa, bumbá
common_voice_pt_36874483|prazo dilatório, reduzir, prorrogar, precário, transitório, revogável, efetivo, concedido, promovido
common_voice_pt_36874484|disciplinando
common_voice_pt_36874486|custodiado
common_voice_pt_36874487|Arquimedes, flutuação, escoamentos, máquinas hidráulicas, hidráulica, revisou, aristotélico, vácuo
common_voice_pt_36874488|esmagamento, quarteador, quarteadores, biorreator, piloto, fermentadores
common_voice_pt_36874489|aorta, golgi, bioética, albumina
common_voice_pt_36874490|premiado, presepada, gaiatice, pulador de ventana, puxar o couro, carango, quadrada, queimante
common_voice_pt_36874491|malandro, manada, mancada, manda bem pra caramba, ferro, peça, berro
common_voice_pt_36874492|múltiplo, submetralhadoras, torneamento, tumbera, corda, haste, sinalizadoras
common_voice_pt_36874493|triptaminas, bufoteína, alcaloide, betacarbolinas, sinergicamente, sinergia
common_voice_pt_36874494|integrada, integram, integração, finanças, contabilidade, sistémica
common_voice_pt_36874495|Falida, documentação, consulta, despachante, duto pluvial, fluvial
common_voice_pt_36874496|executado, oposta, desfazer, execução, exequente, dívida, contestação
common_voice_pt_36874497|plexo braquial, nervo espinhal, vértebra, medula, torácicos, lombares, sacrais
common_voice_pt_36874498|fórmula epistolar, cartório, tabelionato
common_voice_pt_36874499|Empresa Estadual de Viação
common_voice_pt_36874506|alocador, aprimorado, alternância, contêiner, significativamente, sazonais
common_voice_pt_36874507|jazidas, apatitas, fosforitas, cuprolita, olinda, fosfato, guanos, superfosfato
common_voice_pt_36874508|fluoxetina, quetiapina, Lorazepam
common_voice_pt_36874509|preconiza, plantio direto, revolvida, tomba, consecutivas, inversos, glebas, transversalmente, arar, declividade
common_voice_pt_36874510|metabólicas, extratores, exaustores, neutralizadores, lixiviação, proveta, plaquetas, agregados
common_voice_pt_36874523|chata, chaveiro, chibaba, chibabeiro, chico doce, cassetete, chué, chupa lelé, churrear
common_voice_pt_36874524|litisconsorte, locupletamento, enriquecimento, malversação
common_voice_pt_36874525|estratosfera, evaporação, bolhas, exosfera, colisões, elípticas, oscilação, mecanicamente separável, precedente
common_voice_pt_36874526|código-fonte, ambientes, drivers
common_voice_pt_36874527|carbamatos, clorados, fosforados, clorofosforados, arsênio, tálio, bário, cádmio, selênio
common_voice_pt_36874528|cansaço, acinesia, excitação, indiferenciado, embotamento, hebefrênica, psicodiagnósticos, manicômio
common_voice_pt_36874529|Incel, redpill
common_voice_pt_36874530|depreciação
common_voice_pt_36874536|desprendimento, adução, radiação, choque, isocórica, isométrica, isoterma, isotérmica, joule
common_voice_pt_36874537|autoajuda, farmacoterapia, metadona, toxicomania, ibogaína
common_voice_pt_36874543|implemento, arados, subsolador, grades aradoras, niveladoras, pulverizadores, gradagem
common_voice_pt_36874544|gás mostarda, biocidas, mimetizador, diclorofenoxiacético, rodenticidas
common_voice_pt_36874546|tripa, truta, treze, tranca, tirar cana, teresa
common_voice_pt_36874555|peiote, mescalina, chacrona, ayahuasca
common_voice_pt_36874556|multilíngue, notebooks, computação em nuvem, empresarial, servidores de rede
common_voice_pt_36874564|quelantes, entropia, microfiltração, herbicidase, extremófilos, pictograma, fluorídrico, alérgenos, venenoso
common_voice_pt_36874567|cordão, corró, coruja, costureira, covardia, coviteiro, crachá, craúna, cristina
common_voice_pt_36874568|Engrenagens, eixos, mancais, tensões, peça, sólido, dimensionamento, geometria, carregamento, isotrópicos
common_voice_pt_36874574|lavrando, plantio, desencadeia, ácaros, biocontrole, abate, culturas de cobertura, intercalar, compostagem
common_voice_pt_36874575|dislexia, disgrafia, acalculia, dispraxia, apraxia
common_voice_pt_36874576|hortaliças, tomate, eucalipto, seringueira, tandem, carroceria, microbata, autônomo, milímetros, fruticultura
common_voice_pt_36874577|botânica, celular, conservação, criobiologia, ecologia, etnobiologia, etologia, evolutiva, genética, gerontologia
common_voice_pt_36874584|ábaco, abscissa, adição, alfa, algarismo, algebra linear, alíquota, amostra, amplitude, intervalo, adjacente
common_voice_pt_36874585|planas, figuras, solenoide, giroscópio, roldanas, diapasões, rolagem, trilho, cigarra, espectros
common_voice_pt_36874588|raspadora, motocultivador, extensor, espiral
common_voice_pt_36874590|periféricos, distúrbios, talco, hemogramas, analítica, torácicas, desnutrição
common_voice_pt_36874591|Transportadora Brasileira Gasoduto Bolívia‐Brasil
common_voice_pt_36874592|subministradas
common_voice_pt_36874593|tolerante, salinidade, geneticista, alelos dominantes e recessivos, autopolinização, polinização cruzada
common_voice_pt_36874599|vitimologia, criminologia, rifles, pistola
common_voice_pt_36874600|angulado, articulado, passador, sugador, biópsia de pleura, prostático, apical, oliva, auxiliar
common_voice_pt_36874601|agorafobia, pânico, generalizada, social, obsessivo-compulsivo, reação aguda, adaptação, dissociativos
common_voice_pt_36874602|Contínuo, entropia, infinitesimal, linear, flexão, fratura, contato, fricção, friccional
common_voice_pt_36874604|junção, semi-retas, polígono, decimal, vistas
common_voice_pt_36874605|hipotecário
common_voice_pt_36874606|grafos acíclicos dirigidos, notação polonesa, subexpressões, desmembramento, laços, processamento
common_voice_pt_36874607|Corpos deformáveis, sólidos, resistência, elasticidade, plasticidade, estabilidade
common_voice_pt_36874609|infinitesimal, coeficientes, coeficiente, negligenciados, exponencial, exponenciais, superpolinomial, subexponential
common_voice_pt_36874614|identificadores, sub-rotinas, procedimentais, polimorfismo, declarativa, recursividade, inferência
common_voice_pt_36874615|transgrida
common_voice_pt_36874617|entomologia, melhoramento, biorremediação, agrônoma, genoma, gesso, sulfato de cálcio hidratado
common_voice_pt_36874618|inflorescência, polinização, pólen, hidroponia, clonagem, toxicodependência
common_voice_pt_36874624|derriçador, derriçadeira, esqueletador, soprador
common_voice_pt_36874625|narcosul, irmandade, incendiados, rebeliões, sinalizam, desencontro, etnografia, radiografia
common_voice_pt_36874627|pinça, purificador, reservatório, salva-orelhas, seringa, drenagem, pleural, mediastinal
common_voice_pt_36875786|liquidando-se
common_voice_pt_36875790|dessecadores, dessecador, destiladores, destilador, proteína, digestor, essenciais, determinadores
common_voice_pt_36875794|comprimidos ou ampolas
common_voice_pt_36886998|fumo, fumante, tabagista, antitabagista, alcatrão, enfisema pulmonar
common_voice_pt_36886999|ordinatórios
common_voice_pt_36887003|toxicologia, zoologia, antropologia, arqueologia, criminologia, demografia, linguística, psicologia, sociologia
common_voice_pt_36887017|coligirem
common_voice_pt_36887018|condicionantes, geometria, inclinação, maciços, encaixantes
common_voice_pt_36887020|radioativo, radioatividade, esferoide, rarefação, reativo, reator, combustão, cinética, referencial, ricochete
common_voice_pt_36887423|traficada, euforia, relaxamento, vermelhidão, apetite, coordenação psicomotora
common_voice_pt_36887425|antroposofia, clarividência atávica, teosófica, mutilações
common_voice_pt_36887426|araque, arataca, aratado, arpuado, arranca rabo, arrear a cascata
common_voice_pt_36908760|miométrio, útero, endométrio, nefrite, rim, infecção, degenerativo, vascular, nulípara
common_voice_pt_36908958|trombeta, cálice, corola, estames, fruto
common_voice_pt_36908959|bens imóveis que lhes assegurem o pagamento
common_voice_pt_36908960|algol, alocação, encapsulamento, ada, modularização, redes neurais, elencadas
common_voice_pt_36908961|diretório-pai, distribuições, comandos-padrão, log
common_voice_pt_36908962|ilíquida
common_voice_pt_36908963|semiótica, sociobiologia, planeamento urbano
common_voice_pt_36908964|multidisciplinar, fotoelétrico, baricentro, função, funções, difração, fendas, orifícios
common_voice_pt_36908965|exibir coisa ou documento
common_voice_pt_36908967|neurológicos, socioeconômicos, crônicos, neuro-conectividade, anticannabis
common_voice_pt_36908970|assintótica, assintota, assíntota, hipérbole, verticalmente
common_voice_pt_36917931|ecologicamente, incalculável, difuso, indivisível
common_voice_pt_36917932|fotográfica
common_voice_pt_36917933|deprecada, deprecado, evicção, imputação
common_voice_pt_36917935|mandatário
common_voice_pt_36917942|jornais, revistas, rádios, televisão, organizada, perpetrado, Petronília, Felício, desistissem
common_voice_pt_36917943|cognitiva
common_voice_pt_36917944|desconcentrado, despersonalização, precipitada, etiqueta, manicomial, psicossocial, sócio-ocupacionais
common_voice_pt_36917951|enteogénica
common_voice_pt_36917954|ureia, tiocianato, fosfonoso, peróxido, oxima, organofosforado, metino, metilo, isotiocianato
common_voice_pt_36917957|procuradoria, associações civis, irregularidade, repristinação, revogada, revogação, automática
common_voice_pt_36917959|operacionalmente, planeamento, armazenamento, transporte, distribuição
common_voice_pt_36917965|abreviaturas
common_voice_pt_36917966|antipsicóticos, epilepsia, limítrofe, supressores, défice de atenção
common_voice_pt_36917967|alcoolismo, delirium tremens, sedativo, esquizoafetivo, induzido, esquizofreniforme
common_voice_pt_36917968|depositário
common_voice_pt_36917971|psicodislépticos, anticonvulsivantes
common_voice_pt_36917972|unificada
common_voice_pt_36917975|corregedor
common_voice_pt_36917984|eletroafinidade, eletronegatividade, eletropositividade, eletrosfera, elixir, empuxo, luminosa, sonora, equivalente-grama
common_voice_pt_36917986|multiplataforma, intuitivo, extensível
common_voice_pt_36917989|que enseje expedição de precatório
common_voice_pt_36917990|compilá-los e configurá-los
common_voice_pt_36917996|reformar
common_voice_pt_36917997|indutivas
common_voice_pt_36917998|celulose, papeleira, agrotóxicos, desmatamento, empobrecimento, queimadas, mananciais, lençol freático
common_voice_pt_36917999|prestação de fazer, de não fazer ou de dar coisa
common_voice_pt_36918000|dispositivos, separadamente, descarregadas, carregadas, interface gráfica
common_voice_pt_36918001|procuração
common_voice_pt_36918002|prejudicial
common_voice_pt_36918003|praticidade, recarregando, recarregável, tensão, cartela, gaveta, controles, montoeira
common_voice_pt_36918010|contemporânea
common_voice_pt_36918011|fibromialgia, fibrose, glicose, glóbulos, leucócitos, hemácias, eritrócitos, hemodiálise, hemoglobina
common_voice_pt_36918012|nexo causal
common_voice_pt_36918013|diretórios, redirecionamentos, listagens
common_voice_pt_36918015|compra, alienação, concessão de serviço ou obra pública, qualidade, rendimento, preço, prazo, circunstâncias
common_voice_pt_36918016|ato ilícito
common_voice_pt_36918017|lisas, retas, consumo, empuxo, roda de proa, chapa enformada, convergem, quilha, balizas reviradas
common_voice_pt_36918018|receber, dar quitação, firmar compromisso e assinar declaração de hipossuficiência econômica
common_voice_pt_36918026|Rebeldia, rebelião, revolta
common_voice_pt_36918029|postular em juízo sem procuração
common_voice_pt_36918033|coincidirem
common_voice_pt_36918034|intérprete
common_voice_pt_36918035|prudente
common_voice_pt_36918037|estação
common_voice_pt_36918038|botão, aba, atalho, arbitrário
common_voice_pt_36918044|esmaltado, bandejas, cadáver, cautério, corneto, grades, cavitador pneumático, bicarbonato, profilaxia
common_voice_pt_36918046|sucessivas
common_voice_pt_36918058|parcelas, média geométrica, estatística, mediana, crescente, par, trapézio, segmento de reta
common_voice_pt_36918059|discos, tocos, desarme, acessórios, embuchamento, rotativos, mancais, confecção
common_voice_pt_36918060|megawatts, celulose, flutuantes, cavacos, Itaguaí
common_voice_pt_36918068|divergência, turmas, seções, tribunais
common_voice_pt_36918070|Caixa Seguridade e Participações
common_voice_pt_36918071|resolução
common_voice_pt_36918082|procurador-geral, sucumbência, vencida, decorrentes, súmula, extrato, resumo, compêndio, reiteradas, exaradas, versando
common_voice_pt_36918083|matriz, modular, figurado, heptagonal, hexagonal, pentagonal
common_voice_pt_36918084|sobrestará
common_voice_pt_36918085|drone, modernização
common_voice_pt_36918086|teobromina, mercúrio, gadolínio, bioacumulam, biomagnificados, lavagem gástrica, nasogástrica
common_voice_pt_36918102|trator, perfurador, bomba d'água, propulsora, graxa
common_voice_pt_36918103|julgados improcedentes
common_voice_pt_36918105|fixação dos honorários
common_voice_pt_36918106|reticulado, ultrafiltro, canônica, booleana
common_voice_pt_36918107|Álvaro Cunhal
common_voice_pt_36918108|deformação, finitas, finitos, contorno, hidrostática, hidrodinâmica, massa volúmica, viscosidade, reológicas
common_voice_pt_36918109|micologista
common_voice_pt_36918116|imóveis alheios
common_voice_pt_36918117|codecs, descompactador, arquivos compactados, formato
common_voice_pt_36918119|saco de broa, saco de tripa, salivar, samango, sanfona, paco, sanfrar, esfaquear
common_voice_pt_36918131|improbidade, reintegração, declaratória, inconstitucionalidade
common_voice_pt_36918132|condensador, funil, haste, cristalizador, dessecador, exsicador, poroso, salina, mufla, refractário
common_voice_pt_36918133|estimulantes, depressoras, psicodélicos, perturbadoras, soníferos, xamânicos
common_voice_pt_36918134|afiançado
common_voice_pt_36918143|coerdeiros
common_voice_pt_36918144|eixo de simetria, perpendicular, horizontal, vertical, cartesiano, ortogonal, abcissas, ordenadas
common_voice_pt_36918145|repetitivos
common_voice_pt_36918147|fosgênio, aceptor, nucléofilo, reativo, reagente, polimerizar, dióis, diaminas, poliuretano
common_voice_pt_36918149|disposto
common_voice_pt_36918150|amarelos, vermelhos, jaquetas, fraldas, gelo quente, crank, zip, saboneteira, colorado
common_voice_pt_36918151|Findo o prazo
common_voice_pt_36918152|Brasil, Argentina, Bolívia, Peru
common_voice_pt_36918153|não-volátil, microcódigo, microprogramação, workstations, processar, vetorial, multiprocessamento
common_voice_pt_36918165|vinculante
common_voice_pt_36918166|parcelamento
common_voice_pt_36918169|revérbero, refração, condutividade, rendimento, comparativo, proporcionado, resistor, ressonância, tangente, retrógrado
common_voice_pt_36918180|tétano, botulismo, subcutânea, picada, mordida, antibióticos, antimicrobianos
common_voice_pt_36918181|genética primitiva, hibridização, acamamento, mudas, recombinante, germinativas, durabilidade
common_voice_pt_36918182|impugnável
common_voice_pt_36918184|firmá-los
common_voice_pt_36918185|remetendo-lhe
common_voice_pt_36918186|prorrogado
common_voice_pt_36918187|monopolar, fenestrada, torácica, otomano, poltrona, estofada
common_voice_pt_36918188|desobediência
common_voice_pt_36918189|inverídicas
common_voice_pt_36918196|depositário infiel
common_voice_pt_36918198|domésticos
common_voice_pt_36918205|pavuna, peça, pelêga, pendurar, penita, penosa, perereca, pestanada, peste, piaba, piar
common_voice_pt_36918206|holofotes, hotel jaraguá, igrejinha, intrujão, receptador, penitenciária, ôpa, comparsa, jantar
common_voice_pt_36918208|epitaxial, impurezas, operativo, clock, conversores, sinais, transistores, barramento, console
common_voice_pt_36918250|papai-grande, parango, parsa, patchulí, patota, patuá, pau de arara, pavuna, peça
common_voice_pt_36918251|cômoda
common_voice_pt_36918252|Sindicalismo, greve geral
common_voice_pt_36918265|disponibilizados
common_voice_pt_36918268|requerente originário.
common_voice_pt_36918277|primeiro, segundo, terceiro, vigésimo
common_voice_pt_36918279|rateada
common_voice_pt_36918280|arado, discos, tomada, pulverizadores, lança, sabugo, espiga, debulha, forrageiro, costal
common_voice_pt_36918318|acetileno, bruto, obtenção, siderúrgicas, fertilizantes, petroquímica, interiorização
common_voice_pt_36918319|ultra-som, gigahertz, ultravioleta, astronômica, órbita, monótono, invariável, constante, regular
common_voice_pt_36918322|demarcanda
common_voice_pt_36918323|documentalmente
common_voice_pt_36918324|versou
common_voice_pt_36918325|descendente
common_voice_pt_36918326|intervir
common_voice_pt_36918327|vara
common_voice_pt_36918328|tabelião
common_voice_pt_36918329|Mobilizações
common_voice_pt_36918330|limítrofes
common_voice_pt_36918331|O valor da indenização será fixado pelo juiz
common_voice_pt_36918343|tetraedro, tonelada, quilogramas, transferidor, transitiva, translação, trapezoide, trapézio, trapezoidal
common_voice_pt_36918344|avicultura, ovinocultura, sequeiro, extensiva, fertilizante, pastagem, intensiva
common_voice_pt_36918345|Anti-pobre, aporofobia
common_voice_pt_36918346|casa da banha, pavilhão, detenção, caboclo, presídio, casa do cão, cascata
common_voice_pt_36918352|treze, tric-tric, tripa, trololó, vigário, aplique, trombada, trombadaça, truta, pesada, um sete um
common_voice_pt_36918353|subordinado
common_voice_pt_36918354|Executadas as correções e as retificações
common_voice_pt_36918358|tráfico, intermediar, promover, facilitar, prostituição
common_voice_pt_36918361|arbitramento
common_voice_pt_36918362|cronologia, curvatura, positivismo, antipositivismo, culturalismo, pós-positivismo, funcionalismo
common_voice_pt_36918368|expedida
common_voice_pt_36918369|expedidor
common_voice_pt_36918371|modificada
common_voice_pt_36918372|anastácio, antena, apagar, apagar-se, aprontar, apronto, araponga
common_voice_pt_36918374|largura, perpendicular, latitude, paralelas, desenhadas, pólos, litro, geométrica, unidimensional
common_voice_pt_36918375|muscarínicos
common_voice_pt_36918376|embargos de declaração, obscuridade, omissão, contradição, julgado, infringente
common_voice_pt_36918377|portaria
common_voice_pt_36918378|proprietários
common_voice_pt_36918379|moscas-da-fruta, fumo, recreativamente, base livre, solidifica, inalatória, pirólise, putâmen, muscarínicos
common_voice_pt_36918380|Companhia Locadora de Equipamentos Petrolíferos
common_voice_pt_36918381|diagrama, diâmetro, subtração, segmento, pontos, dígitos, binária, grandeza, distributiva
common_voice_pt_36918383|efetivada
common_voice_pt_36918385|imutável
common_voice_pt_36918386|má-fé
common_voice_pt_36918387|viciante, sedativo, náuseas, vômitos, pressão intra-ocular
common_voice_pt_36918388|isopícnica, gradientes, macromoléculas, cloreto de césio, adenina, timina, guanina, citosina, sacarose
common_voice_pt_36918389|salvia divinorum, trepadeira elefante
common_voice_pt_36918390|modificada, anatômica duval, aorta, aneurisma, oftalmológica, vasectomia
common_voice_pt_36918391|inciso
common_voice_pt_36918393|escândio, vanádio, crômio, manganês, cobalto, níquel, zinco, gálio, germânio, arsênio, selênio, bromo, criptônio
common_voice_pt_36918394|inexigibilidade
common_voice_pt_36918395|desincumbência do encargo pela parte seja impossível ou excessivamente difícil
common_voice_pt_36918396|acoplamento, nonilmagnésio, clorobenzoato, nonilbenzóico, acetilacetonato, hidrolisar, estirenos
common_voice_pt_36918399|o juiz aplicar-lhe-á a pena
common_voice_pt_36918400|edital, difundida, suspensivo, suspensão
common_voice_pt_36918401|consigná-las
common_voice_pt_36918402|litisconsorcial
common_voice_pt_36918405|acres, batata-doce, batata, tomate, mandioca, nabos, cabras
common_voice_pt_36918406|Salvo as disposições concernentes à gratuidade da justiça
common_voice_pt_36918407|entrelinhas
common_voice_pt_36918408|hospedagem
common_voice_pt_36918409|dragagem, dragas, lavra, corrente, represamento
common_voice_pt_36918410|corregedoria
common_voice_pt_36918412|improcedência ou de sentença sem resolução de mérito
common_voice_pt_36918413|metanol, ácido fórmico, fígado, hepáticas, enzimas, radiação, teobromina, bioacumulam
common_voice_pt_36918414|radiograma
common_voice_pt_36918415|atrasados, presencialmente, oficialmente, irregularidade, baixado, emite, licenciamento
common_voice_pt_36918416|Quádruplo, quarteto, quartilho, quindênio, quinário, compasso, quingentésimo, ordinal, cardinal
common_voice_pt_36918417|impessoalidade, eficiência, irretroatividade, tributária, anterioridade, financeiro, instituiu, aumentou, publicada
common_voice_pt_36918421|apreciação equitativa
common_voice_pt_36918422|Bairros, vilas e favelas
common_voice_pt_36918423|procuradorias
common_voice_pt_36918424|perdurar
common_voice_pt_36918425|tramitação de processo prestará caução suficiente
common_voice_pt_36918426|Corrente sindical
common_voice_pt_36918427|integral, interpolação, consecutivos, sucessão, intersecção, conjuntos, propriedades, intervalo, inverso
common_voice_pt_36919736|dilatar
common_voice_pt_36919737|colônias, micélio, consumíveis, polipropileno, rotaevaporador, titulador, tituladores, coulométrico
common_voice_pt_36919738|astroquímica, biofísica, cinética, cosmoquímica, eletroquímica, espectroscopia, femtoquímica, físico-química, fotoquímica
common_voice_pt_36919741|sobrepartilha
common_voice_pt_36919746|Monopolista, oligopólio
common_voice_pt_36919747|balanceamento, bicarbonato de sódio, bismuto, calcogênios, carbonato, catação, cátion, centrifugação, cloreto
common_voice_pt_36919748|monitorando, gerenciando, entrega, recebimento
common_voice_pt_36919749|imanência, transcendência, dissertação de mestrado, comboio do cão, faixa de gaza
common_voice_pt_36919757|opioides endógenos, exógenos, neurotransmissor, agonistas, narcóticos, opiáceos
common_voice_pt_36919759|oposição, boa-fé, presume, requerer, transcrição, registro de imóveis
common_voice_pt_36919760|digestor anaeróbico de curral, biogás, metano, amônia, bacia amazônica, irrigados, super-representadas
common_voice_pt_36919761|esponjoso, reflexos, reverso, batedor, profundidade, medidor, pélvico, varandas, ginecológica, assento
common_voice_pt_36919763|homologada
common_voice_pt_36919767|arruela, espessura, filamento, passagem, canal, acelerador, manual, apertado, apertar, corrente, reboque
common_voice_pt_36919768|estufa, secagem, circulação, renovação, compartimentos, litros, forno, ortopédico, bagaço, umidade
common_voice_pt_36919769|versarem
common_voice_pt_36919772|o tabelião reconhecer a firma do signatário
common_voice_pt_36919774|excepcionais, reger, auto-revogáveis, eficácia, cessação, ensejaram, vigência
common_voice_pt_36919775|Social-democracia, social-democratas
common_voice_pt_36919777|metabolito, inativo, urina, cabelo, fluído oral, suor
common_voice_pt_36919778|planilhas
common_voice_pt_36919779|septuplicar, septenato, ímpares, Ramadã, quaresma
common_voice_pt_36919782|edilícios
common_voice_pt_36919784|Fascistas, fascismo, Julius Evola
common_voice_pt_36919785|torpes
common_voice_pt_36919786|comarca
common_voice_pt_36919788|geológica
common_voice_pt_36919791|vincendos
common_voice_pt_36919792|Companhia Alagoana de Recursos Humanos e Patrimoniais
common_voice_pt_36919794|expiratório, ventricular, desfibrilação, dilatador, estanqueidade, dreno torácico
common_voice_pt_36919795|decidibilidade, computabilidade, computacional, protocolos, autômatos, unicode, concatenação, concatenado
common_voice_pt_36919796|disponibilidade
common_voice_pt_36919797|extraída
common_voice_pt_36919803|terapêutico, desjejum, anestesia, anestésicos, inconsciência, trauma, prescritas
common_voice_pt_36919804|interveniente
common_voice_pt_36919805|ajuizada
common_voice_pt_36919807|patronal, policultora, precisão, sintrópica, domesticação, arboricultura, cacauicultura
common_voice_pt_36919808|vindicados
common_voice_pt_36919812|renovável, poluente, biomassa, etanol, óleos vegetais, mamona, soja, milho, dendê, pequi, girassol
common_voice_pt_36919816|jega, latro, chiador, mascante, paizano, boro, chiquinha
common_voice_pt_36919820|dura, jega, jeremias, jibóia, joão meia dúzia, juntar os pés, justa, lambedeira, lambrêgo, lança
common_voice_pt_36919821|praguicidas, moluscos, nematelmintos, micróbios
common_voice_pt_36919822|antecipando-lhes o pagamento
common_voice_pt_36919826|Empresa de Assistência Técnica e Extensão Rural do Ceará
common_voice_pt_36919827|magnésio, potássio, micronutrientes, boro, cobalto, manganês, molibdênio, zinco
common_voice_pt_36919829|polinomial, crescente, decrescente, injetora, logarítmica, polinomial, polinômio, quadrática, conjunto-imagem, contradomínio
common_voice_pt_36919830|contêm anotação que visa a suprir a falta de título
common_voice_pt_36919836|sobrepostas, perpendicular, perpendiculares, desloca, rotação
common_voice_pt_36919838|mandato, procuração, agrado, desagrado, parecer, perturbadas, molestação, assegura, mantida, manutenida
common_voice_pt_36919845|filtração, capilares, escoamentos, experimentalmente, tubos, hidráulica, variação
common_voice_pt_36919847|horticultura, olericultura, olivicultura, rizicultura, viticultura
common_voice_pt_36919849|dreno, cárter, sobremarcha, supermultiplicadora, transbordamento, sobreaquecimento, pinhão, cilindrada
common_voice_pt_36919851|incumbindo-lhe, indisponíveis, auditoria, interna, designações
common_voice_pt_36919852|justificadamente
common_voice_pt_36919853|notariais
common_voice_pt_36919854|previne
common_voice_pt_36919856|polígono, acutângulo, equilátero, escaleno, isósceles, obtusângulo, obtuso, retângulo, trinômio
common_voice_pt_36919857|racional, numerador, denominador, real, regulares, complexos, decomposição, negativos, positivos, pitagóricos
common_voice_pt_36919859|Empresa Gerencial de Projetos Navais
common_voice_pt_36919860|teorias psicanalíticas, freudiana, psicanálise, gratificação verbal, interpessoais
common_voice_pt_36919871|ruídos, recepção, indução, induzir, indutância, eletromotriz, magnete, íon, imã, átomo, dissociação eletrolítica
common_voice_pt_36919872|tanques, protótipos, derivou, analiticamente, viscosa, esferas
common_voice_pt_36919873|ordenado, paralelas, paralelepípedo, geométrico
common_voice_pt_36919874|toneladas, carreta, enxada, encanteiradora, fixa, fixo, deslocável, centrífugo
common_voice_pt_36919875|distribuidor
common_voice_pt_36919876|dilapidados
common_voice_pt_36919881|embaixador
common_voice_pt_36919883|enteógeno, sintéticas, êxtase
common_voice_pt_36919884|moleculares, transição, laminar, turbulento
common_voice_pt_36919885|acarretar
common_voice_pt_36919886|overdose, injeção intravenosa, toxicidade, neuropsicofarmacologia
common_voice_pt_36919896|revirar, reter, umidade, lavram, empurrar, puxar
common_voice_pt_36919897|devedora
common_voice_pt_36919899|promotores, procuradores, dissídios, árbitro, mediador, empregadores, regularizar, mediar, empregados, fiscalizando
common_voice_pt_36919900|gases de efeito estufa, internalizar, predadores, competidores, sebes, valas, fungos, óxido nitroso
common_voice_pt_36919901|domesticados, fertilização, solos, fertilizar, adubação, artificiais, nutrientes
common_voice_pt_36919909|arrebentaram, cadeados, alas, invadiram, fluminense, decapitados, queimados, motim
common_voice_pt_36919914|imagiologia, próteses, termômetros, cirúrgicas
common_voice_pt_36924348|as regras de experiência técnica, ressalvado, quanto a estas, o exame pericial
common_voice_pt_36924349|valor do débito principal, para todos os efeitos legais.
common_voice_pt_36924350|adjudicadas
common_voice_pt_36924351|desde o início até a sentença final ou, na execução, até a plena satisfação
common_voice_pt_36931998|contraditar
common_voice_pt_36931999|permissa venia
common_voice_pt_36932000|cisto renal, septos, fibrose, benigno, rins, sinovial, nódulo, citoplasma
common_voice_pt_36932003|idônea
common_voice_pt_36932004|indisponível
common_voice_pt_36932006|Empuxo, equações, pressão, Aquimedes, Pascal, turbulência, capilaridade
common_voice_pt_36932007|capciosas
common_voice_pt_36932008|câmaras, coordenação, revisão
common_voice_pt_36932009|navegação
common_voice_pt_36932010|contratual
common_voice_pt_36932011|logaritmo, fatoriais, fatorial, unicidade, holomórfica, convexa, multifactoriais
common_voice_pt_36932013|adulteração
common_voice_pt_36932014|multifatorial, hiperfatorial, superfatorial, superduperfatorial, fatoração, iterativo
common_voice_pt_36932015|adubos biológicos, resíduos, fermentação, ovino, mesa-botânicas, mesticizadas, tipologia, sub-tropical
common_voice_pt_36932016|vértices
common_voice_pt_36932017|hebraica, judeus, muçulmanos, sufistas, mameluco, indiano, polpa de celulose
common_voice_pt_36932018|impressa
common_voice_pt_36932020|isolação, nivelamento, plug, peneiras
common_voice_pt_36932021|flora microbiana, matadouros, ossos, sangue, farinha, gordura, chifres, cascos
common_voice_pt_36932022|positivos, negativos, aguda, delirantes, irreais, partilhadas, alucinações, paladar, olfato
common_voice_pt_36932023|drenagem, bombeamento, permeabilidade, rochoso maciço, deformabilidade, diques, dobras
common_voice_pt_36932024|cloridrato, amido, quinina, supressor, apetite, noradrenalina, dopamina, serotonina
common_voice_pt_36932025|cromatográficas, forense, narcotráfico, recreativos, imunoensaios
common_voice_pt_36932026|anatomia, exobiologia, bioquímica, biogeografia, bioengenharia, biofísica, psicobiologia, biotecnologia
common_voice_pt_36932027|aferição
common_voice_pt_36932028|mantenedor, descontinuada
common_voice_pt_36932029|tangentes, inscrita, côncavo, inscrito, congruentes, ponto de referência, razão, grandezas, percentagem, porcentagem
common_voice_pt_36932030|prescritos
common_voice_pt_36932031|axioma, submetido, advindas, oriunda, revel, revelia, reexaminada, ajuizada, confirma, completa
common_voice_pt_36932036|lavrada
common_voice_pt_36932038|expediente
common_voice_pt_36932039|Algar, Energisa, Autopista
common_voice_pt_36932040|fundo de custeio
common_voice_pt_36932041|convencionarem
common_voice_pt_36932042|Banco Meridional
common_voice_pt_36932043|facultando
common_voice_pt_36932045|hematoencefálica, tópica, sódio, ducto nasal, ducto lacrimal, cardiotoxicidade, glaucoma, pupilas, benzocaína
common_voice_pt_36932048|genérico, ações universais, individualizar, demandados
common_voice_pt_36932052|estouro, programa-fonte, analisador, sintáticas, delimitador
common_voice_pt_36932059|neurologia, miocárdio, metabolismo, lipídios, glicídios, farmacologia, esperma, sêmen, creatina, crânio
common_voice_pt_36932060|notificação, aviso, prerrogativas, asseguradas, notícia-crime
common_voice_pt_36932062|fuselagem, sulcos, concha, fluidodinâmica, plana, polida, arrasto mínimo, borods de ataque enrugados, nadadeiras
common_voice_pt_36932063|amolecimento, permeabilidade, scanner, autoclave, densidade, medidor, geoauge, peneiramento, resistividade
common_voice_pt_36932064|peste bubônica, zoonose, zumbido, acufeno, adenomiose, endométrio, miométrio, uterina, tinido
common_voice_pt_36932065|Tiago decidiu vender seu iPhone e comprar um celular da Samsung ou Motorola.
common_voice_pt_36932067|antimicrobianos, cancerosas, fentanil, soda cáustica, cloreto, enzimas, mitocôndrias, biocidas, hormônio
common_voice_pt_36932068|cumuláveis
common_voice_pt_36932069|efetuar
common_voice_pt_36932070|estourar, esticar, estradão, desova, facadista, falcão, fandango, farinha
common_voice_pt_36932071|foro especial ou privilegiado, artificiosamente, detenção, freios e contrapesos
common_voice_pt_36932072|cindir
common_voice_pt_36932073|precipitado, hidróxido, regato, ácidas, predatória, royalties
common_voice_pt_36932074|hipófise, cerebelo, traqueia, timo, esôfago, fígado, pâncreas, tireóide, paratireóide, cérebro, faringe
common_voice_pt_36932075|rolamento, rugosidade, hiperfinos, senóide, justaposição, superposição, sobrepor, solidificação
common_voice_pt_36932076|inteligência artificial, interdisciplinares, bioética, bioinformática, biomédica, bioestatística, cognitiva, sistemas complexos
common_voice_pt_36932077|ostomia, infusão, capnógrafo, cateter, cistoscópio, conector tubular
common_voice_pt_36932078|lobo frontal, parietal, occipital, cerebelo, temporal
common_voice_pt_36932079|carecer
common_voice_pt_36932080|redigido
common_voice_pt_36932082|anestésico diluído
common_voice_pt_36932083|cachimbos, supositório, via retal, ânus, vagina, agulha, lubrificada, inserida, êmbolo, tabus
common_voice_pt_36932084|cardã, esmeril, lixa, rebolo, escapamento, coletor, válvula de escape, ventoinha, correia
common_voice_pt_36932085|cardan, imiscíveis, sedimentação, laboratoriais, microcentrífugas, centrífuga, citoplasma, insolúveis
common_voice_pt_36932086|recursos interpostos, cumulativamente.
common_voice_pt_36932088|amigdala, diencéfalo, tálamo, hipotálamo, mesencéfalo
common_voice_pt_36932089|Telegram
common_voice_pt_36932090|autopropelidos, defensivos, herbicidas, enfardadeiras, feno, embalar, firmemente, grama, alfafa, pesticidas
common_voice_pt_36932092|simulados
common_voice_pt_36932093|grafite, pregos, cloro, orsini, suja, ogiva, penetrante, petardo, kemuridama
common_voice_pt_36932097|evasivas
common_voice_pt_36932098|diâmetro, improvisada, funcional, sucata, volantes, decaminhão, puxão, anular, insurgentes
common_voice_pt_36932099|polilogarítmico, desordenada, mal-formada, rodar, isomofismo, grafos bipartidos, crivo quadrático, cacheiro
common_voice_pt_36932100|O diretor geral com poderes na política de livros será o vice-presidente.
common_voice_pt_36932101|soja, mandioca, ovos, mulas, búfalos, camelos, lhamas, alpacas, burros, cães
common_voice_pt_36932102|regressiva
common_voice_pt_36932108|consolidação custos fixos diretos indiretos logístico depreciação despesas veículos operacionais
common_voice_pt_36932109|Transitada
common_voice_pt_36932110|agente diplomático
common_voice_pt_36932119|superveniência, alterar, modificar, desfaça, imprimir, rumo, sursis
common_voice_pt_36932120|hidrosfera, hidrossolúvel, hidroxila, hidróxido, amônio, hipoclorito
common_voice_pt_36932121|presunção, dedução, conclusão, consequência, certa, verdadeira, provada, desconhecido, duvidoso
common_voice_pt_36932122|Todos eles atiraram e morreram.
common_voice_pt_36932123|bloco, soldado, roda, entre-eixos, para-brisa, limpador, fio, chave inglesa, junção, cambão, zincado
common_voice_pt_36932130|gangue, indefesas, folgas, férias, aposentados, droga, comercialmente, ramificações
common_voice_pt_36932131|expoente, exprimir, equivalentes, escala, esfera, tridimensional, equidistantes, esquadro, estimativa, estimar
common_voice_pt_36932132|vênia, permissão, verbi gratia, vista, violação, permite, facilita, empréstimo, fornecimento
common_voice_pt_36932133|Tailândia, Singapura, Países Baixos, Colorado, Espanha, Madrid
common_voice_pt_36932135|notórios
common_voice_pt_36932137|escrupulosamente
common_voice_pt_36932140|física atômica, contínuos, taquião, ácido-base, analítica, astroquímica, bioquímica, cristalografia, química alimentar
common_voice_pt_36932145|será a proletarização cada vez maior das massas
common_voice_pt_36932146|computacionais, transcrição, maníaco, homicida, exclusão social, asilos, tímidas, introvertidas
common_voice_pt_36932147|dissidentes, libertação, hugo chávez, beligerante, insurgentes
common_voice_pt_36932148|vapo, juju, amoitar, armengado, avexado, azuado, barril, abestalhado
common_voice_pt_36932159|Haverá cremação do corpo?
common_voice_pt_36932160|ineficácia, estágio confirmatório, estágio probatório, vitaliciamento
common_voice_pt_36932163|extemporâneo, intempestivo, oportuno
common_voice_pt_36932170|Auricelia da Silva de Carvalho
common_voice_pt_36932171|Maconha, ganja, cocaína, ecstasy, haxixe, ópio
common_voice_pt_36932172|perpendicular, elipse, eneágono, enumerar, unívoca, algébrica, incógnitas, exponencial, fracional, linear
common_voice_pt_36932173|usurpados
common_voice_pt_36932279|jogo do bicho, chalé, chalar, chambrega, chapado, chapinha, tampinhas, chaporeba
common_voice_pt_36932280|nexus, mitsubishi
common_voice_pt_36932281|juros moratórios incidirão a partir da data do trânsito em julgado
common_voice_pt_36932283|púbis, púbico, oxímetro, papilomavírus, paramétrio, pelos pubianos, puberdade, pelve, bacia
common_voice_pt_36932296|cinzéis, debulhadora, autopropulsadas, estacionária, talos, multifuncional, rastejante, estacionárias, correia
common_voice_pt_36932297|beneficiário de gratuidade da justiça
common_voice_pt_36932298|ergina, muscimol, harmina, harmalina
common_voice_pt_36932299|conciliadores
common_voice_pt_36932300|rotação de culturas, sintéticos, reprodução seletiva, nitrato de amônio, rendimento, pousio
common_voice_pt_36932306|entrada, articulação, rasgo de chaveta, botão, puxador, maçaneta, articulada, vazamento, tucho, autoblocante
common_voice_pt_36932308|Pantaleão, Pantoja, Vigliar
common_voice_pt_36932309|Os peritos farão a reconstituição do assassinato.
common_voice_pt_36932310|psicoterapêuticos
common_voice_pt_36932311|antinociceptiva, benzodiazepinas, escopolamina
common_voice_pt_36932317|lipofílico, solúvel, solubilidade, gordura saturada, desnatado, brownies
common_voice_pt_36932318|compiladores, bibliotecas-padrão, shells, monolítico
common_voice_pt_36932320|béquer, colorímetro, espectrofotômetros, estufa, crivo, perfurada, multi poroso, kitasato
common_voice_pt_36932321|O arrolamento de bens observará o disposto nesta Seção
common_voice_pt_36932409|Sobe o número de mortes devido ao deslizamento de terra
common_voice_pt_36932411|O mineiro abandonou tudo para minerar esmeraldas.
common_voice_pt_36932420|quadríceps, tíbia, fêmur, uretra, uréter, veias, nervos
common_voice_pt_36932421|elucidativos
common_voice_pt_36932422|Interdito Proibitório
common_voice_pt_36932434|puxador, gradeada, modular, rebaixo, formolização, congelar, maceração, membros, tanque
common_voice_pt_36932435|compressão, condutor, aflui, deslocamento, geométricas, esquema, periferia, transversal, diapasão, difração
common_voice_pt_36932436|alcatrão, cimento, asas, anticongelante, pássaro, capital, azeitonas pretas
common_voice_pt_36932437|inclinado, telégrafo, dilatômetro, blecaute, rotacional, projetável, propagação, eletricidade
common_voice_pt_36940800|acaricidas, bactericidas, nematicidas, nematoides, roedores, moluscicidas
common_voice_pt_36940801|Como eu disse antes
common_voice_pt_36940802|Nós estaremos atrasados, depressa.
common_voice_pt_36940803|pilha, condutor, somem, informativo, informa, informante
common_voice_pt_36940804|A rede deve atuar como um fator de equilíbrio territorial.
common_voice_pt_36940814|intransmissível
common_voice_pt_36940815|O gerente de serviços deve notificar o afiliado e fazer a solicitação correspondente.
common_voice_pt_36941346|a produção das provas requeridas pela parte cujo
common_voice_pt_36941347|Um empregado limpa mesas em um restaurante.
common_voice_pt_36941348|Intriga e corrupção são vícios naturais dos governos eletivos.
common_voice_pt_36941358|A garota usava um vestido elegante.
common_voice_pt_36941361|contração, transposto, covariante, vetor, base, dimensão, vetorial, multivetor, covariância e contravariância
common_voice_pt_36941362|Comitê de Planejamento Urbano do Ministério do Interior
common_voice_pt_36941363|trabuco, toco, vacina, sentar o dedo, pombal, joão meia dúzia
common_voice_pt_36941366|Empresa Gráfica da Bahia
common_voice_pt_36941367|Uma cópia "pirateada" é igual a várias cópias vendidas.
common_voice_pt_36941368|unitário, unívoca, posicional, vara, vazio, percorrida, fórmula, calcular
common_voice_pt_36941369|decodificação de áudio
common_voice_pt_36941370|Você está administrando uma empresa ou uma instituição de caridade?
common_voice_pt_36941378|O interesse de conversão é profissional
common_voice_pt_36941399|Com a ingenuidade que lhes é própria, estes senhores não querem compreender
common_voice_pt_36941400|proceder de modo temerário em qualquer incidente
common_voice_pt_36941401|Tanto o conteúdo quanto a escrita da história serão valorizados.
common_voice_pt_36941402|Ele defendeu os traficantes.
common_voice_pt_36941403|liberalidades
common_voice_pt_36941404|Um veleiro na água ao nascer do sol.
common_voice_pt_36941405|Eu deveria estar ocupado avaliando isso há um tempo atrás.
common_voice_pt_36941406|O problema que explodiu lá para os dois mil e sete foi evidente.
common_voice_pt_36941407|Corpo de bombeiros realizando um resgate.
common_voice_pt_36941408|Recipiente vazio tem o melhor som.
common_voice_pt_36941409|Securitizadora de Créditos Financeiros
common_voice_pt_36941410|Você pode explicar por que isso acontece?
common_voice_pt_36941411|Em alguns modelos, isso não funciona.
common_voice_pt_36941412|Assemelha-se a uma bijuteria
common_voice_pt_36941414|Funerárias e serviços funerários podem ser localizados.
common_voice_pt_36941415|Período de download
common_voice_pt_36941417|em cujo favor milita presunção legal de existência ou de veracidade
common_voice_pt_36941418|havendo previsão orçamentária, ter os valores adiantados
common_voice_pt_36941420|Com quantos paus se faz uma canoa?
common_voice_pt_36941421|Agora é diferente da era anterior.
common_voice_pt_36941422|Você escolheu uma codificação incompatível.
common_voice_pt_36941423|Eu estava equipado com um bom casaco, luvas, shorts e shorts.
common_voice_pt_36941424|O elevador foi operado por um sistema pneumático.
common_voice_pt_36941425|Pedimos mais uma oração pelo mundo
common_voice_pt_36941426|Pessoa chinesa andando e carregando uma cesta de flores.
common_voice_pt_36941428|conselheiros do Conselho Nacional do Ministério Público
common_voice_pt_36941429|Eu estava dividido entre medo e curiosidade.
common_voice_pt_36941430|puxar um carango
common_voice_pt_36941439|E equipe de segurança foi reforçada e os agressores não terão vida fácil
common_voice_pt_36941450|Não cumpri o requisito
common_voice_pt_36941452|Se saíssemos desse limite, o dispositivo seria destruído.
common_voice_pt_36941458|Encontre um restaurante japonês
common_voice_pt_36941461|Ensina-nos a descobrir e valorizar questões anteriormente esquecidas.
common_voice_pt_36941462|Um homem gordo em uma camisa roxa comendo uma batata frita.
common_voice_pt_36941468|Um homem de uniforme apresenta papelada para outro por sua assinatura
common_voice_pt_36941471|É necessário que ele apareça aqui porque revela uma segunda perda de cinco francos.
common_voice_pt_36941472|tudo isso é um sublime louvor ao nosso ilustre finado
common_voice_pt_36941476|Eles entraram da chuva toda desgrenhada e fumegante.
common_voice_pt_36941477|Separe o fígado quando estiver cozido.
common_voice_pt_36941478|Vale uma vaga para a Libertadores.
common_voice_pt_36941480|Ele ficou indeciso por um momento e depois saiu do fosso.
common_voice_pt_36941482|As emoções do personagem também são muito boas.
common_voice_pt_36941483|Pode me deixar ver
common_voice_pt_36941484|Hélio faz sua voz estridente.
common_voice_pt_36941485|Também conterá referências bibliográficas relevantes.
common_voice_pt_36941494|Completar objetivos desbloqueará novas skins e habilidades.
common_voice_pt_36941495|Pare até que o extra saia.
common_voice_pt_36941497|Lembre-se de sua memória favorita.
common_voice_pt_36941498|Eu posso ouvir você devagar.
common_voice_pt_36941501|que é tão monótona como a mesma vida, mas só em lugar diferente.
common_voice_pt_36941502|Bastidores de filmes que foram o caos
common_voice_pt_36941503|Nós nos apressamos lá embaixo
common_voice_pt_36941510|Lady Gaga está mesmo belíssima e aclamada
common_voice_pt_36941511|Desligue a válvula e solte o vapor quente.
common_voice_pt_36941512|O vinho não é bom para o estômago.
common_voice_pt_36941513|Um grupo de golfinhos veio e nos protegeu dos tubarões.
common_voice_pt_36941515|Isso é ainda pior nos estados em que o chefe de governo é eleito.
common_voice_pt_36941516|Uma pessoa está comprando algo usando o auto checkout.
common_voice_pt_36941519|Deixe já e venha almoçar.
common_voice_pt_36941524|serventuário
common_voice_pt_36941536|Tenha muito cuidado em esconder em cada olhar o lugar onde eles estão unidos.
common_voice_pt_36941537|Uma criança nova está pegando ovos da páscoa na grama.
common_voice_pt_36941545|O candidato aguardará o tempo que o testador verificar para fazer a segunda tentativa.
common_voice_pt_36941546|Um jogador de futebol em verde aborda um jogador de futebol em branco
common_voice_pt_36941547|Na minha fantasia, posso garantir a harmonia por toda a eternidade.
common_voice_pt_36941550|uma jovem garota levantando o cabelo molhado de um balde branco
common_voice_pt_36941554|Esta classe era originalmente um ônibus de turnê.
common_voice_pt_36941565|Juro-lhes que essa orquestra da morte
common_voice_pt_36941568|Dá-me a programação de filmes de animação no cinema mais próximo
common_voice_pt_36941569|Notificação da mensagem de voz
common_voice_pt_36941570|Tomei um gole da cerveja e fiquei mal
common_voice_pt_36942403|Não esqueça de assinar o formulário.
common_voice_pt_36942404|Por que você não se opôs quando pôde?
common_voice_pt_36942405|Chamado igual a desperdício
common_voice_pt_36942407|O que é tão ilógico sobre isso?
common_voice_pt_36942416|Paciência mata a caça.
common_voice_pt_36942418|Presidente Dutra
common_voice_pt_36942419|o valor da causa for irrisório ou inestimável, a multa poderá ser fixada
common_voice_pt_36942420|Eu estarei lá puxando por você.
common_voice_pt_36942421|se tivesse três reais compraria um doce
common_voice_pt_36942432|O Brasil tem uma base suficiente para ser um país rico.
common_voice_pt_36942433|Em agosto, noite de cachorro.
common_voice_pt_36942434|Ele tem o suficiente para quem está contente.
common_voice_pt_36947029|Vou tirar meu braço disso.
common_voice_pt_36947030|Eu te digo que não é bom.
common_voice_pt_36947031|Todo oleiro ostenta seu pote.
common_voice_pt_36947032|Ele usou a senha dela.
common_voice_pt_36947033|Dê a este romance quatro estrelas
common_voice_pt_36947035|A juventude é minha quando a flor desaparece.
common_voice_pt_36947036|Como quebrar uma maldição
common_voice_pt_36947040|A gente podia pedir uma pizza.
common_voice_pt_36947043|O menino estava lá quando o sol nasceu.
common_voice_pt_36947044|quais a prova há de recair
common_voice_pt_36947045|A pauta foi modificada há poucos minutos
common_voice_pt_36947046|O sangue esfria lentamente e começa um processo que quase terá que detê-los.
common_voice_pt_36947047|Coordena e supervisiona estudos sobre dados demográficos de saúde profissional.
common_voice_pt_36947053|Seus joelhos vieram à cabeça.
common_voice_pt_36947054|E você me contou sobre presságios.
common_voice_pt_36947055|Monte das Gameleiras
common_voice_pt_36947056|Continue pedindo dinheiro emprestado às pessoas da aldeia
common_voice_pt_36947057|eu posso passar horas aqui e você?
common_voice_pt_36947066|Um ataque corajoso é metade da vitória.
common_voice_pt_36947067|A maior parte da infra-estrutura da Internet é baseada em protocolos abertos.
common_voice_pt_36947068|Recebi a mensagem de ontem
common_voice_pt_36947083|O que você pode fazer hoje não deixa para amanhã.
common_voice_pt_36947089|Sacramento, na Califórnia, provavelmente terá conexão de alta velocidade em breve.
common_voice_pt_36947091|Feliz aniversário para a garota de sorte de nós.
common_voice_pt_36947092|Nós dois podemos ouvir.
common_voice_pt_36947093|Não os ajude a gravar
common_voice_pt_36947094|Este anúncio servirá como uma notificação para os potenciais proprietários do leilão.
common_voice_pt_36947095|Visa oferecer um curso online de conscientização
common_voice_pt_36947096|Pasmo e desolo-me.
common_voice_pt_36947098|Terminologia, economia planificada
common_voice_pt_36947104|Não sei se quero começar a filmar.
common_voice_pt_36947105|Atendimento móvel via chat
common_voice_pt_36947106|No lado esquerdo da árvore é a casa de rua das Três Gargantas.
common_voice_pt_36947109|Mas a barriga está gritando
common_voice_pt_36947114|Isso foi o suficiente para provocar paixões violentas.
common_voice_pt_36947115|Eu quero enviar um cartão postal para a Irlanda.
common_voice_pt_36947116|Um grupo de caras trabalhando juntos para construir algo
common_voice_pt_36947117|O que posso fazer para dormir no trabalho?
common_voice_pt_36947121|Encontre o livro Um Caminho Glorioso para Morrer
common_voice_pt_36947122|Os íons de metal precisam ser aquecidos primeiro na chama.
common_voice_pt_36947123|É apenas obviamente uma questão de tempo.
common_voice_pt_36947127|Enviei o resultado a seu assistente.
common_voice_pt_36947128|Mantenha e monitore o material e os efeitos do centro.
common_voice_pt_36947129|Um esquiador com um casaco vermelho descendo uma colina.
common_voice_pt_36947130|Erro na conta não faz pagamento.
common_voice_pt_36947132|Um ouriço estava coletando folhas marrons.
common_voice_pt_36947134|O funcionamento desta Comissão não apresentará despesas adicionais.
common_voice_pt_36947135|O dia de trabalho anual acordado é um dia de trabalho eficaz.
common_voice_pt_36947136|Nada seca mais cedo que lágrimas.
common_voice_pt_36947137|É a filosofia que garante a liberdade de todos.
common_voice_pt_36947139|Elas só veem o que lhes agrada
common_voice_pt_36947141|Segundo filho fumando, bebendo
common_voice_pt_36947143|Você deveria aprender a se ajudar
common_voice_pt_36947147|Eu digo que é benigno porque não vai além do prato que enfrentamos.
common_voice_pt_36947148|Experimente essas pulseiras cinza com aqueles lenços creme e pastel.
common_voice_pt_36947151|sistemas embarcados, console de videogames, celulares, centros multimídia
common_voice_pt_36947152|Envelopes ontem são necessários hoje.
common_voice_pt_36947153|Precisamos adiar essa jornada.
common_voice_pt_36947155|Nós nos referimos, como é natural, ao canto dos pássaros.
common_voice_pt_36947157|Em suma, como dizemos, muito pouca imaginação e repetição de esquemas.
common_voice_pt_36947158|Visita de experiência de trabalho
common_voice_pt_36947159|A vaca preguiçosa estava deitada na grama fresca.
common_voice_pt_36947160|A foto está no jornal!
common_voice_pt_36947162|E finalmente o falcão voltou com a refeição.
common_voice_pt_36947163|Sinônimos e antônimos
common_voice_pt_36947164|Tenho vontade de erguer os braços e gritar coisas de uma selvageria ignorada
common_voice_pt_36947166|recolho as entoações milimétricas dos seus dizeres expressos
common_voice_pt_36947167|Eu não li o resumo do artigo ainda.
common_voice_pt_36947169|Ela tem uma maneira inteligente de usar roupas.
common_voice_pt_36947170|Os pardais ficaram tão entusiasmados com as palavras do pai que ninguém conseguia falar.
common_voice_pt_36947171|E eles ficaram em silêncio até a grande cidade digitalizar.
common_voice_pt_36947173|Ele pediu torta de pêssego com sorvete.
common_voice_pt_36947175|Exercer o poder de sancionar as infrações nos termos previstos na legislação vigente.
common_voice_pt_36947188|O tamanho humano está em suas mãos.
common_voice_pt_36947189|Você pode se reconciliar com a galera.
common_voice_pt_36947191|Tenho confiança no futuro
common_voice_pt_36947192|Os contratos foram superfaturados
common_voice_pt_36947194|De fato, foi a inexistência desses controles que tornou isso possível.
common_voice_pt_36947195|A alquimia é uma disciplina séria.
common_voice_pt_36947196|Eu vou levar isso comigo até eu morrer.
common_voice_pt_36947197|Monitore e inspecione as atividades que geram emissões no ar.
common_voice_pt_36948006|Se você não pode ajudar, não obstrua.
common_voice_pt_36948007|Estava tudo bem; ele ligaria assim que um pássaro fosse enterrado.
common_voice_pt_36948008|Aqueles que anseiam por sua pátria, pedem o caminho.
common_voice_pt_36948009|Isso é um segredo sobre você.
common_voice_pt_36948010|Eu posso explicar se você apenas escutar.
common_voice_pt_36948011|O dos meus irmãos logo saberá.
common_voice_pt_36948019|Cada vez que penso esta frase com toda a atenção dos meus nervos
common_voice_pt_36948022|Mas o comerciante de cristal não tinha escolha.
common_voice_pt_36948023|Foi o nosso dinheiro e queremos de volta.
common_voice_pt_36948024|Tem uma população de quase meio milhão.
common_voice_pt_36948030|defensor público-geral do Estado
common_voice_pt_36948031|Um policial de óculos escuros e uniforme com outros policiais
common_voice_pt_36948032|Este anel tem um significado maior
common_voice_pt_36948035|Processo de gerenciamento de alternativas às soluções ortodoxas
common_voice_pt_36948036|Faríamos hoje uma autoavaliação
common_voice_pt_36948038|documentação
common_voice_pt_36948039|Mereceremos tanto quanto o que foi entregue
common_voice_pt_36948040|O candidato não poderá correr para a linha oposta até não sentir o sinal.
common_voice_pt_36948045|Saia das funções básicas
common_voice_pt_36948048|Qual é o seu número de telefone de bolso?
common_voice_pt_36948049|Concordar com o pedido do membro
common_voice_pt_36948052|Se eles não são afetados por qualquer atividade econômica ou serviço público.
common_voice_pt_36948053|Você pode baixá-lo na versão catalã do site do projeto de tradução.
common_voice_pt_36948054|Hipoteca não pode ser paga
common_voice_pt_36948076|Quantas pessoas celebram o aniversário de aniversário mais popular?
common_voice_pt_36948078|Ter completado comunicação e coordenação
common_voice_pt_36948079|Seu governo está contando com você.
common_voice_pt_36948081|Melhoria no equipamento móvel para veículos de patrulha: dez pontos.
common_voice_pt_36948083|Minha amiga ia se casar e me pediu para ser sua dama de honra.
common_voice_pt_36948088|Ponha os damascos e figos no pote
common_voice_pt_36948099|Emprego empresarial subsidiado
common_voice_pt_36948101|um erro gravíssimo ao desviar os operários de sua tarefa direta:
common_voice_pt_36948102|Como aplicar um fundo verde?
common_voice_pt_36948103|Quantos biscoitos cada amigo receberá?
common_voice_pt_36948402|Goianápolis
common_voice_pt_36948403|Riacho das Almas
common_voice_pt_36948404|Uma família fica do lado de fora ao pôr do sol bebendo vinho
common_voice_pt_36948405|Pegada do antecessor
common_voice_pt_36948407|Aceleração do tempo.
common_voice_pt_36948408|A única luz no quarto escuro
common_voice_pt_36948409|Serra da Saudade
common_voice_pt_36948410|Simões Filho
common_voice_pt_36948411|Guaçuí
common_voice_pt_36948417|Chamou-o de criminoso de guerra
common_voice_pt_36948418|Pacto do bem
common_voice_pt_36948419|O simum explodiu naquele dia como nunca havia explodido antes.
common_voice_pt_36948420|Fornecer serviços diversificados e ricos
common_voice_pt_36948421|Tome duas ações como um lucro justo.
common_voice_pt_36948422|Um nadador de boné azul está competindo com outros.
common_voice_pt_36948423|uma ânsia desconhecida, um desejo sem definição
common_voice_pt_36948425|Cachoeiro de Itapemirim
common_voice_pt_36948431|Uma menina com um moicano azul está andando.
common_voice_pt_36948438|Pouso Redondo
common_voice_pt_36948440|Circundou todo o perímetro urbano
common_voice_pt_36948441|A paz mundial não é somente possível, mas inevitavelmente inelutável.
common_voice_pt_36948442|reservar uma festa de quatro em um pub altamente cotado
common_voice_pt_36948444|Campanhas por amostragem
common_voice_pt_36948445|Alcobaça
common_voice_pt_36948446|Esses dois níveis são suficientes para uma administração eficiente na situação atual.
common_voice_pt_36948447|Uma redistribuição equilibrada de alunos com necessidades educacionais específicas corresponde a três pontos.
common_voice_pt_36948448|O artigo terceiro do Estatuto da Catalunha diz "A língua da Catalunha é catalã".
common_voice_pt_36948449|Pontal do Paraná
common_voice_pt_36948450|Pelo quinto mês consecutivo
common_voice_pt_36948451|Bento Bernardino dos Reis
common_voice_pt_36948459|Nós treinamos profissionais de circo: especialização de palhaço em espaços não convencionais.
common_voice_pt_36948464|Podemos estacionar esta caravana?
common_voice_pt_36948465|As infra-estruturas na área criam uma barreira à passagem de outras espécies faunísticas.
common_voice_pt_36948471|Acorde de madrugada para a ordenha
common_voice_pt_36948472|Um casal de amigos consertando uma bicicleta de cabeça para baixo.
common_voice_pt_36948473|Mídia continua a perguntar
common_voice_pt_36948474|Taquaral de Goiás
common_voice_pt_36948475|Junqueirópolis
common_voice_pt_36948481|Todas as classes são vistas constantemente, porque são muito próximas.
common_voice_pt_36948482|A tradução foi a mais leal possível.
common_voice_pt_36948483|nicotina, piretrina, sabadina, rotenona
common_voice_pt_36948484|A instituição que é completamente inalterada em pessoal é o fóssil
common_voice_pt_36948485|Não me atrevo a atravessar
common_voice_pt_36948486|Você tem a chave?
common_voice_pt_36948487|São Francisco de Itabapoana
common_voice_pt_36948488|O documento secreto foi revelado
common_voice_pt_36948489|Camilo divergia; aparecer depois de tantos meses era confirmar a suspeita ou denúncia.
common_voice_pt_36948490|Era melhor que o cheiro dos narguilés.
common_voice_pt_36948491|Eu posso ajudá-lo!
common_voice_pt_36948493|Dez minutos para o que?
common_voice_pt_36948495|Adicione azedinha e alecrim para dar sabor
common_voice_pt_36948497|Edifício de entrada
common_voice_pt_36948498|A fábrica foi demitida devido a um mau funcionamento.
common_voice_pt_36948499|Eles se comprometem a transportar armas de fogo.
common_voice_pt_36948500|Nós só temos uma chance
common_voice_pt_36948501|Rastreamento de rostos.
common_voice_pt_36948502|Um turista está lendo um mapa.
common_voice_pt_36948504|Um homem que trabalha em algo sozinho em um ambiente industrial.
common_voice_pt_36948505|Tal momento dipolar oscilante pode trocar energia com uma onda eletromagnética de mesma freqüência.
common_voice_pt_36948507|Eu esqueci um bilhete de trem.
common_voice_pt_36948509|Grazieli, Keliane, Izabele, Ketlen e Evilin
common_voice_pt_36948510|Os cidadãos reagem a essa realidade de maneira contraditória.
common_voice_pt_36948511|Habitação no térreo, porta número um, tipo D, com distribuição própria para morar.
common_voice_pt_36948512|Meu químico me disse para tomar esses comprimidos antes de comer.
common_voice_pt_36948515|A forma de equivalente particular
common_voice_pt_36948519|Saudações aos orixás e entidades
common_voice_pt_36948521|Decidiu comprar um pacote
common_voice_pt_36948522|Lisa está tocando saxofone.
common_voice_pt_36948523|Tecidos: objeto de estudo da histologia
common_voice_pt_36948524|Fevereiro pegou um livro das prateleiras.
common_voice_pt_36948529|Um motociclista fazendo uma curva acentuada.
common_voice_pt_36948537|Faça o porco bem, ele lhe dará boas escolhas.
common_voice_pt_36948538|A estação enfileirou um ingresso
common_voice_pt_36948540|Você pode recomendar uma boa praia?
common_voice_pt_36948547|Enquanto isso, faça um alho picado e salsa e adicione a metade fervendo.
common_voice_pt_36948548|Abotoando sua surrada camisa
common_voice_pt_36948549|Vassouras
common_voice_pt_36948551|Feedback inválido
common_voice_pt_36948552|braço armado, combatentes, conservadores, camponeses, patriótica
common_voice_pt_36948553|Uma das cópias do caso permanece nas mãos do interessado e serve como justificativa.
common_voice_pt_36948554|Esses espaços não podem ser ocupados pelo comerciante ou sua mercadoria.
common_voice_pt_36948557|A nova loja parece ter muitas quedas de energia.
common_voice_pt_36948559|Jack admitiu que os lagartos acrescentaram uma nova dimensão à sua experiência na sauna.
common_voice_pt_36948560|Rodrigo decidiu vender seu iPhone e comprar um celular da Motorola ou Samsung.
common_voice_pt_36948561|Xavantina
common_voice_pt_36948562|O sentimento de mágoa é subjetivo
common_voice_pt_36948568|Embora eu não possa me levantar
common_voice_pt_36948569|Deixe a avó morar em um pequeno apartamento
common_voice_pt_36948570|Cenas noturnas são realmente difíceis de fotografar
common_voice_pt_36948571|Aposto que é uma convocação.
common_voice_pt_36948578|Hoje eu estou tornando a Internet mais inclusiva.
common_voice_pt_36948579|Serra Caiada
common_voice_pt_36948581|O Porto de Mariel fica em Cuba
common_voice_pt_36948582|Oriente os clientes sobre a localização das mercadorias.
common_voice_pt_36948586|Os contratos subscritos não se tornarão indefinidos.
common_voice_pt_36948589|Caso contrário, definitivamente fratura
common_voice_pt_36948592|Ágata Queiroz Cristina
common_voice_pt_36948593|Ruína dos titãs
common_voice_pt_36948594|Por outro lado, atualizar um sistema operacional para outro idioma é geralmente problemático.
common_voice_pt_36948595|De cogumelos você não sabe, não mastiga.
common_voice_pt_36948596|Guerras trazem cicatrizes.
common_voice_pt_36948602|Eu tentei tanto me manter longe das suas palhaçadas.
common_voice_pt_36948603|Ela se sentiu fraca em seu coração.
common_voice_pt_36948604|Sessão de estudo pomodoro
common_voice_pt_36948605|Dois homens ambos com tampas de motorista estão examinando um rebento
common_voice_pt_36948609|Deixe a gira girar
common_voice_pt_36948611|Definição de veloz.
common_voice_pt_36948618|Leia na manhã seguinte e leia
common_voice_pt_36948619|Não é possível ver resultados futuros
common_voice_pt_36948620|reavaliações
common_voice_pt_36948621|Essas mulheres são todas tubarões de cartão, não se deixe enganar.
common_voice_pt_36948622|Mamonas
common_voice_pt_36948623|Desemprego recua com abertura de vagas formais e informais
common_voice_pt_36948624|Essa atitude, nos melhores cenários, leva ao conformismo e incapacidade para a criatividade.
common_voice_pt_36948625|Itamarandiba
common_voice_pt_36948626|As crianças eram quase tirânicas.
common_voice_pt_36948627|É um fato que não acontece com muita frequência nas obras de Wagner também.
common_voice_pt_36948629|Se você colocar algumas fatias de açafrão um pouco torradas, será mais saboroso.
common_voice_pt_36948630|A resignação é um atributo que pode ser desenvolvido
common_voice_pt_36948631|Calibração completa.
common_voice_pt_36948632|Redentora
common_voice_pt_36948633|Adotando uma abordagem de maior risco
common_voice_pt_36948634|Cheguei no aeroporto de Congonhas
common_voice_pt_36948635|Os botões emitiam um som estranho quando pressionados.
common_voice_pt_36948636|Quarenta repetições no supino inclinado
common_voice_pt_36948637|Não possui rotulagem de produtos.
common_voice_pt_36948638|O diretor da biblioteca municipal ou pessoa delegada.
common_voice_pt_36948639|Enquanto investigava uma organização misteriosa
common_voice_pt_36948640|O gancho estava no fundo da rua.
common_voice_pt_36948641|Peste bubônica e gripe aviária
common_voice_pt_36948642|Para tanto, o Departamento deve registrá-los no cadastro de centros que administra.
common_voice_pt_36948643|Abra o Netflix.
common_voice_pt_36948644|A irrelevância da atitude ficou evidente
common_voice_pt_36948645|Projetos liderados por grupos de voluntários.
common_voice_pt_36948646|Você não pode me subornar.
common_voice_pt_36948647|A instituição financeira, se aceitar a operação, cobrará a conta designada pelo comprador.
common_voice_pt_36948653|O agente responde ao comandante de sua própria ação e de seus assistentes.
common_voice_pt_36948654|É apenas uma questão de dias até o livro ser publicado.
common_voice_pt_36948655|Relações pessoais entre pessoas do mesmo bairro.
common_voice_pt_36948656|Quem inventou o computador?
common_voice_pt_36948657|O projeto educacional do centro coletará os valores, objetivos e prioridades de ação.
common_voice_pt_36948663|Geminiano
common_voice_pt_36948664|Após o período de licença maternidade
common_voice_pt_36948666|Veja as capas dos jornais e revistas de hoje completamente grátis.
common_voice_pt_36949098|Muitas melhorias também foram introduzidas graças aos comentários feitos pelos usuários.
common_voice_pt_36949099|Dois Irmãos do Buriti
common_voice_pt_36949100|Cultura pop popular
common_voice_pt_36949101|O açougueiro me deu um quilo de presunto de graça!
common_voice_pt_36949102|Parece-me que nesse caminho fizemos cerca de duzentos.
common_voice_pt_36949103|Quais os principais heterônimos de Fernando Pessoa?
common_voice_pt_36949108|Prado Ferreira
common_voice_pt_36949109|Oceanos Pacífico, Atlântico, Índico, Antártico e Glacial Ártico
common_voice_pt_36949110|Mirou o astrolábio e tocou-o com suas mãozinhas
common_voice_pt_36949111|Eu sou republicano, não sou liberal.
common_voice_pt_36949113|Uso louça velha e mobília velha.
common_voice_pt_36949114|Efetivamente desintegrar ataques violentos em massa
common_voice_pt_36949115|Garcia ficou apreensivo.
common_voice_pt_36949126|Actualmente, o horário de aula não pode encontrar as informações da turma.
common_voice_pt_36949127|Um navio encalha, o preço da gasolina sobe
common_voice_pt_36949128|Carlos de Souza Cavalcante
common_voice_pt_36949130|Deixe cozinhar cerca de quinze minutos.
common_voice_pt_36949131|Projeto do Distrito Oriental e Parque de Biotecnologia
common_voice_pt_36949132|Uma propriedade rural.
common_voice_pt_36949133|Todas as pessoas começam sua participação no programa através desta ação.
common_voice_pt_36949134|Para o governo e para o marranxó, não tenha compaixão.
common_voice_pt_36949135|Fácil de identificar Orion e Polaris
common_voice_pt_36949136|decorrentes de relações de consumo, quando
common_voice_pt_36949137|A nova publicação tem um redator infeccioso.
common_voice_pt_36949141|Eles são blogs bastante pessoais.
common_voice_pt_36949144|A linguagem da religião se torna muito natural para mim.
common_voice_pt_36949145|Nós devemos ser bons.
common_voice_pt_36949147|cumprimento provisório da sentença ou esteja pendente arresto sobre bem do devedor
common_voice_pt_36949148|Palmeiras do Tocantins
common_voice_pt_36949154|Uma mulher que monta uma bicicleta com uma criança em um banco traseiro.
common_voice_pt_36949155|Uma família indiana está unida em um corpo de água olhando para fora.
common_voice_pt_36949156|Consiste em mostrar e armazenar corretamente.
common_voice_pt_36949158|Antônio Guerra Angulo
common_voice_pt_36949159|Em suma, a distração por si só curaria os deprimidos.
common_voice_pt_36949160|Então não diga que é inocente.
common_voice_pt_36949161|um homem de pé fora de uma casa que ele construiu
common_voice_pt_36949162|O Comitê Agrícola alterou a lei
common_voice_pt_36949163|Celino Calixto de Souza
common_voice_pt_36949164|Um cara de calça cáqui e sandálias está em uma lavanderia.
common_voice_pt_36949165|Ele de repente me encontrou do lado
common_voice_pt_36949166|Abriu uma fábrica
common_voice_pt_36949167|Um ponto central para esta reflexão é a concepção de que a informação
common_voice_pt_36949169|A estrada que leva até o castelo é cheia de perigos
common_voice_pt_36949171|Vale a pena considerar
common_voice_pt_36949172|Também estou ansioso para procurar novos talentos.
common_voice_pt_36949173|e esta obrigação lhe deve ser inculcada pelos social-democratas
common_voice_pt_36949177|A maioria dos carros tem ar condicionado nos dias de hoje.
common_voice_pt_36949179|Gatos e cachorros se odeiam.
common_voice_pt_36949180|Alguém que monta uma bicicleta azul da sujeira em um curso da sujeira.
common_voice_pt_36949181|Já é uma sorte que você é poupado de um acidente.
common_voice_pt_36949182|Agarrando cada oportunidade
common_voice_pt_36949183|Ela tem cinco metros de altura.
common_voice_pt_36949184|Um homem de óculos sentado em uma mesa com uma grande pilha de papéis.
common_voice_pt_36949186|Ainda precisa de tempo para esvaziar
common_voice_pt_36949187|Saubara
common_voice_pt_36949188|Mas, por um ano, grandes instituições de caridade não recebem subsídios.
common_voice_pt_36949190|Se chover, choverá o dia todo.
common_voice_pt_36949191|Dói em todo o corpo
common_voice_pt_36949194|Tente você mesmo primeiro.
common_voice_pt_36949199|À meia-noite percebo que falta água.
common_voice_pt_36949200|Itaberá
common_voice_pt_36949201|Se a montanha não for para Maomé, Maomé irá para a montanha.
common_voice_pt_36949205|Esta é uma comparação de maçãs e laranjas.
common_voice_pt_36949208|Não negue e nem concorde com nada, mantenha-se em silêncio
common_voice_pt_36949209|Itaí
common_voice_pt_36949210|Qual idioma você fala com seu pai?
common_voice_pt_36949212|Vovó é uma pessoa que gosta de contar histórias.
common_voice_pt_36949213|Medo de mágoa
common_voice_pt_36949214|Como isso será causado por atrasos?
common_voice_pt_36949215|Os grãos, em princípio, permitem métodos muito mais exóticos.
common_voice_pt_36949218|E a areia e o cascalho tinham sido lançados violentamente em todas as direções.
common_voice_pt_36949222|Pratinha
common_voice_pt_36949223|A corda amarrará os sete livros de uma só vez.
common_voice_pt_36949224|Há pontos em que essas duas espécies de centralização são confusas.
common_voice_pt_36949225|Eu estou acostumada com o chefe.
common_voice_pt_36949226|A sessão sobe
common_voice_pt_36949227|À direita está o riacho das Três Gargantas e a Ponte do Arco.
common_voice_pt_36949228|Ainda existem alguns registros
common_voice_pt_36949229|Adalgisa Apolinario da Silva
common_voice_pt_36949230|Os resultados dos testes dos pais enganados são bons
common_voice_pt_36949236|Tem forte concorrência no espaço político da regeneração democrática.
common_voice_pt_36949238|Não consigo encontrar a régua no meu estojo.
common_voice_pt_36949239|Caras trabalhando do lado de fora do prédio
common_voice_pt_36949246|Ele era um ser insignificante e pretensioso.
common_voice_pt_36949247|Está ventando.
common_voice_pt_36949253|Os diamantes são para sempre.
common_voice_pt_36949257|Ibiapina
common_voice_pt_36949258|Os artistas da praça mostraram-se nus.
common_voice_pt_36949259|Esta ação pode incluir atividades de conscientização, informação e divulgação.
common_voice_pt_36949260|Eu vou no baile funk mais tarde.
common_voice_pt_36949266|Promoverá ativamente o caso de desenvolvimento
common_voice_pt_36949267|Quanto ao primeiro, discutiremos um tópico de verdade.
common_voice_pt_36949268|Seres heterótrofos são capazes de decompor compostos inorgânicos
common_voice_pt_36949269|Como novidade, também introduzimos a possibilidade de distribuir conteúdo para outras pessoas.
common_voice_pt_36949270|Beba café e coma chocolate
common_voice_pt_36949278|Dois homens falaram em árabe enquanto tomavam uma bebida no bar.
common_voice_pt_36949280|Isto é o que não é revelado de antemão.
common_voice_pt_36949281|Qual o teu apelido ou alcunha?
common_voice_pt_36949283|o julgamento de processos em bloco para aplicação
common_voice_pt_36949284|Lave legumes e verduras todas as manhãs
common_voice_pt_36949285|Todos admiraram a súbita mudança na sua fisionomia a princípio tão alegre.
common_voice_pt_36949288|Em outros, os poderes legislativo e judicial são completamente confusos.
common_voice_pt_36949293|Passa Tempo
common_voice_pt_36949295|A melhor parte do valor é a discrição
common_voice_pt_36949297|Nós temos escritórios em todo o mundo.
common_voice_pt_36949298|compromissos militares
common_voice_pt_36949299|Com relação a esta área, a legalização das fazendas existentes será possível.
common_voice_pt_36949300|A força é trabalhar com os silos.
common_voice_pt_36949306|Mas a maioria permaneceria improdutiva se fosse mantida dispersa.
common_voice_pt_36949307|Lidar com a velocidade mais rápida
common_voice_pt_36949308|Pode ligar para a linha de consulta
common_voice_pt_36949310|Vacaria
common_voice_pt_36949311|Entre os traficantes, os fabricantes, os agricultores, têm amigos momentaneamente obscurecidos.
common_voice_pt_36949313|Duas serpentes venenosas foram encontradas no terreno
common_voice_pt_36949315|Delinear a ocorrência e mudanças
common_voice_pt_36949316|Super engarrafamento, realmente não pode andar
common_voice_pt_36949317|Você tem um plano para pagar a taxa de filiação?
common_voice_pt_36949318|Mantém contatos e relações periódicas com as autoridades locais.
common_voice_pt_36949319|Nos primeiros séculos da existência da cidade, foi uma ponte de madeira.
common_voice_pt_36949320|Logo à tarde vou ao supermercado.
common_voice_pt_36949321|O tempo hoje está trinta e dois graus, bom para ir à praia
common_voice_pt_36949322|E agora eram apenas quatro dias antes que ele voltasse àquela mesma aldeia.
common_voice_pt_36949323|Espere até o final
common_voice_pt_36949324|Há um risco de contaminação
common_voice_pt_36949325|Eu ajustei o alarme para as seis horas da manhã.
common_voice_pt_36949327|O garçom foi até o teclado para destravar a entrada do depósito da adega.
common_voice_pt_36949328|A luz da lavanderia queimou, acabei de chamar a manutenção.
common_voice_pt_36949329|Apenas projetos cujo investimento seja superior a quatro mil euros serão considerados.
common_voice_pt_36949340|O relatório coletou uma série de considerações sobre os regulamentos do Plano.
common_voice_pt_36949341|Traduzir do mandarim para o espanhol
common_voice_pt_36949343|Essa avaliação é devolvida aos serviços sociais básicos que estão monitorando a situação.
common_voice_pt_36949347|As informações e conhecimentos desenvolvidos nos projetos serão de propriedade do beneficiário do projeto.
common_voice_pt_36949349|Seus topos arredondados têm acessos fáceis para mil lugares.
common_voice_pt_36949360|exame de código genético
common_voice_pt_36949361|Cronometrar quarenta segundos
common_voice_pt_36949362|A conversa foi interrompida pelo chefe do depósito.
common_voice_pt_36949363|O artigo deve ser amplamente reescrito antes de qualquer reenvio.
common_voice_pt_36950812|O homem está instalando a telha na parede do banheiro.
common_voice_pt_36950814|o melhoramento, o apoio e o restabelecimento de sua economia
common_voice_pt_36950815|Você assistiu esse novo clipe de música?
common_voice_pt_36950816|Claudemar Silva da Costa
common_voice_pt_36950817|O café também foi incluído na refeição; Por que eles deveriam se mudar?
common_voice_pt_36950820|Isis, Soraia, Thaís, Cíntia, Ronald e Cristiane
common_voice_pt_36950822|Coloque um adesivo de tatuagem de primavera no braço
common_voice_pt_36950823|Rolândia
common_voice_pt_36950824|Mantenha a escotilha apertada e o relógio constante.
common_voice_pt_36950825|Bertolínia
common_voice_pt_36950826|Dois jogadores de bola de futebol estão perseguindo a bola.
common_voice_pt_36950827|O ambiente também é muito ruim
common_voice_pt_36950828|Põe-no sobre a cômoda.
common_voice_pt_36950829|Remou até chegar na outra margem
common_voice_pt_36950830|Anizio Marques da Silva
common_voice_pt_36950831|Qual o Instagram dele?
common_voice_pt_36950832|Salve-se quem puder
common_voice_pt_36950833|O papo é reto.
common_voice_pt_36950834|Portanto, nossa versão é diferente da outra, embora perfeitamente compatível.
common_voice_pt_36950835|Quando poderemos observar a passagem do cometa?
common_voice_pt_36950836|Assistindo a expressão de sua filha triste
common_voice_pt_36950837|Cabaceiras
common_voice_pt_36950838|A discussão na festa será agora à luz do que aconteceu no painel.
common_voice_pt_36950840|Essas pessoas são dançarinas de samba!
common_voice_pt_36950841|Zelma Aparecida da Silva
common_voice_pt_36950842|Não foi possível criar uma versão semelhante a um jornal on-line.
common_voice_pt_36950844|A Latam fez uma promoção ontem.
common_voice_pt_36950845|Por gentileza, confirme sua digital para validação do documento baseado em blockchain
common_voice_pt_36950846|Esse pessoal pode ser seu próprio ou subcontratado.
common_voice_pt_36950848|A corrente apertou com a placa média.
common_voice_pt_36950849|Pacote quente é super barato
common_voice_pt_36950850|Lavrinhas
common_voice_pt_36950851|Carreira para explorar a aprendizagem no local de trabalho
common_voice_pt_36950852|Ele precisa armazenar dados de seus clientes, por exemplo, que o sistema não prevê.
common_voice_pt_36950853|Mariele, Izadora, Hanna, Emile e Deivison
common_voice_pt_36950854|O cão marrom com uma bandana vermelha está sentado com as patas no computador.
common_voice_pt_36950855|Quais filmes animados estão sendo exibidos nas proximidades
common_voice_pt_36950856|Para descobrir o limite exato, precisamos repetir isso de maneira reproduzível.
common_voice_pt_36950857|Duas mulheres que sentam-se para baixo lendo jornais.
common_voice_pt_36950858|Compartilhar experiências e incentivar jovens
common_voice_pt_36950859|Aprender habilidades de trabalho e interação interpessoal
common_voice_pt_36950861|Há também ataques aéreos e guerras
common_voice_pt_36950862|É importante para mim manter a Internet saudável.
common_voice_pt_36950863|O café fresco é muito melhor do que o material liofilizado.
common_voice_pt_36950866|Esta cerveja foi fabricada na Alemanha, mais especificamente na Baviera.
common_voice_pt_36950867|Usando satélites para acessar a Internet no espaço
common_voice_pt_36950868|O dialeto do norte é fácil de entender.
common_voice_pt_36950870|Eu acho que vou me juntar ao grupo neste final de semana.
common_voice_pt_36950872|De Tortosa gostei da catedral, que não gosta de ninguém!
common_voice_pt_36950873|De que maneira podemos ficar seguros quando há um terremoto?
common_voice_pt_36950874|Muitos castiçais fazem um doce de vela.
common_voice_pt_36950875|As pessoas estão fora de um mercado.
common_voice_pt_36950877|Um homem sentado em um escritório em um computador.
common_voice_pt_36950878|Eles voltaram para os portões do mosteiro.
common_voice_pt_36950879|Eles estão adotando metodologias ágeis.
common_voice_pt_36950880|Lasanha feita para veganos
common_voice_pt_36950881|Tabocas do Brejo Velho
common_voice_pt_36950882|O petróleo está sempre no topo.
common_voice_pt_36950884|Não cumprimento da obrigação de seguro, que é obrigatória.
common_voice_pt_36950885|Você pode me enviar um formulário de inscrição via e-mail?
common_voice_pt_36950886|Eles se preparam silenciosamente para o rescaldo
common_voice_pt_36950887|Na metade do cozimento, adicione o alho picado e salsa.
common_voice_pt_36950888|Cerqueira César
common_voice_pt_36950889|Um cão marrom possessivamente agarra um Frisbee roxo em um campo
common_voice_pt_36950890|É necessário elaborar e projetar apoio para a institucionalização do cluster criando instituições.
common_voice_pt_36950893|Eles trouxeram um grupo de pessoas
common_voice_pt_36950894|O cenário desapareceu devido à abertura da floresta
common_voice_pt_36950895|Resolução judicial que implica a desqualificação acessória para o exercício da profissão.
common_voice_pt_36950896|O homem mora longe, sabemos que ele nos procura e geralmente nos deixa vivos.
common_voice_pt_36950897|Fui salvo pelo gongo
common_voice_pt_36950898|destinado a aliviar a nossa melancólica humanidade
common_voice_pt_36950899|Qual é a comprovação científica disso?
common_voice_pt_36950900|Mascote da cidade de Taipei
common_voice_pt_36950901|Recheio de feijão vermelho é doce, mas não gorduroso
common_voice_pt_36950902|Se houver necessidade de assistência
common_voice_pt_36950903|Dois homens estão trabalhando em uma ferrovia.
common_voice_pt_36950905|Muito tocante
common_voice_pt_36950906|O texto não discute o significado e o efeito dos pesos.
common_voice_pt_36950907|A bíblia deve ser interpretada de acordo com o contexto em que foi escrita
common_voice_pt_36950908|Posição original não recuperada
common_voice_pt_36950914|Nas duas primeiras tentativas, ouvimos apenas seu motivo inicial.
common_voice_pt_36950915|Algumas pessoas preferem não quantificar seus sentimentos dessa maneira.
common_voice_pt_36950916|Dois internos viraram residentes
common_voice_pt_36950917|É íntimo e familiar, e abriga um café amigável.
common_voice_pt_36950918|Um touro está correndo em direção a um pano vermelho.
common_voice_pt_36950959|Até os próximos trinta anos
common_voice_pt_36950960|Eu preciso de uma toalha.
common_voice_pt_36950962|Já perdeu para o presidente, esperando por suas novidades
common_voice_pt_36950963|A divisão digital não termina quando as pessoas estão conectadas à Internet.
common_voice_pt_36950965|Não é propício para modificação
common_voice_pt_36950966|Unidade não vai cair
common_voice_pt_36950968|Rodeio Bonito
common_voice_pt_36950979|Perdi o ônibus de novo.
common_voice_pt_36950980|Um homem está esmagando algo entre dois pedaços de madeira.
common_voice_pt_36950981|Guarulhos
common_voice_pt_36950982|Que tal um pouco desse bom spaghetti?
common_voice_pt_36950983|Descobri que minha caixa de correio não recebeu a carta.
common_voice_pt_36950984|Xambioá
common_voice_pt_36950985|Cordeiro assado está cheio
common_voice_pt_36950987|A sentença foi muito curta disse o advogado.
common_voice_pt_36950988|Analise possíveis aplicações e oportunidades
common_voice_pt_36950989|Compromissos para expandir a rede na área que assumirá a empresa.
common_voice_pt_36950990|Declaramos, portanto, a delimitação e a ampliação da propriedade em tais termos.
common_voice_pt_36950991|Isso impulsionará campanhas de conscientização.
common_voice_pt_36950992|Carmelio Bezerra de Almeida
common_voice_pt_36950993|Sob nenhuma circunstância a irrigação de áreas verdes será aceitável com água potável.
common_voice_pt_36950994|Todos podem aproveitar ao máximo o tempo
common_voice_pt_36950995|Ativar modo silencioso.
common_voice_pt_36950996|Pode ser anexado à parte de trás da capa do telefone
common_voice_pt_36950997|Caindo no chão com uma bengala
common_voice_pt_36950998|O diabo encontra trabalho para mãos ociosas.
common_voice_pt_36951000|Ele levantou o troféu alto.
common_voice_pt_36951001|Cadeiras de garçom são usadas para cair
common_voice_pt_36951002|Educar em um novo paradigma de gestão do conhecimento.
common_voice_pt_36951003|Projeto de reforço prioritário
common_voice_pt_36951005|Isso me deixou muito deprimido.
common_voice_pt_36951006|Quanto recalque
common_voice_pt_36951007|As seções de crédito não possuem personalidade jurídica.
common_voice_pt_36951008|Verdejante
common_voice_pt_36951009|Data de revisão da instalação.
common_voice_pt_36951010|Atibaia
common_voice_pt_36951011|O autor e o público estão, ao mesmo tempo, se corrompendo mutuamente.
common_voice_pt_36951013|Meu tablet da wacom tem um fio suspeito.
common_voice_pt_36951015|Os certificados administrativos eletrônicos produzem efeitos idênticos aos emitidos em suporte de papel.
common_voice_pt_36951016|reservar um restaurante na Geórgia
common_voice_pt_36951018|Preparação de superfícies a serem cortadas.
common_voice_pt_36951022|Vou te enviar uma caixa.
common_voice_pt_36951023|O gado reprodutivo e o gado são mantidos na mesma capacidade.
common_voice_pt_36951026|Lave todas as dúvidas
common_voice_pt_36951027|Inspirou meu interesse
common_voice_pt_36951028|Inscrito na lápide
common_voice_pt_36951029|Pontal do Araguaia
common_voice_pt_36951030|Mojuí dos Campos
common_voice_pt_36951031|A lista de palestrantes especialistas é super forte
common_voice_pt_36951032|Tribunais de contas, contabilidade e orçamento
common_voice_pt_36951033|O ouriço estava coletando folhas marrons.
common_voice_pt_36951034|Mostre dois colares de ouro
common_voice_pt_36951035|Ele é um alcoólatra furioso.
common_voice_pt_36951036|Malacacheta
common_voice_pt_36951037|Buscar livros de literatura infantil
common_voice_pt_36951038|Observar um máximo de dois campos de conhecimento na aplicação é meramente indicativo.
common_voice_pt_36951039|O sumo sacerdote, a sacerdotisa, o mago, a feiticeira e o druida
common_voice_pt_36951041|Vai continuar a manter a diplomacia urbana
common_voice_pt_36951042|Abra novos horizontes para novas equipes
common_voice_pt_36951043|Quero a lista de filmes exibidos à noite no cinema
common_voice_pt_36951044|O não cumprimento da despesa mínima definida resultará na revogação do subsídio concedido.
common_voice_pt_36951045|A lagarta respondeu com um aceno de cabeça.
common_voice_pt_36951046|Clique com cautela na resposta!
common_voice_pt_36951047|Colocar o carrinho antes do cavalo.
common_voice_pt_36951048|Eu vi os dados antigos
common_voice_pt_36951049|Não há problema em pensar devagar
common_voice_pt_36951050|Dois homens em uma mesa discutindo alguns papéis.
common_voice_pt_36951051|Ainda há uma chance tão grande de ser eliminada
common_voice_pt_36951053|Documentação provando a representação com a qual o signatário atua.
common_voice_pt_36951055|Vênus é um planeta muito quente.
common_voice_pt_36951056|Rio Grande do Sul, Paraná e Santa Catarina
common_voice_pt_36951057|Às sextas eu gosto de fazer um vinil.
common_voice_pt_36951058|Dois homens montando cavalos em um rodeio enquanto perseguindo um touro.
common_voice_pt_36951059|Eu tirei um monte de fotos
common_voice_pt_36951060|As regras que criaram o estilo estão quase destruídas.
common_voice_pt_36951061|Tenha um trabalho para ter acesso a contatos externos
common_voice_pt_36951062|Cuide do telefone
common_voice_pt_36951063|Precisarei de um analgésico
common_voice_pt_36951065|Chapecó
common_voice_pt_36951066|meu pai ainda estava na antiga fazenda de Itaguaí, e eu acabava de nascer.
common_voice_pt_36951067|não parece que reúna em si todos os elementos de uma tragédia
common_voice_pt_36951068|Encontrados apenas seis minutos restantes
common_voice_pt_36951069|Não há sinal que exija autorização prévia sem esse requisito.
common_voice_pt_36951070|A semente é necessária para plantar o milho da primavera.
common_voice_pt_36951071|Rugas no rosto
common_voice_pt_36951073|Planejamento de atividades promocionais relacionadas
common_voice_pt_36951074|Não sopre na minha trombeta.
common_voice_pt_36951075|Costumava haver um hábito de jogar
common_voice_pt_36951076|Me leve até a estação de trens interestaduais
common_voice_pt_36951078|Não tenha medo.
common_voice_pt_36951080|Você não precisa se preocupar tanto.
common_voice_pt_36951081|Certifique-se de soletrar o nome corretamente.
common_voice_pt_36951082|Em caso afirmativo, o lançamento será considerado nulo e não poderá ser repetido novamente.
common_voice_pt_36951083|A segunda credibilidade no mundo
common_voice_pt_36951086|Uma mesa com estrutura de aço separava uma metade da sala da outra.
common_voice_pt_36951087|Para alunos com disciplinas não aprovadas na avaliação final, haverá um teste extraordinário.
common_voice_pt_36951088|Entre mortos e feridos salvaram-se todos.
common_voice_pt_36951091|Faça ela se sentir relaxada
common_voice_pt_36951093|À procura de uma máquina de venda nas proximidades para beber bebidas quentes
common_voice_pt_36952265|A parte das despesas executadas fora deste período não está sujeita a subsídio.
common_voice_pt_37818452|hieroglífica, golfo pérsico, iranianos, jônios, eólicos, dóricos, arcaico, cretense, micênica
common_voice_pt_37818456|Ele tomava o chá de cacto de peyote, uma droga alucinógena e psicodélica legal
common_voice_pt_37818457|O cigarro eletrônico foi proibido sendo que é mais saudável que o cigarro tradicional
common_voice_pt_37818458|Ele ainda está desaparecido, estão buscando, mas sem sucesso
common_voice_pt_37818459|O site do governo foi hackeado
common_voice_pt_37818461|Cidades-estado, pontiagudo, cunha, acádio, Mesopotâmia
common_voice_pt_37818462|Austrália, insurgência, Hezbollah, israelo-libanesa, patrulhamento, bombardeios
common_voice_pt_37818464|Médicos legistas e odontolegistas
common_voice_pt_37818466|Ele carregava galões de gasolina e álcool para iniciar um incêndio, era um incendiário
common_voice_pt_37818469|Ele é psicopata, sociopata, misógino e antissocial
common_voice_pt_37818471|Comprei um rifle, uma pistola, uma granada de fragmentação
common_voice_pt_37818472|Afeganistão, Omã, Catar, Kuwait, Iêmen, Judá
common_voice_pt_37818474|Ele usa metadona para redução de danos
common_voice_pt_37818477|Dois terços, Eufrates, tardia, liga de Assua, presumivelmente, topográfico
common_voice_pt_37818478|Egito, egípcios, atenienses, espartanos, Atenas, Esparta
common_voice_pt_37818479|Saddam Hussein, Nasser, antiocidentais
common_voice_pt_37818480|Estrabão, sacas, getas, avéstico, védico
common_voice_pt_37818481|Ele tomava bala, doce, anfetaminas, metanfetamina e estava em surto psicótico, tendo muitas alucinações
common_voice_pt_37818483|A facção executou seu rival
common_voice_pt_37818484|Ásia Menor, Anatólia, anatoliano, Peloponeso, Constantino
common_voice_pt_37818485|Helenizada, selêucidas, Tigranes, Armênia, Pompeu, Lúculo
common_voice_pt_37818486|Aquemênida, Indo, Cassandro, Seleuco, Lisímaco, gálatas, helenísticos
common_voice_pt_37818487|Tem um cara me seguindo
common_voice_pt_37818488|Eu assaltei uma joalheria e um banco, mas fui preso na segunda vez
common_voice_pt_37818491|O marido esfaqueou ela, ela gritou e os vizinhos ouviram
common_voice_pt_37818492|Aral, iranianas, Manziquerta, reconquistas bizantinas, mongólicas, Osmã
common_voice_pt_37818494|Igreja ortodoxa, ortodoxia, ortodoxo, heterodoxo
common_voice_pt_37818496|Tô levando cigarro contrabandeado do Paraguai para a fronteira com escolta
common_voice_pt_37818497|Levei o corpo pra uma roça, um sítio, um lugar distante
common_voice_pt_37818499|caixinhas, diabetes tipo, hipertensão, pílula anticoncepcional, hipotireoidismo
common_voice_pt_37818502|pré-história, sítios arqueológicos, sambaqui, heteus, Hatusa, Troia, egeia, não-heteus
common_voice_pt_37818503|Dorflex, xarelto, selozok
common_voice_pt_37818504|diádoco, Monoftalmo, Nicomedes, Bitínia, Antíoco
common_voice_pt_37818505|Ele anda esquisito, se converteu ao islamismo e virou muçulmano
common_voice_pt_37818507|A rotina e o trajeto do carro-forte foi mapeado e delineado
common_voice_pt_37818508|A estatura e a ancestralidade cadavérica foi identificada
common_voice_pt_37818510|Medos, Jardins Suspensos da Babilônia
common_voice_pt_37818512|Evangelho de Marcos, Biblos, Gebal, papiro, baixo-relevo, Corsabade
common_voice_pt_37818513|Ele fez uma chacina, um massacre, um tiroteio em massa
common_voice_pt_37818515|proto-semíticos, semitas, península arábica, Corno de África
common_voice_pt_37818516|Ela foi fatiada e queimada vida, dentro de pneus
common_voice_pt_37818517|Ele tinha atropelado uma ciclista mas fugiu da cena do crime
common_voice_pt_37818518|Planta a bomba na A
common_voice_pt_37818519|Cagueta não tem vez
common_voice_pt_37818520|Hitita, micênicos, Aqueus, Teres, Luca, sardenhos, Serdem, Cadexe
common_voice_pt_37818522|Tales de Mileto, Pitágoras, jônia, orientalziante, Toscana, itálica, Argélia, Bosa, Sardenha
common_voice_pt_37818525|Moisés, monoteístas, judaica, cristã, islâmica
common_voice_pt_37818528|O corpo está num saco preto no porta-malas
common_voice_pt_37818529|Ele tá fazendo os corres para a facção
common_voice_pt_37818530|golfo, Azerbaijão, Armênia, Geórgia, irã, Iraque, Síria, ortográfica
common_voice_pt_37818532|Necrofilia foi praticada pelo médico legista e pelo rabecão no hospital
common_voice_pt_37818536|Galácia, Gália, gauleses, gálatas, frígia, Ancira, Ancara, Midas, Górdio
common_voice_pt_37818537|romano-persas, califas, visigótica, gótica, gótico, Omíada
common_voice_pt_37818538|Os skinheads neonazistas mataram uma gangue de punks anarquistas
common_voice_pt_37818541|Um necrófilo invadiu o cemitério e arrombou uma tumba, fazendo sexo com o defunto
common_voice_pt_37818542|Cortaram a cabeça dela e o resto dos membros
common_voice_pt_37818544|Roubou um carro e fugiu, atropelou pessoas
common_voice_pt_37818545|Édito de Milão, bárbaros, ocidente, oriente
common_voice_pt_37818546|Ela foi morta, executada, assassinada, apagada
common_voice_pt_37818547|Ela era necrófila e praticava sexo com cadáveres e defuntos no necrotério
common_voice_pt_37818550|Arianos, Ansã, aquemênidas, metonímico, sassânidas, xá, Irão, dárico, Safávida
common_voice_pt_37818551|Ele gostava de tomar clonazepam, diazepam e sertralina
common_voice_pt_37818552|Caguei com tudo, matei a vadia, a polícia vai descobrir
common_voice_pt_37818553|Amonitas, Fenícia, caldeu, Abraão, Isaac, Jacó
common_voice_pt_37818554|italiotas, Lácio, Nápoles, Siracusa, Magna, romanização, etruscos, Tirreno
common_voice_pt_37818555|Persas, Ciro, Eufrates, acadianos
common_voice_pt_37818556|Faz esse favor pra mim
common_voice_pt_37818557|Ele drogou a bebida da jovem numa balada e a molestou. Ela não lembra
common_voice_pt_37818559|Eletrólitos, vômitos diarreias, insuficiência cardíaca, dor, febre
common_voice_pt_37818560|Ele fumava ganja, cannabis, maconha e salvia divinorum
common_voice_pt_37818561|Ativar gravação de chamada e áudio
common_voice_pt_37818562|Marrocos, Bagdá, normandos, Palermo, Fatímida, bizantina
common_voice_pt_37818563|hebraica, septuaginta, torá, alcorão, talmude
common_voice_pt_37818564|Não mexe no meu zap
common_voice_pt_37818565|Ele defendia a eugenia e a raça superior ariana
common_voice_pt_37818567|Babilônia, Macedônia, bizantinos
common_voice_pt_37818569|Afexárida, Antioquia, Teerã, Arbela, Ária, Bactro
common_voice_pt_37818570|Ísis, Melcarte, Osíris, Shed, Reshef, Yam
common_voice_pt_37818571|Cortona, Todi, Orvieto, veios, Tarquinia, Fescênia
common_voice_pt_37818573|Necrochorume infesta cemitérios e aquíferos
common_voice_pt_37818575|O prontuário estava sujo e maculado de vícios
common_voice_pt_37818576|Masságetas, presbítero, Helesponto, Cáucaso, Marduque, iluminura, Hárpago
common_voice_pt_37818578|Haha, que viagem, isso.
common_voice_pt_37818580|Sátrapa, Nabonido, Amásis, Capadócia, Isaías, Daniel, Esdras, Jeová
common_voice_pt_37818581|Ela tem mania de perseguição
common_voice_pt_37818582|Ibéria, Guerras Púnicas, Seleuco, Antígono, Demétrio, Ptolemeus, Astarte
common_voice_pt_37818583|genética, haplogrupo, Tunísia, Beirute, Amarna
common_voice_pt_37818584|A bancada foi comprada, eles vão votar junto conosco
common_voice_pt_37818585|molusco gastrópode, Sarepta, vinhas, Ascalão, jarras, terracota
common_voice_pt_37818588|Vacilão morre cedo
common_voice_pt_37818589|Ele está numa fase de hipomania. Antes estava numa fase depressiva
common_voice_pt_37818590|Redpill, incel, ancap, mangina
common_voice_pt_37818591|Eles tem bipolaridade e borderline
common_voice_pt_37818592|Gizé, Olímpia, Zeus, Ártemis, Mausoléu, Helicarnasso, Colosso de Rodes
common_voice_pt_37818593|proto-canaanita, alfabeto, inscrição, Egeu, subgrupo, noroeste, amálgama
common_voice_pt_37818594|Ugarítico, aramaico, etíope, gala, amárico, maltês, tigrínia
common_voice_pt_37818597|O programa e o livro foram pirateados e disponibilizados gratuitamente na internet
common_voice_pt_37818598|Ele usava a pistola taurus e glock
common_voice_pt_37818599|Cátaros, mongóis, toltecas, zapotecas, mixtecas
common_voice_pt_37818600|Pré-homérico, homérico, balcânica, indo-europeus, arianos
common_voice_pt_37818601|Ela preferia cigarro de menta ou mentolado
common_voice_pt_37818602|Hicsos, árabes, arameus, sefarditas, asquenazitas, diáspora
common_voice_pt_37818604|Peritos da criminalística identificam serial killer
common_voice_pt_37818606|Ele tem uma ponto cinquenta atrás da picape
common_voice_pt_37818607|epônimo, cedros-do-líbano, sarcófago, Cádis
common_voice_pt_37818609|Finlândia, intifada, Oslo, Osama Bin Laden, Talibã
common_voice_pt_37818610|Tem uma biqueira com traficantes da facção ali em cima na favela
common_voice_pt_37818611|A muamba já tá vindo, vai chegar no aeroporto
common_voice_pt_37818613|Novalgina, lisador, doralgina, doril, dipirona, lacto-purga
common_voice_pt_37818614|Dagon, Tanit, primogênitos, Baal, Hades, Poseidon, Cadmo, dragão, ânfora, Eubeia
common_voice_pt_37818615|Samósata, Sárdis, Sidom, Susa, Tarso
common_voice_pt_37818616|Ela traficava drogas em bairros de classe média alta
common_voice_pt_37818618|Ele está com um coágulo no cérebro
common_voice_pt_37818619|O buceta, que droga, que merda, que caralho
common_voice_pt_37818620|Tô nem ai
common_voice_pt_37818624|Casa de Saud, protetorado, britânico, Transjordânia, Jordânia, Abedalá
common_voice_pt_37818625|O tráfico dominou a favela e os moradores pagam impostos e taxas
common_voice_pt_37818626|Chipre, aiatolá Khomeini, alcaida, Ucrânia, Cuaite, Baçorá, Emirados Árabes Unidos
common_voice_pt_37818629|Hebreus, hebreu, pictograma, fonéticos, suméria, migratórios
common_voice_pt_37818630|Ele morreu degolado na cela da penitenciária
common_voice_pt_37818632|Ele fez bombas caseiras de fragmentação, com pregos e misturas químicas explosivas
common_voice_pt_37818633|Tinha um corpo boiando no rio, mas não quis denunciar
common_voice_pt_37818634|Ele defendia a perseguição de minorias
common_voice_pt_37818635|Invoca o exu caveirinha
common_voice_pt_37818636|Ele pensou em se vingar
common_voice_pt_37818637|A lâmpada pifou, estragou.
common_voice_pt_37818640|Ela adorava fumar narguilé com essências e sabores diversos
common_voice_pt_37818641|Pan-turquismo, Meca, ocidentalização e secularização, emancipadas, latino
common_voice_pt_37818642|Hierápolis, Hircânia, Estacar, Candaar, Pasárgada, Persépolis, Samaria
common_voice_pt_37818643|Essa vagabunda vai pagar com a vida
common_voice_pt_37818644|O assalto ao carro-forte deu certo
common_voice_pt_37818645|Hackearam o site do governo
common_voice_pt_37818647|Sassânidas, Partas, Tauro, turcos, cruzada, oguzes, seljúcidas, uralo-altaica
common_voice_pt_37818648|Segura e joga a granada
common_voice_pt_37818649|A arcada dentária daquela vadia foi encontrada, estamos fritos
common_voice_pt_37818650|Estuprei ela, foi forçado. Mas ela tinha me estuprado antes, fui abusado.
common_voice_pt_37818653|Ele falsificou vários documentos públicos importantes
common_voice_pt_37818654|Corupédio, Lisímaco, Sóter, Gonatas, Filadelfo, indianos, hinduístas, hinduísmo
common_voice_pt_37818655|Greco-bactriano, arsácida, cuchana
common_voice_pt_37818656|O helicóptero com a mercadoria está chegando, sejam ligeiros em pegar a muamba
common_voice_pt_37818657|Pigmalião, cananeia, cananeu
common_voice_pt_37818658|A milícia dominou o Rio de Janeiro
common_voice_pt_37818659|Ibuprofeno, levotiroxina
common_voice_pt_37818662|sultanatos, sacro, condado de Edessa, Principado, Reino de Jerusalém
common_voice_pt_37818663|Ele se embriagou e atropelou crianças, os órgãos estouraram jorrando sangue por toda parte
common_voice_pt_37818664|Planta a bomba na B
common_voice_pt_37818665|O policiamento é fraco nessa região
common_voice_pt_37818666|Enterraram a droga para despistar os policiais e cães farejadores
common_voice_pt_37818667|fenícia, vassalos, Artaxerxes, Xerxes, Diodoro Sículo, Árados
common_voice_pt_37818669|encomendado, arqueológico, Eritreia, minoica, geneticistas
common_voice_pt_37818671|Anasazis, inuites, iroqueses, olmecas, Montezuma
common_voice_pt_37818672|Sangário, Justino, Breno, tolistóbogos, Amintas, Midas, Apolo, Delfos, gaulês
common_voice_pt_37818673|Superintendência de polícia técnico-científica
common_voice_pt_37818675|Ele hackeou a comunicação com a polícia
common_voice_pt_37818677|Torturei aquele filho da puta até a morte, enviei foto do corpo pra família
common_voice_pt_37818678|Esconderam a bucha ali no matagal, no mato
common_voice_pt_37818679|O sol negro é um símbolo neonazista usado pelos ucranianos
common_voice_pt_37818680|Degolaram. Ela foi degolada e enterrada
common_voice_pt_37818682|Ela era uma zoófila e praticava atos de bestialidade e zoofilia. Foi presa
common_voice_pt_37818683|Já fiz de tudo e não adiantou de nada
common_voice_pt_37818684|cipriotas, célebres, faiança, Egeu, dispersão, Eubeia, levantina
common_voice_pt_37818685|Usei um pé de cabra pra arrombar o portão, meus comparsas invadiram junto
common_voice_pt_37818688|Coloquei um sonífero na bebida, boa noite cinderela, para fazer o boy desmaiar
common_voice_pt_37818689|Ele pretendia explodir um prédio e fazer uma grande explosão
common_voice_pt_37818691|Ele invadiu uma escola e fez um atentado terrorista
common_voice_pt_37818695|Vikings, escandinavos, celtas, gauleses, romanos
common_voice_pt_37818696|Ocultamos o corpo, precisamos descartar as ferramentas do crime
common_voice_pt_37818697|Ele queria matar sua namorada
common_voice_pt_37818698|Saladino, Acre, Sidom, bastiões, mameluco, Damasco, Cairo, Cutuz
common_voice_pt_37818699|Crescente fértil, politeístas, agropastoreio
common_voice_pt_37818700|Comi ela mesmo
common_voice_pt_37818702|Exames como os necroscópicos, tanatologia, toxicologia são importantes
common_voice_pt_37818703|ilcanato, grão-cã, khan, Quedebuga, Orontes, emires, Selim, reinado, abássida
common_voice_pt_37818704|Ele fez uma mistura de remédios, o lean, e ficou esquizofrênico
common_voice_pt_37818705|meridional, pirataria, pirateado, pirateada
common_voice_pt_37818706|Ela gosta de ser dominada e dominar
common_voice_pt_37818709|Cadáver do acidente estava desfigurado, cérebro escorria sobre o asfalto enquanto cão lambia
common_voice_pt_37818710|Ágade, Sargão, gútios, Hamurábi
common_voice_pt_37818712|Amoritas, caldeus, elamitas, cuneiforme, zigurates
common_voice_pt_37818713|Eu vou matar esse desgraçado
common_voice_pt_37818714|Ela é praticante de sadomasoquismo e masoquismo
common_voice_pt_37818722|birremes, galé, velas, remos, epicentro
common_voice_pt_37818725|Ele é protofascista, fascista e neofascista
common_voice_pt_37818726|O interpol conseguiu prender células de grupos terroristas neonazistas brasileiros da internet
common_voice_pt_37818727|A extração da cocaína deu certo
common_voice_pt_37818729|Napoleão Bonaparte, Holanda, Inglaterra, França, Índia, China, Malásia, Indonésia
common_voice_pt_37818730|Recua e chama um médico
common_voice_pt_37818731|Godos, ostrogodos, burgúndios, hunos, visigodos
common_voice_pt_37818732|Hackers invadem bancos de dados públicos e vendem dados sigilosos e sensíveis
common_voice_pt_37818733|Leonório, Leotário, moribundo, Museus Capitolinos, ptolemaico, Cerauno, Antígono Gônatas
common_voice_pt_37818734|A cova ficou muito rasa, a polícia vai descobrir desse jeito
common_voice_pt_37818738|Era um verdadeiro stalker
common_voice_pt_37818740|Antioquia, Paquistão, coiné, politeísmo, oligárquica, Basileu, Seleuco
common_voice_pt_37818742|Netuno, Ugarit, Yamm, Mot, Ponto
common_voice_pt_37818743|Cu, anal, oral, vaginal
common_voice_pt_37818745|Tártaros, hunos, turcos, arcaizantes, apasíacas, corásmios, soguedianos
common_voice_pt_37818746|Arrombaram a virgem que estava embriagada
common_voice_pt_37818747|Jordão, litorânea, Israel, israelitas, israelenses
common_voice_pt_37818748|tíria, Hecateu, Mileto, Filo de Biblos
common_voice_pt_37818751|Hepatite, câncer de mama, artrite reumatoide
common_voice_pt_37818752|Ele gosta de machucar animais
common_voice_pt_37818753|Cananeus, gauleses, cretenses, etruscos, celtas
common_voice_pt_37818755|estreitos, cordilheiras, Hális, deltas, Cilícia, pavimentos, confinada
common_voice_pt_37818756|Ele usava um colete kevlar e placas blindadas soldadas
common_voice_pt_37818758|divindades, Adônis, Amon, Astarte, Baal Safon, Baal Shemen, El, Eshmun
common_voice_pt_37893080|Os seguranças estão bem armados, com coletes e capacetes balísticos
common_voice_pt_37893082|Trastuzumabe, sofosbuvir, adalimumabe, losartana potássica, dipirona
common_voice_pt_37907812|Ele tomou ayahuasca, surtou e virou esquizofrênico psicótico
common_voice_pt_38229256|A pandemia escancarou a irracionalidade do sistema capitalista
common_voice_pt_38229257|Queremos que todos tenham o mínimo: saúde, segurança, educação, moradia
common_voice_pt_38229259|A propriedade intelectual atrasa o desenvolvimento tecnológico
common_voice_pt_38229276|Desigualdade e miséria são inseparáveis, já que os recursos são finitos
common_voice_pt_38232412|tara liberado telemetria ressuprimento transbordo intermodal multimodal transportador remunerado unitização pedágio workflow
common_voice_pt_38232421|backdoor
common_voice_pt_38232422|rubídio, estrôncio, ítrio, zircônio, nióbio, molibdênio, tecnécio, rutênio, ródio, paládio, cádmio, índio
common_voice_pt_38232447|natureza alimentar
common_voice_pt_38232449|distribuidores de grãos, beneficiadores, leiteiro, vestuário, moveleira, algodão, linho, lã
common_voice_pt_38232469|os desembargadores dos Tribunais de Justiça, dos Tribunais Regionais Federais
common_voice_pt_38232470|práticas
common_voice_pt_38232471|locador
common_voice_pt_38232600|Marxismo-leninismo-maoísmo, a ideologia do Sendero Luminoso
common_voice_pt_38232601|Iniciativas de código aberto, como esse projeto, se aproximam do comunismo
common_voice_pt_38232602|A relativização da prostituição digital é uma estratégia do capitalismo
common_voice_pt_38232603|Dados desclassificados revelam que o cidadão soviético médio se alimentava melhor
common_voice_pt_38232606|O anarquismo foi importante, mas incapaz de libertar o povo definitivamente
common_voice_pt_38232607|A propriedade privada dos meios de produção não possui justificativa ética
common_voice_pt_38381200|Primeiro-Marinheiro, Segundo-Marinheiro, Primeiro-Grumete, Segundo-Grumete
common_voice_pt_38381201|Saudaram a legislatura dela pelo seu ávido enfrentamento
common_voice_pt_38381202|Uma andorinha sozinha n
common_voice_pt_38381203|Pimenta nos olhos dos outros
common_voice_pt_38381206|Deus escreve certo por linhas tortas.
common_voice_pt_38381209|Vou beber um copo de água.
common_voice_pt_38381210|Somali, húngaro, cazaque, zulu, crioulo haitiano, sueco, uigur, uigures
common_voice_pt_38381211|Mapeamento, empreendimentos, solidários, publicações recentes
common_voice_pt_38381213|H
common_voice_pt_38381214|Fomentarmos, esmagadora, desalentados, déficit, moradias, gigantesco, desarmaram, cederam
common_voice_pt_38381215|Uma m
common_voice_pt_38381216|Roupa suja se lava em casa.
common_voice_pt_38381217|Melhoramento gen
common_voice_pt_38381218|A manobra foi feita através da exaustão dos gaviões de guerra
common_voice_pt_38381221|Imposto sobre heranças, proventos, irredutibilidade salarial
common_voice_pt_38381223|Onde h
common_voice_pt_38381224|Condições de trabalho análogas à escravidão, condições penosas e insalubres, cultivar, lgbtfobia
common_voice_pt_38381226|Em terra de cego, quem tem um olho
common_voice_pt_38381227|O asceta retornou à sociedade e se decepcionou
common_voice_pt_38381228|As paredes do escritório são brancas.
common_voice_pt_38381229|Confira o que ajuda a criar uma Internet mais saudável.
common_voice_pt_38381230|N
common_voice_pt_38381232|O chão do banheiro está molhado.
common_voice_pt_38381233|Para bom entendedor, meia palavra basta.
common_voice_pt_38381234|Obuses do exército brasileiro e da marinha brasileira
common_voice_pt_38381236|Cadete, Soldado Fuzileiro, Taifeiro e cadetes do Colégio Naval
common_voice_pt_38381237|Quarta teoria política, politólogo, eurasiana, eurasiano
common_voice_pt_38381238|Para adicionar ou remover separadores, clique em definições da caixa de entrada.
common_voice_pt_38381239|Montagem da peça belga desmontável de montanha de cinco polegadas e meia
common_voice_pt_38381240|Sexta-feira é sempre um bom dia.
common_voice_pt_38381242|Tánais, Fanagoria, Aujo, hunos, helenistas, helenismo, semilendário
common_voice_pt_38381244|N
common_voice_pt_38381245|O que os olhos n
common_voice_pt_38381246|Hoje é segunda-feira.
common_voice_pt_38381247|Amistoso, atracagem, amistosa, iranianas, iranianos, atraca, aportamento
common_voice_pt_38381249|Filho de peixe, peixinho
common_voice_pt_38381250|Acendedor de cigarros foi removido
common_voice_pt_38381252|O livro é bom.
common_voice_pt_38381253|O pior cego
common_voice_pt_38381255|Deus ajuda quem cedo madruga.
common_voice_pt_38381257|Quem canta seus males espanta...
common_voice_pt_38381258|Aviões experimentais como bombardeiros descarregaram e descarregam o objeto descarregado
common_voice_pt_38381259|A criptomoeda e o real digital
common_voice_pt_38381260|Franjas, uniforme de gala, oficiais, franco-atiradores
common_voice_pt_38381262|Fernando Pessoa
common_voice_pt_38381266|Godot é motor de jogo de código aberto que permite desenvolvedores programarem jogos gratuitamente
common_voice_pt_38381271|Ou é normal ficar como "não processado"?
common_voice_pt_38381272|N
common_voice_pt_38381273|O separador Principal está vazio.
common_voice_pt_38381274|Quem n
common_voice_pt_38381276|Apassivamento e fragmentação, retrocessos, contraofensiva, seminários, debates, encontros
common_voice_pt_38381280|Saariana, saariano, terras austrais e antárticas
common_voice_pt_38381282|O barato sai caro
common_voice_pt_38381288|Confraternização, confraternizações
common_voice_pt_38381289|Ela é satanista, praticante do satanismo e da bruxaria
common_voice_pt_38381291|Casa de ferreiro, espeto de pau
common_voice_pt_38381299|Os planos de saúde possuíam cláusulas abusivas
common_voice_pt_38381300|Autopropulsada, transportada por meio de tratores
common_voice_pt_38381303|Patins dos gladiadores na era romana
common_voice_pt_38381305|De m
common_voice_pt_38381312|O seguro morreu de velho.
common_voice_pt_38381324|Diga-me com quem andas e lhe direi quem
common_voice_pt_38381327|Daria Dugina, Nova Resistência
common_voice_pt_38381328|Eu não escrevo em português. Escrevo eu mesmo.
common_voice_pt_38381329|O arquivo estava descompactado e compactado ao mesmo tempo
common_voice_pt_38381338|Mude o tom de voz
common_voice_pt_38381340|Mais vale um p
common_voice_pt_38381341|Cafézinho
common_voice_pt_38381344|Minha mãe está vestindo um casaco azul.
common_voice_pt_38381346|O cachorro corre.
common_voice_pt_38381348|Nem tudo o que reluz
common_voice_pt_38381349|Ele é satanista e idolatra Lucifer ou Satanás
common_voice_pt_38381383|Vaca amarela cagou na panela quem falar primeiro come toda bosta dela.
common_voice_pt_38492659|Fumador
common_voice_pt_38492660|União Europeia, Iacútia, Cazaquistão, Argentina, Gronelândia, Arábia Saudita
common_voice_pt_38492662|Meu filho vai tomar banho amanhã.
common_voice_pt_38492665|Tanso ou tcho
common_voice_pt_38492667|Deus é o Criador do Universo
common_voice_pt_38492668|Ela tá arriando, para de arriar!
common_voice_pt_38492675|Quenia, Centro-Africana, Ruanda, Senegal, Serra Leoa, Sudão, Tanzânia, Togo
common_voice_pt_38492686|Ele tem muitas curtidas e seguidores no TikTok
common_voice_pt_38492689|Se inscreva no canal, deixe seu joinha e compartilhe com os amigos
common_voice_pt_38492690|Quero um suco de laranja integral
common_voice_pt_38492692|francisco, o francês, comeu pão francês na frança
common_voice_pt_38492693|Venda de blindados, artilharia, munições antitanques e drones
common_voice_pt_38492694|Tome cuidado.
common_voice_pt_38492696|Hoje de manhã apanhei a carreira para ir trabalhar.
common_voice_pt_38492697|Faz o pix e depois faz o L
common_voice_pt_38492700|Oitocentos, novecentos, mil, um milhão
common_voice_pt_38492704|dicionarizadas, vocabulário, dicionário, dicionários, arcaicas, léxica, sinônimos, acepções, antônimos
common_voice_pt_38492706|Tu diz?
common_voice_pt_38492709|Barbaridade
common_voice_pt_38492710|Preocupariam o Sul Global na biodança da constelação familiar
common_voice_pt_38492711|Teste testando
common_voice_pt_38492712|Caça, caça-bombardeiro, noturno, convertiplano, sustentante, dirigível
common_voice_pt_38492718|Quando vogal S está no meio de consoantes, não tem som de Z
common_voice_pt_38492719|O designador laser turco e a designação do radar de contrabateria de autodefesa
common_voice_pt_38492720|A declaração pré-preenchida é desproporcional e causou novos desdobramentos
common_voice_pt_38492721|Promoções e descontos
common_voice_pt_38492722|Infantaria mecanizada fez uma trincheira no cerco de Belém
common_voice_pt_38492727|Vou pousar lá
common_voice_pt_38492728|Boca-mole
common_voice_pt_38492729|Pingo é o cavalo jovial
common_voice_pt_38492731|Espalhem o site do projeto commonvoice pela internet e para conhecidos
common_voice_pt_38492734|Galícia-Volínia, cumanos, Horda Dourada, pilhou, principados, Cumânia
common_voice_pt_38492736|caipira, baiano, fluminense, gaúcho, mineiro, nordestino, nortista, paulistano, sertanejo
common_voice_pt_38492739|latim vulgar, proto-galego-português, Idade Média, séculos, século, amadurecida
common_voice_pt_38492741|Ainda bem que no dia seguinte não tinha de madrugar!
common_voice_pt_38492742|Sino-tibetano, indo-ariana, indo-europeia, afro-asiática, austronésia, japônica
common_voice_pt_38492744|O curandeiro vendeu homeopatia sabendo que não funcionava
common_voice_pt_38492747|Telegram, Orkut, TikTok, Instagram
common_voice_pt_38492749|minha barriga está fazendo um estrondo
common_voice_pt_38492750|Reconhecimento de fala ou de voz do navegador!
common_voice_pt_38492752|Cozinhei massa à bolonhesa para o jantar de hoje.
common_voice_pt_38492753|Ela sacrificou um bode no altar e fez as preces sacerdotais
common_voice_pt_38492756|escuta o mundo que te cerca
common_voice_pt_38492757|Materiais condutores têm menor resistência que isoladores.
common_voice_pt_38492758|Políticas de privacidade e os termos de serviços
common_voice_pt_38492759|dez, vinte, trinta, quarenta, cinquenta, sessenta, setenta, oitenta, noventa, cem.
common_voice_pt_38492761|Sinto que estou prestes a ter um ataque cardíaco
common_voice_pt_38492762|Eu gosto da sua camisa vermelha.
common_voice_pt_38492764|Vendeu capacetes, coletes balísticos e outros acessórios de combate
common_voice_pt_38492768|Guerras imperialistas, neonazismo, construíram, reconstruíram, combatividade, pagamento
common_voice_pt_38492771|Massacre da serra elétrica
common_voice_pt_38492772|O azoto faz parte dos aminoácidos das proteínas.
common_voice_pt_38492774|Veremos o show dele hoje à noite e iremos embora pela manhã.
common_voice_pt_38492775|Nenhum cientista pensa com fórmulas.
common_voice_pt_38492778|essa criatura tomou água de chocalho
common_voice_pt_38492784|Armênia, Albânia, Burundi, Haiti, Macedônia, Belize, El Salvador, Gales, Eslovênia, Kuwait
common_voice_pt_38492787|Quando a esmola
common_voice_pt_38492790|Os seminários e atividades foram sancionadas, oriundas da acompanhante
common_voice_pt_38492791|Disse que me oferecia um pastel de nata ou croissant amanhã para me agradecer.
common_voice_pt_38492802|Intelecção, alter ego, dissipam-se, descortinando-se
common_voice_pt_38492803|Você deve descompactar e compactar o arquivo baixado
common_voice_pt_38492805|comissária de bordo, comissário, controlo aéreo, copiloto
common_voice_pt_38492806|Coreia do Sul, Hungria, Portugal, Guiana Francesa, Jordânia, Sérvia, Azerbaijão, Áustria
common_voice_pt_38492807|Todas as coisas foram criadas através de Cristo
common_voice_pt_38492809|Olá, tudo bem?
common_voice_pt_38492816|Seu boca aberta!
common_voice_pt_38492818|Use o comando para afiar a espada ou a machadinha
common_voice_pt_38492821|O anencéfalo e a anencéfala eram portadores da anencefalia
common_voice_pt_38492822|Muitos fóruns de jogos
common_voice_pt_38492824|Sargento-Mor, Ordenanças, Capitão-Mor, Alferes, Grumete, Furriel, Anspeçada
common_voice_pt_38492826|Podcast de maconheiros
common_voice_pt_38492827|A minha filha usa fraldas descartáveis à noite.
common_voice_pt_38492829|Microfonia crônica
common_voice_pt_38492830|Balaqueiro, ou melhor, papo-furado
common_voice_pt_38492836|A aspiração intrauterina foi considerada autopunitiva e autopunitivo
common_voice_pt_38492837|Cupido maldito
common_voice_pt_38492838|Viveiro dos jardins suspensos da Babilônia
common_voice_pt_38492840|É preciso imaginar Sísifo feliz
common_voice_pt_38492842|Aguarda sanção ou veto, mas um humanoide se absteve
common_voice_pt_38492843|aerostação, aeróstato, antecipado, aproximado, ás da aviação
common_voice_pt_38492845|oi tudo bem boa tarde bom dia estou bem obrigado
common_voice_pt_38492846|latino, latina, São Tomé e Príncipe, Macau, Goa, Baticaloa
common_voice_pt_38492853|Ô guri, vai atrás da guria
common_voice_pt_38492854|México, Indonésia, Irã, Mongólia, Alaska, Peru, Chade, Níger, Colômbia, Etiópia
common_voice_pt_38492855|Turbofan, armamento, kamikazes
common_voice_pt_38492856|O azoto é o elemento químico representado pela letra N.
common_voice_pt_38492857|ortográfica, subfalares, subdialetos, falares, ortografias, ortográfico, idiomas
common_voice_pt_38492858|Quando cheguei à paragem, veio logo um autocarro da Carris apinhado de gente.
common_voice_pt_38492859|A presidente de Portugal, a embaixadora e a embaixatriz.
common_voice_pt_38492860|A endividada e o endividado queriam mudar sua situação de endividamento
common_voice_pt_38492861|Ele faz rituais pagãos em homenagem a deuses ancestrais
common_voice_pt_38492862|Agulha do injetor e o ativador da dobradiça
common_voice_pt_38492863|Boia fria
common_voice_pt_38492867|Chegámos a Cascais, desembarquei e apanhei um autocarro até à praia de Carcavelos.
common_voice_pt_38492868|Mecanizado, razão áurea, circulares, recorrência
common_voice_pt_38492869|O cronograma foi desestimulado pelo ex-diretor
common_voice_pt_38492871|Fui logo fazer um cafézinho. Adoro começar o dia com uma bica bem forte.
common_voice_pt_38492872|Favelado
common_voice_pt_38492873|Uivar ao luar
common_voice_pt_38492875|Dinamarca, Países Baixos, Holanda, Suíça, Moldávia, Bélgica, Lesoto
common_voice_pt_38492878|Favelada
common_voice_pt_38492879|peças automotivas, comerciários, públicos, Elna, Pissinini
common_voice_pt_38492881|O adaptador dianteiro e a alavanca de impulsos
common_voice_pt_38492882|Mas bah tchê, trilegal
common_voice_pt_38492883|Foi bom enquanto durou, meu amor
common_voice_pt_38492884|Jogar no bot
common_voice_pt_38492885|Quero cinco paçocas
common_voice_pt_38492890|Meu pai é seu professor.
common_voice_pt_38492891|Abastecimento de granadas, radares, bússolas e geoposicionamento por satélite
common_voice_pt_38492892|Ele é guapo
common_voice_pt_38492894|Vou dar uma banda
common_voice_pt_38492895|Kulikovo, Ivã, Grão-Duque, Sofia Paleóloga, águia bicéfala
common_voice_pt_38492897|Afie a clava
common_voice_pt_38492898|galaico-português, Bética, flexiva, Reconquista, ilha das Flores, Lácio, soneto, pluralismo
common_voice_pt_38492899|Ela cumpriu as exigências e requisitos para o sacerdócio
common_voice_pt_38492900|O plenário estava discutindo sobre a sedação e sedativos
common_voice_pt_38492902|Brava e reclamona
common_voice_pt_38492903|Desconcertaram, elo perdido, sino-russa, mundo multipolar ou unipolar
common_voice_pt_38492904|O chefe começou a dar uma grande seca. Felizmente tinha um pacote de rebuçados.
common_voice_pt_38492907|O árgon ou argão é um gás inerte.
common_voice_pt_38492911|Jesus Cristo, Maria, José
common_voice_pt_38492914|Protobúlgaros, ávaros, Cáspio, Susdália, Murom, Polócia
common_voice_pt_38492915|Ai, eu gosto muito
common_voice_pt_38492916|bem-vindos, bem-vindas e bem-vindes
common_voice_pt_38492917|Grão-Canato, cristianização, Báltico, escandinava, escandinavo, Escandinávia
common_voice_pt_38492918|Quero um abará com salada e um pouquinho de pimenta
common_voice_pt_38492921|Daria Dugina, Dugin, Nova Resistência
common_voice_pt_38492922|Vou lagartear um pouco
common_voice_pt_38492925|Vietnamita, hauçá, persa iraniano, árabe, suaíli, javanês, italiano, punjabi, guzerate, tailandês
common_voice_pt_38492926|Terceiro-Sargento, Cabo, Marinheiro, Soldado
common_voice_pt_38492927|provençal, neerlandês, hebraico, persa, quíchua, celtibera
common_voice_pt_38492928|mil, milhão, bilhão, trilhão.
common_voice_pt_38492929|Taipa, mongolão ou sonsa
common_voice_pt_38492930|Os jovens de hoje em dia são uns malandros.
common_voice_pt_38492931|Teorema, fluidos, traduzi-lo, simétrica, simetria
common_voice_pt_38492932|Oi, meu chapa
common_voice_pt_38492933|Semestral ou bimestral? Matutino ou vespertino?
common_voice_pt_38492934|seiscentos, setecentos, oitocentos, novecentos, mil.
common_voice_pt_38492936|Aumente o som em vinte e cinco porcento.
common_voice_pt_38492937|A reunião preparatória das deputadas autodeclaradas transexuais e avanços da representatividade
common_voice_pt_38492938|João Carvalho é maconheiro
common_voice_pt_38492939|Oi bê, me empresta um dinheiro pra pagar o Uber?
common_voice_pt_38492940|suevos, visigodos, Hispânia romana, Península Ibérica, moura, mouro, árabe
common_voice_pt_38492942|Quero uma média
common_voice_pt_38492944|Ossos do ofício
common_voice_pt_38492948|Guiado, computacionais, controladores lógicos programáveis, especificações, descrição
common_voice_pt_38492950|Só me apetecia comer o jantar e deitar-me no sofá a ver televisão.
common_voice_pt_38492951|Artilharia anticarro e de saturação de área super-pesada
common_voice_pt_38492952|Ginete é o cavaleiro que monta com destreza e elegância
common_voice_pt_38492954|caieiras
common_voice_pt_38492965|Ocupação, ocupações, ocupada, ocupadas, formais, informais, beneficiários
common_voice_pt_38492967|Tá uma canseira
common_voice_pt_38492969|Quero café
common_voice_pt_38492970|O comunismo
common_voice_pt_38492971|No bico ou de bico
common_voice_pt_38492973|Taifero-mor, aprendiz-marinheiro, fuzileiro, fuzileiros, carta-patente
common_voice_pt_38492975|Mas tu é abagualado, hein?
common_voice_pt_38492977|Bom, por enquanto está tudo tranquilo, nada de novo no front.
common_voice_pt_38492978|A conscrição é o serviço militar obrigatório do militarismo
common_voice_pt_38492980|O freio da sela foi acionado
common_voice_pt_38492981|Montei a trampa, vamos ver se um idiota cai nela
common_voice_pt_38492983|Guapeica, ou melhor, vira-latas
common_voice_pt_38492984|São considerados prioritários e prioritárias as reuniões e debates
common_voice_pt_38492985|A oficina da Politeia
common_voice_pt_38492986|Belonaves, torpedeiro, birreme, brulote, chata, corveta
common_voice_pt_38492989|A conversão de texto em voz e voz em texto está engatinhando ainda
common_voice_pt_38492992|Artilharia de baste ou a dorso
common_voice_pt_38492993|Bandeja de emojis, cada emoji representa uma emoção ou ação
common_voice_pt_38492994|Dirigíveis, ecranoplano, hexamotor, hidroavião
common_voice_pt_38492996|Devagar se chega ao longe.
common_voice_pt_38492998|Desta vez o elétrico vinha cheio até às tampas.
common_voice_pt_38492999|Afiar o cutelo
common_voice_pt_38493000|Resistências em série somam os seus valores de resistência.
common_voice_pt_38493001|Viquingues suecos, varegues, Rus
common_voice_pt_38493002|Quero um acarajé sem camarão
common_voice_pt_38493004|Esse matungo tá todo ferrado, coitado
common_voice_pt_38493005|Crioulo, oradora, nativa, nativo, monotongos, fonologia, vogais, consoantes
common_voice_pt_38493008|Astronáutica, furtivo, furtiva, biplano, planadora, planador
common_voice_pt_38493009|Cópia arquivada, consultado, consultada, arquivado
common_voice_pt_38493010|túrdulos, conios, celtas, iberos, galaicos, lusitanos, célticos
common_voice_pt_38493011|Quero um misto
common_voice_pt_38493013|Tirar tatu ou meleca é nojento
common_voice_pt_38493014|primeiro, segundo, terceiro, quarto, quinto, sexto, sétimo, oitavo, nono, décimo, centésimo, milésimo.
common_voice_pt_38493016|patronais, lograram, nocivos, benefícios, domicílio, parâmetro, recomposição salarial
common_voice_pt_38493019|Pleonasmo, derivadas, diferenciais, obscurecimento
common_voice_pt_38493021|Chinelear é errado, não me chineleia!
common_voice_pt_38493022|primazias, acrobacia, aeródino, aerofotografia, aeromodelismo
common_voice_pt_38493023|Bom dia minha pretinha, para onde vamos sair hoje?
common_voice_pt_38493025|Tô em cima do laço
common_voice_pt_38493027|Faixas asfaltadas
common_voice_pt_38493029|Servi uma boa dose de feijoada num prato, com arroz branco e couve portuguesa.
common_voice_pt_38493031|O exorcizado era apenas um esquizofrênico
common_voice_pt_38493032|você deve alterar as frequências no equalizador
common_voice_pt_38493036|Não tenho palavras para descrever o amor que sinto por você
common_voice_pt_38493037|De acordo com as últimas notícias, o Telegram está superando o WhatsApp
common_voice_pt_38493038|os embargos são um crime contra a humanidade
common_voice_pt_38493041|Comprei um pacote de papel higiénico no supermercado.
common_voice_pt_38493042|Gastos líquidos e ilíquidos
common_voice_pt_38493179|A alavanca de ajustagem alterou o adorno da cremalheira
common_voice_pt_38493180|Infográfico, previdenciária, desgoverno, coincidiu, revés, extorsivos
common_voice_pt_38493181|Dominó de osso
common_voice_pt_38493185|Equipamentos ópticos, binóculos, telémetros ópticos
common_voice_pt_38493187|Ah, tá bom
common_voice_pt_38493191|És um monstro
common_voice_pt_38493192|Vigilância em massa e reconhecimento de identidade
common_voice_pt_38493198|O hidrogénio é o elemento mais simples e abundante no universo.
common_voice_pt_38493199|Etnopluralista, gaullistas
common_voice_pt_38493201|Polaco-lituana, Moscóvia, mongóis-tártaras, incursões, Demétrio, Tuéria
common_voice_pt_38493204|sulista, florianopolitano, carioca, brasiliense, recifense
common_voice_pt_38493205|Tome cobertura e reaja contra o inimigo
common_voice_pt_38493206|Centralismo democrático, burocracia, burocrático, burocrática
common_voice_pt_38493207|Eu acho essa bebê muito linda!
common_voice_pt_38493208|Meu nome é Eduardo.
common_voice_pt_38493210|Pinhão de pinheiros
common_voice_pt_38493212|Mega fazenda
common_voice_pt_38493216|Mísseis balísticos hipersônicos da artilharia autopropulsada
common_voice_pt_38493219|Ela sentiu remorso, ficou com choro desmotivado e transtorno alimentar
common_voice_pt_38493220|Hidrovia da ponte e binacionalização do ancorado
common_voice_pt_38493221|Vianda é a marmita de comida
common_voice_pt_38493222|Os remédios homeopáticos são pseudociência: não funcionam
common_voice_pt_38493223|Remessas ao exterior beneficia as operadoras e cruzeiros marítimos
common_voice_pt_38493226|lusófono, lusófona, lusofonia, duplas grafias, fonético, vernáculas, formais, informais
common_voice_pt_38493227|Embarcada, embarcado ou de bordo ou a bordo de embarcações
common_voice_pt_38493228|Neopaganismo, paganismo, hermetismo, herméticas, gnósticas, integralismo
common_voice_pt_38493229|Um vagão ferroviário com artilharia antiaérea e antiaéreo
common_voice_pt_38493230|Prende o grito e pega o hidratante, oras
common_voice_pt_38493232|Finlândia, Vietnam, Malásia, Polônia, Omã, Itália, Filipinas, Equador, Burquina Fasso
common_voice_pt_38493233|Croácia, Bósnia e Herzegovina, Costa Rica, Eslováquia, República Dominicana, Butão, Estônia
common_voice_pt_38493234|O gigante acordou
common_voice_pt_38493239|Dezoito, dezenove, vinte
common_voice_pt_38493240|Cebuano, servo-croata, malgaxe, nepalês, cingalês, turcomano, assamês, madurês
common_voice_pt_38493241|Xeque mate ateus
common_voice_pt_38493245|Bósforo, Cazares, Cítia, Kurgan, estepes, nômades
common_voice_pt_38493247|velocidade subsônica e supersônica, voo orbital e suborbital
common_voice_pt_38493248|Paridade de preços internacionais, refinarias, Eletrobrás
common_voice_pt_38493251|Palato-alveolar, palatal, velar, uvular, glotal, ditongos, alofones, apofonia, semifechadas
common_voice_pt_38493254|ex-oficial e exigência de vistos
common_voice_pt_38493256|tubos de ensaio, provetas, buretas, pipetas, espátulas, vidros de relógio
common_voice_pt_38493257|Tá te zuando pô
common_voice_pt_38493260|patuá macaense, cupópia, Cafundó, talian
common_voice_pt_38493264|Conduto
common_voice_pt_38493266|Superporta-aviões, porta-aviões, trirreme, xaveco, náutica
common_voice_pt_38493267|Caieiras
common_voice_pt_38493268|Eu preciso de ajuda.
common_voice_pt_38493270|O homem
common_voice_pt_38493272|Joias sauditas visa abafar os estojos do blindado em razão do embargo
common_voice_pt_38493274|Usou drones caseiros com bombas caseiras
common_voice_pt_38493278|Matasse a pau
common_voice_pt_38493280|Cruzador protegido, galé, galeaça, lancha de desembarque
common_voice_pt_38493281|moçarábe, galego-português, lírica
common_voice_pt_38493283|A repactuação do rompimento do Fundão e da Suframa
common_voice_pt_38493284|Mova o cursor para a esquerda
common_voice_pt_38493287|O objetivo era minar a Índia
common_voice_pt_38493290|Batatinha quando nasce espalhar a rama pelo chao
common_voice_pt_38493292|bielorrusso, itálica, românica, ítalo-ocidental, galo-ibérica, ibero-românica, galaico-portuguesa
common_voice_pt_38493293|O quiosque tava mofado
common_voice_pt_38493294|balonismo, polar, hangar, helimodelismo, aeroespacial
common_voice_pt_38493295|bom dia chat
common_voice_pt_38493296|Fatiota
common_voice_pt_38493298|Se arriar, tô me arriando
common_voice_pt_38493300|Tramposo é a pessoa traiçoeira
common_voice_pt_38493301|As concessionárias foram multadas e os concedentes foram multados
common_voice_pt_38493303|Dois mil e um, dois mil e dois
common_voice_pt_38493304|Cúmplices, exemplarmente, golpistas, torturaram, assassinaram, implemente, Comissão Nacional da Verdade
common_voice_pt_38493306|Vou dar um laço nele
common_voice_pt_38493308|Jabuticaba, caroço, rastreamento, todos os direitos reservados
common_voice_pt_38493311|Pega a bergamota ali
common_voice_pt_38493313|Pão de queijo
common_voice_pt_38493317|Queria muito combinar um encontro contigo.
common_voice_pt_38493318|Barcas, enraizarmos, setores, programático, frontalmente, reivindicações, referiam
common_voice_pt_38493319|decolagem, heliponto, heliporto, hidrobase, navegante, pouso, decolagem, luzes de aproximação
common_voice_pt_38493320|nos ajude assinando o grupo secreto
common_voice_pt_38493321|Vamos nadar no sábado.
common_voice_pt_38495098|Aquela é uma desmiolada, não se concentra em nada.
common_voice_pt_38495104|Massinha de modelar
common_voice_pt_38495106|Ela tentou dissuadir ele a comprar o automóvel.
common_voice_pt_38495108|O empilhador atravessou a passadeira e esperou pelo peão.
common_voice_pt_38495110|Totolec, loteria dos sonhos
common_voice_pt_38495111|Infelizmente, agora só me restam lágrimas
common_voice_pt_38495112|Torpedeiro, trijato, trimotor, triplano, ultraleve, evacuação, evacuado, evacuada
common_voice_pt_38495113|Relega, harmônica, recíprocos, fatoração, polinômio
common_voice_pt_38495114|tático, tática, táxi, voo a vela, voo de talude, voo transatlântico
common_voice_pt_38495115|norma-padrão, dialeto, dialetos, sotaques, jargões, jargão, sotaque
common_voice_pt_38495116|Nascituro deu a luz a outro e foi impedido de abortar, plateia fica apreensiva
common_voice_pt_38495117|indicativo, subjuntivo, imperativo, perifrásticos, coloquial, coloquiais
common_voice_pt_38495118|Deck de cartas ou cards
common_voice_pt_38495120|Dois milhões, um bilhão, dois bilhões, um trilhão
common_voice_pt_38495127|Acho que quinta-feira é um bom dia.
common_voice_pt_38495131|As esferas nacionais, federais, regionais, estaduais, municipais e locais
common_voice_pt_38495133|Zeitgeist, pan-eslavismo, bolchevismo, estatismo
common_voice_pt_38495136|N
common_voice_pt_38495138|Sumamente, transcendentes, íbis, rememoração, derivadas, diferencial
common_voice_pt_38495139|Andorra, Barbados, Granadinas, Tristão, Granada, Malta, Maldivas, Caimã, Bermudas
common_voice_pt_38495140|Anuncie nas redes sociais
common_voice_pt_38495141|A reclamada e o reclamado reclamaram do recesso
common_voice_pt_38495142|O místico era praticante do misticismo e ascetismo
common_voice_pt_38495145|Certíssimo, sabia que poderia confiar em você
common_voice_pt_38495147|Primeiro-Tenente, Segundo-Tenente, Guarda-Marinha, Suboficial, Primeiro-Sargento, Segundo-Sargento
common_voice_pt_38495149|Tripulação, passageiros, bombas, soldados, foguetes, mísseis, tipo, missão
common_voice_pt_38495150|Mandrião
common_voice_pt_38495152|O magrão tá por lá
common_voice_pt_38495154|Quero um misto quente
common_voice_pt_38495155|Indiada
common_voice_pt_38495156|Coleguinhas
common_voice_pt_38495157|Tá rolando um entrevero pra lá onde Judas perdeu as botas
common_voice_pt_38495158|Interceptador, monoplano, monoplanador, octomotor, quadrimotor, termojato
common_voice_pt_38495159|A geladeira fica na cozinha.
common_voice_pt_38495161|Mova o cabeçote para a direita
common_voice_pt_38495162|Legaliza a ganja, Xandão
common_voice_pt_38495163|Subtenente, Aspirante, Capitão, aspira, Major, Tenente-Coronel
common_voice_pt_38495164|Pega no meu cacetinho aqui
common_voice_pt_38495166|A sessão deliberativa semipresencial foi encerrada com discursos parlamentares
common_voice_pt_38495168|Travado ou destravado?
common_voice_pt_38495169|Quem canta seus males espanta.
common_voice_pt_38495170|Pedro Augusto
common_voice_pt_38495172|Dois mil e dez, dois mil e onze
common_voice_pt_38495173|Deixe um legado, doe sua voz
common_voice_pt_38495176|É assim que faz ou nada a ver?
common_voice_pt_38495177|Desligue o ventilador
common_voice_pt_38495178|Navio-patrulha, navios, porta-helicóptero, quelândio
common_voice_pt_38495182|Bora no fandango
common_voice_pt_38495186|Saudades de você, meu tomatinho
common_voice_pt_38495191|Almirante da Armada, Comodoro, Primeiro-Subsargento, Segundo-Subsargento, Instruendo
common_voice_pt_38495199|Dois trilhões
common_voice_pt_38495201|Oceano Índico, Pacífico e Atlântico
common_voice_pt_38495204|Gringaiada é foda, são os gringos
common_voice_pt_38495206|Sanções ocidentais causam fome em países periféricos e subdesenvolvidos
common_voice_pt_38495208|Desembocaram, greve geral, seguridade social, patronato, apropriando-se, enfrentamento, convidando-os
common_voice_pt_38495210|A caneca partiu e derramou o conteúdo.
common_voice_pt_38495211|Escrever ou apagar as luzes
common_voice_pt_38495212|A guerra de trincheiras foi uma ciberguerra santa não convencional
common_voice_pt_38495213|Esta camisola de lã deixa-me tão quentinho no inverno.
common_voice_pt_38495215|Conferências e declarações
common_voice_pt_38495217|modificativo, ratificado, ordenamentos, coexistiram, vigorar obrigatoriamente
common_voice_pt_38495218|Médias, pequenas, grandes, mínimas, máximas, medianas
common_voice_pt_38495219|Juiz Final Jaqueline
common_voice_pt_38495220|Os remadores do junco chinês atacaram os viquingues nas Guerras Púnicas
common_voice_pt_38495232|Foi um vareio
common_voice_pt_38495233|Perenialista, perenialismo, multipolar, multipolaridade, nova ordem mundial
common_voice_pt_38495236|Isso é chinelagem...
common_voice_pt_38495238|Tem que chavear, chaveia logo
common_voice_pt_38495239|O cantor brasileiro Chico Buarque é autor do ilustre álbum “Construção”.
common_voice_pt_38495240|Os brigadianos prenderam outro brigadiano
common_voice_pt_38495241|Tri legal
common_voice_pt_38495242|O acoplamento da braçadeira de mangueira pelo acumulador
common_voice_pt_38495243|Tô muito atucanado ultimamente
common_voice_pt_38495244|Facada, frenética, frenético
common_voice_pt_38495249|Comi um pacote inteiro de bolachas durante a tarde.
common_voice_pt_38495250|Condensadores em paralelo aumentam a capacitância total.
common_voice_pt_38495251|Está céu limpo, o que é bom. Ontem choveu a potes o dia inteiro.
common_voice_pt_38495254|Foi promulgada e logo em seguida derrubada
common_voice_pt_38495257|O islã ou islão é a religião dos muçulmanos
common_voice_pt_38495259|Etnosociologia, identitarismo, identitário, ethos, platonismo
common_voice_pt_38495260|Czarado, Cazã, Astracã, transcontinental, Livônia, crimeanos
common_voice_pt_38495261|Timor-Leste, Bahamas, Montenegro, Ilhas Malvinas, Catar, Jamaica, Kosovo
common_voice_pt_38495262|Captação de eletrodos
common_voice_pt_38495264|Pechenegues, quipchacos, turcas, turcos, ruríquida, Principado
common_voice_pt_38495267|Acionamento de pistão automatizado
common_voice_pt_38495269|o andróide falou sobre o futuro da humanidade
common_voice_pt_38495270|macaenses, língua franca, moçárabe-lusitano
common_voice_pt_38506061|primeira, segunda, terceira, quarta, quinta, sexta, sétima, oitava, nona, décima, centésima, milésima.
